Trafikkregistreringspunkt;Navn;Vegreferanse;Fra;Til;Dato;Fra tidspunkt;Til tidspunkt;Felt;Trafikkmengde;Dekningsgrad (%);Antall timer total;Antall timer inkludert;Antall timer ugyldig;Ikke gyldig lengde;Lengdekvalitetsgrad (%);< 5,6m;>= 5,6m;5,6m - 7,6m;7,6m - 12,5m;12,5m - 16,0m;>= 16,0m;16,0m - 24,0m;>= 24,0m
99274B3204701;Sykkelstamvegen Forus nord;EV39 S1000D65 m24;2026-08-01T00:00+02:00;2026-08-01T01:00+02:00;2026-08-01;00:00;01:00;1;0;100,0;1;1;0;0;100,00;-;-;-;-;-;-;-;-
99274B3204701;Sykkelstamvegen Forus nord;EV39 S1000D65 m24;2026-08-01T00:00+02:00;2026-08-01T01:00+02:00;2026-08-01;00:00;01:00;2;1;100,0;1;1;0;1;0,00;-;-;-;-;-;-;-;-
99274B3204701;Sykkelstamvegen Forus nord;EV39 S1000D65 m24;2026-08-01T00:00+02:00;2026-08-01T01:00+02:00;2026-08-01;00:00;01:00;Totalt i retning Sandnes;0;100,0;1;1;0;0;100,00;-;-;-;-;-;-;-;-
99274B3204701;Sykkelstamvegen Forus nord;EV39 S1000D65 m24;2026-08-01T00:00+02:00;2026-08-01T01:00+02:00;2026-08-01;00:00;01:00;Totalt i retning Stavanger;1;100,0;1;1;0;1;0,00;-;-;-;-;-;-;-;-
99274B3204701;Sykkelstamvegen Forus nord;EV39 S1000D65 m24;2026-08-01T00:00+02:00;2026-08-01T01:00+02:00;2026-08-01;00:00;01:00;Totalt;1;100,0;1;1;0;1;0,00;-;-;-;-;-;-;-;-
99274B3204701;Sykkelstamvegen Forus nord;EV39 S1000D65 m24;2026-08-01T01:00+02:00;2026-08-01T02:00+02:00;2026-08-01;01:00;02:00;1;0;100,0;1;1;0;0;100,00;-;-;-;-;-;-;-;-
99274B3204701;Sykkelstamvegen Forus nord;EV39 S1000D65 m24;2026-08-01T01:00+02:00;2026-08-01T02:00+02:00;2026-08-01;01:00;02:00;2;1;100,0;1;1;0;1;0,00;-;-;-;-;-;-;-;-
99274B3204701;Sykkelstamvegen Forus nord;EV39 S1000D65 m24;2026-08-01T01:00+02:00;2026-08-01T02:00+02:00;2026-08-01;01:00;02:00;Totalt i retning Sandnes;0;100,0;1;1;0;0;100,00;-;-;-;-;-;-;-;-
99274B3204701;Sykkelstamvegen Forus nord;EV39 S1000D65 m24;2026-08-01T01:00+02:00;2026-08-01T02:00+02:00;2026-08-01;01:00;02:00;Totalt i retning Stavanger;1;100,0;1;1;0;1;0,00;-;-;-;-;-;-;-;-
99274B3204701;Sykkelstamvegen Forus nord;EV39 S1000D65 m24;2026-08-01T01:00+02:00;2026-08-01T02:00+02:00;2026-08-01;01:00;02:00;Totalt;1;100,0;1;1;0;1;0,00;-;-;-;-;-;-;-;-
99274B3204701;Sykkelstamvegen Forus nord;EV39 S1000D65 m24;2026-08-01T02:00+02:00;2026-08-01T03:00+02:00;2026-08-01;02:00;03:00;1;0;100,0;1;1;0;0;100,00;-;-;-;-;-;-;-;-
99274B3204701;Sykkelstamvegen Forus nord;EV39 S1000D65 m24;2026-08-01T02:00+02:00;2026-08-01T03:00+02:00;2026-08-01;02:00;03:00;2;0;100,0;1;1;0;0;100,00;-;-;-;-;-;-;-;-
99274B3204701;Sykkelstamvegen Forus nord;EV39 S1000D65 m24;2026-08-01T02:00+02:00;2026-08-01T03:00+02:00;2026-08-01;02:00;03:00;Totalt i retning Sandnes;0;100,0;1;1;0;0;100,00;-;-;-;-;-;-;-;-
99274B3204701;Sykkelstamvegen Forus nord;EV39 S1000D65 m24;2026-08-01T02:00+02:00;2026-08-01T03:00+02:00;2026-08-01;02:00;03:00;Totalt i retning Stavanger;0;100,0;1;1;0;0;100,00;-;-;-;-;-;-;-;-
99274B3204701;Sykkelstamvegen Forus nord;EV39 S1000D65 m24;2026-08-01T02:00+02:00;2026-08-01T03:00+02:00;2026-08-01;02:00;03:00;Totalt;0;100,0;1;1;0;0;100,00;-;-;-;-;-;-;-;-
99274B3204701;Sykkelstamvegen Forus nord;EV39 S1000D65 m24;2026-08-01T03:00+02:00;2026-08-01T04:00+02:00;2026-08-01;03:00;04:00;1;0;100,0;1;1;0;0;100,00;-;-;-;-;-;-;-;-
99274B3204701;Sykkelstamvegen Forus nord;EV39 S1000D65 m24;2026-08-01T03:00+02:00;2026-08-01T04:00+02:00;2026-08-01;03:00;04:00;2;2;100,0;1;1;0;2;0,00;-;-;-;-;-;-;-;-
99274B3204701;Sykkelstamvegen Forus nord;EV39 S1000D65 m24;2026-08-01T03:00+02:00;2026-08-01T04:00+02:00;2026-08-01;03:00;04:00;Totalt i retning Sandnes;0;100,0;1;1;0;0;100,00;-;-;-;-;-;-;-;-
99274B3204701;Sykkelstamvegen Forus nord;EV39 S1000D65 m24;2026-08-01T03:00+02:00;2026-08-01T04:00+02:00;2026-08-01;03:00;04:00;Totalt i retning Stavanger;2;100,0;1;1;0;2;0,00;-;-;-;-;-;-;-;-
99274B3204701;Sykkelstamvegen Forus nord;EV39 S1000D65 m24;2026-08-01T03:00+02:00;2026-08-01T04:00+02:00;2026-08-01;03:00;04:00;Totalt;2;100,0;1;1;0;2;0,00;-;-;-;-;-;-;-;-
99274B3204701;Sykkelstamvegen Forus nord;EV39 S1000D65 m24;2026-08-01T04:00+02:00;2026-08-01T05:00+02:00;2026-08-01;04:00;05:00;1;0;100,0;1;1;0;0;100,00;-;-;-;-;-;-;-;-
99274B3204701;Sykkelstamvegen Forus nord;EV39 S1000D65 m24;2026-08-01T04:00+02:00;2026-08-01T05:00+02:00;2026-08-01;04:00;05:00;2;0;100,0;1;1;0;0;100,00;-;-;-;-;-;-;-;-
99274B3204701;Sykkelstamvegen Forus nord;EV39 S1000D65 m24;2026-08-01T04:00+02:00;2026-08-01T05:00+02:00;2026-08-01;04:00;05:00;Totalt i retning Sandnes;0;100,0;1;1;0;0;100,00;-;-;-;-;-;-;-;-
99274B3204701;Sykkelstamvegen Forus nord;EV39 S1000D65 m24;2026-08-01T04:00+02:00;2026-08-01T05:00+02:00;2026-08-01;04:00;05:00;Totalt i retning Stavanger;0;100,0;1;1;0;0;100,00;-;-;-;-;-;-;-;-
99274B3204701;Sykkelstamvegen Forus nord;EV39 S1000D65 m24;2026-08-01T04:00+02:00;2026-08-01T05:00+02:00;2026-08-01;04:00;05:00;Totalt;0;100,0;1;1;0;0;100,00;-;-;-;-;-;-;-;-
99274B3204701;Sykkelstamvegen Forus nord;EV39 S1000D65 m24;2026-08-01T05:00+02:00;2026-08-01T06:00+02:00;2026-08-01;05:00;06:00;1;1;100,0;1;1;0;1;0,00;-;-;-;-;-;-;-;-
99274B3204701;Sykkelstamvegen Forus nord;EV39 S1000D65 m24;2026-08-01T05:00+02:00;2026-08-01T06:00+02:00;2026-08-01;05:00;06:00;2;0;100,0;1;1;0;0;100,00;-;-;-;-;-;-;-;-
99274B3204701;Sykkelstamvegen Forus nord;EV39 S1000D65 m24;2026-08-01T05:00+02:00;2026-08-01T06:00+02:00;2026-08-01;05:00;06:00;Totalt i retning Sandnes;1;100,0;1;1;0;1;0,00;-;-;-;-;-;-;-;-
99274B3204701;Sykkelstamvegen Forus nord;EV39 S1000D65 m24;2026-08-01T05:00+02:00;2026-08-01T06:00+02:00;2026-08-01;05:00;06:00;Totalt i retning Stavanger;0;100,0;1;1;0;0;100,00;-;-;-;-;-;-;-;-
99274B3204701;Sykkelstamvegen Forus nord;EV39 S1000D65 m24;2026-08-01T05:00+02:00;2026-08-01T06:00+02:00;2026-08-01;05:00;06:00;Totalt;1;100,0;1;1;0;1;0,00;-;-;-;-;-;-;-;-
99274B3204701;Sykkelstamvegen Forus nord;EV39 S1000D65 m24;2026-08-01T06:00+02:00;2026-08-01T07:00+02:00;2026-08-01;06:00;07:00;1;0;100,0;1;1;0;0;100,00;-;-;-;-;-;-;-;-
99274B3204701;Sykkelstamvegen Forus nord;EV39 S1000D65 m24;2026-08-01T06:00+02:00;2026-08-01T07:00+02:00;2026-08-01;06:00;07:00;2;0;100,0;1;1;0;0;100,00;-;-;-;-;-;-;-;-
99274B3204701;Sykkelstamvegen Forus nord;EV39 S1000D65 m24;2026-08-01T06:00+02:00;2026-08-01T07:00+02:00;2026-08-01;06:00;07:00;Totalt i retning Sandnes;0;100,0;1;1;0;0;100,00;-;-;-;-;-;-;-;-
99274B3204701;Sykkelstamvegen Forus nord;EV39 S1000D65 m24;2026-08-01T06:00+02:00;2026-08-01T07:00+02:00;2026-08-01;06:00;07:00;Totalt i retning Stavanger;0;100,0;1;1;0;0;100,00;-;-;-;-;-;-;-;-
99274B3204701;Sykkelstamvegen Forus nord;EV39 S1000D65 m24;2026-08-01T06:00+02:00;2026-08-01T07:00+02:00;2026-08-01;06:00;07:00;Totalt;0;100,0;1;1;0;0;100,00;-;-;-;-;-;-;-;-
99274B3204701;Sykkelstamvegen Forus nord;EV39 S1000D65 m24;2026-08-01T07:00+02:00;2026-08-01T08:00+02:00;2026-08-01;07:00;08:00;1;5;100,0;1;1;0;5;0,00;-;-;-;-;-;-;-;-
99274B3204701;Sykkelstamvegen Forus nord;EV39 S1000D65 m24;2026-08-01T07:00+02:00;2026-08-01T08:00+02:00;2026-08-01;07:00;08:00;2;4;100,0;1;1;0;4;0,00;-;-;-;-;-;-;-;-
99274B3204701;Sykkelstamvegen Forus nord;EV39 S1000D65 m24;2026-08-01T07:00+02:00;2026-08-01T08:00+02:00;2026-08-01;07:00;08:00;Totalt i retning Sandnes;5;100,0;1;1;0;5;0,00;-;-;-;-;-;-;-;-
99274B3204701;Sykkelstamvegen Forus nord;EV39 S1000D65 m24;2026-08-01T07:00+02:00;2026-08-01T08:00+02:00;2026-08-01;07:00;08:00;Totalt i retning Stavanger;4;100,0;1;1;0;4;0,00;-;-;-;-;-;-;-;-
99274B3204701;Sykkelstamvegen Forus nord;EV39 S1000D65 m24;2026-08-01T07:00+02:00;2026-08-01T08:00+02:00;2026-08-01;07:00;08:00;Totalt;9;100,0;1;1;0;9;0,00;-;-;-;-;-;-;-;-
99274B3204701;Sykkelstamvegen Forus nord;EV39 S1000D65 m24;2026-08-01T08:00+02:00;2026-08-01T09:00+02:00;2026-08-01;08:00;09:00;1;13;100,0;1;1;0;13;0,00;-;-;-;-;-;-;-;-
99274B3204701;Sykkelstamvegen Forus nord;EV39 S1000D65 m24;2026-08-01T08:00+02:00;2026-08-01T09:00+02:00;2026-08-01;08:00;09:00;2;4;100,0;1;1;0;4;0,00;-;-;-;-;-;-;-;-
99274B3204701;Sykkelstamvegen Forus nord;EV39 S1000D65 m24;2026-08-01T08:00+02:00;2026-08-01T09:00+02:00;2026-08-01;08:00;09:00;Totalt i retning Sandnes;13;100,0;1;1;0;13;0,00;-;-;-;-;-;-;-;-
99274B3204701;Sykkelstamvegen Forus nord;EV39 S1000D65 m24;2026-08-01T08:00+02:00;2026-08-01T09:00+02:00;2026-08-01;08:00;09:00;Totalt i retning Stavanger;4;100,0;1;1;0;4;0,00;-;-;-;-;-;-;-;-
99274B3204701;Sykkelstamvegen Forus nord;EV39 S1000D65 m24;2026-08-01T08:00+02:00;2026-08-01T09:00+02:00;2026-08-01;08:00;09:00;Totalt;17;100,0;1;1;0;17;0,00;-;-;-;-;-;-;-;-
99274B3204701;Sykkelstamvegen Forus nord;EV39 S1000D65 m24;2026-08-01T09:00+02:00;2026-08-01T10:00+02:00;2026-08-01;09:00;10:00;1;6;100,0;1;1;0;6;0,00;-;-;-;-;-;-;-;-
99274B3204701;Sykkelstamvegen Forus nord;EV39 S1000D65 m24;2026-08-01T09:00+02:00;2026-08-01T10:00+02:00;2026-08-01;09:00;10:00;2;15;100,0;1;1;0;15;0,00;-;-;-;-;-;-;-;-
99274B3204701;Sykkelstamvegen Forus nord;EV39 S1000D65 m24;2026-08-01T09:00+02:00;2026-08-01T10:00+02:00;2026-08-01;09:00;10:00;Totalt i retning Sandnes;6;100,0;1;1;0;6;0,00;-;-;-;-;-;-;-;-
99274B3204701;Sykkelstamvegen Forus nord;EV39 S1000D65 m24;2026-08-01T09:00+02:00;2026-08-01T10:00+02:00;2026-08-01;09:00;10:00;Totalt i retning Stavanger;15;100,0;1;1;0;15;0,00;-;-;-;-;-;-;-;-
99274B3204701;Sykkelstamvegen Forus nord;EV39 S1000D65 m24;2026-08-01T09:00+02:00;2026-08-01T10:00+02:00;2026-08-01;09:00;10:00;Totalt;21;100,0;1;1;0;21;0,00;-;-;-;-;-;-;-;-
99274B3204701;Sykkelstamvegen Forus nord;EV39 S1000D65 m24;2026-08-01T10:00+02:00;2026-08-01T11:00+02:00;2026-08-01;10:00;11:00;1;7;100,0;1;1;0;7;0,00;-;-;-;-;-;-;-;-
99274B3204701;Sykkelstamvegen Forus nord;EV39 S1000D65 m24;2026-08-01T10:00+02:00;2026-08-01T11:00+02:00;2026-08-01;10:00;11:00;2;9;100,0;1;1;0;9;0,00;-;-;-;-;-;-;-;-
99274B3204701;Sykkelstamvegen Forus nord;EV39 S1000D65 m24;2026-08-01T10:00+02:00;2026-08-01T11:00+02:00;2026-08-01;10:00;11:00;Totalt i retning Sandnes;7;100,0;1;1;0;7;0,00;-;-;-;-;-;-;-;-
99274B3204701;Sykkelstamvegen Forus nord;EV39 S1000D65 m24;2026-08-01T10:00+02:00;2026-08-01T11:00+02:00;2026-08-01;10:00;11:00;Totalt i retning Stavanger;9;100,0;1;1;0;9;0,00;-;-;-;-;-;-;-;-
99274B3204701;Sykkelstamvegen Forus nord;EV39 S1000D65 m24;2026-08-01T10:00+02:00;2026-08-01T11:00+02:00;2026-08-01;10:00;11:00;Totalt;16;100,0;1;1;0;16;0,00;-;-;-;-;-;-;-;-
99274B3204701;Sykkelstamvegen Forus nord;EV39 S1000D65 m24;2026-08-01T11:00+02:00;2026-08-01T12:00+02:00;2026-08-01;11:00;12:00;1;25;100,0;1;1;0;25;0,00;-;-;-;-;-;-;-;-
99274B3204701;Sykkelstamvegen Forus nord;EV39 S1000D65 m24;2026-08-01T11:00+02:00;2026-08-01T12:00+02:00;2026-08-01;11:00;12:00;2;5;100,0;1;1;0;5;0,00;-;-;-;-;-;-;-;-
99274B3204701;Sykkelstamvegen Forus nord;EV39 S1000D65 m24;2026-08-01T11:00+02:00;2026-08-01T12:00+02:00;2026-08-01;11:00;12:00;Totalt i retning Sandnes;26;100,0;1;1;0;26;0,00;-;-;-;-;-;-;-;-
99274B3204701;Sykkelstamvegen Forus nord;EV39 S1000D65 m24;2026-08-01T11:00+02:00;2026-08-01T12:00+02:00;2026-08-01;11:00;12:00;Totalt i retning Stavanger;4;100,0;1;1;0;4;0,00;-;-;-;-;-;-;-;-
99274B3204701;Sykkelstamvegen Forus nord;EV39 S1000D65 m24;2026-08-01T11:00+02:00;2026-08-01T12:00+02:00;2026-08-01;11:00;12:00;Totalt;30;100,0;1;1;0;30;0,00;-;-;-;-;-;-;-;-
99274B3204701;Sykkelstamvegen Forus nord;EV39 S1000D65 m24;2026-08-01T12:00+02:00;2026-08-01T13:00+02:00;2026-08-01;12:00;13:00;1;23;100,0;1;1;0;23;0,00;-;-;-;-;-;-;-;-
99274B3204701;Sykkelstamvegen Forus nord;EV39 S1000D65 m24;2026-08-01T12:00+02:00;2026-08-01T13:00+02:00;2026-08-01;12:00;13:00;2;35;100,0;1;1;0;35;0,00;-;-;-;-;-;-;-;-
99274B3204701;Sykkelstamvegen Forus nord;EV39 S1000D65 m24;2026-08-01T12:00+02:00;2026-08-01T13:00+02:00;2026-08-01;12:00;13:00;Totalt i retning Sandnes;23;100,0;1;1;0;23;0,00;-;-;-;-;-;-;-;-
99274B3204701;Sykkelstamvegen Forus nord;EV39 S1000D65 m24;2026-08-01T12:00+02:00;2026-08-01T13:00+02:00;2026-08-01;12:00;13:00;Totalt i retning Stavanger;35;100,0;1;1;0;35;0,00;-;-;-;-;-;-;-;-
99274B3204701;Sykkelstamvegen Forus nord;EV39 S1000D65 m24;2026-08-01T12:00+02:00;2026-08-01T13:00+02:00;2026-08-01;12:00;13:00;Totalt;58;100,0;1;1;0;58;0,00;-;-;-;-;-;-;-;-
99274B3204701;Sykkelstamvegen Forus nord;EV39 S1000D65 m24;2026-08-01T13:00+02:00;2026-08-01T14:00+02:00;2026-08-01;13:00;14:00;1;41;100,0;1;1;0;41;0,00;-;-;-;-;-;-;-;-
99274B3204701;Sykkelstamvegen Forus nord;EV39 S1000D65 m24;2026-08-01T13:00+02:00;2026-08-01T14:00+02:00;2026-08-01;13:00;14:00;2;20;100,0;1;1;0;20;0,00;-;-;-;-;-;-;-;-
99274B3204701;Sykkelstamvegen Forus nord;EV39 S1000D65 m24;2026-08-01T13:00+02:00;2026-08-01T14:00+02:00;2026-08-01;13:00;14:00;Totalt i retning Sandnes;42;100,0;1;1;0;42;0,00;-;-;-;-;-;-;-;-
99274B3204701;Sykkelstamvegen Forus nord;EV39 S1000D65 m24;2026-08-01T13:00+02:00;2026-08-01T14:00+02:00;2026-08-01;13:00;14:00;Totalt i retning Stavanger;19;100,0;1;1;0;19;0,00;-;-;-;-;-;-;-;-
99274B3204701;Sykkelstamvegen Forus nord;EV39 S1000D65 m24;2026-08-01T13:00+02:00;2026-08-01T14:00+02:00;2026-08-01;13:00;14:00;Totalt;61;100,0;1;1;0;61;0,00;-;-;-;-;-;-;-;-
99274B3204701;Sykkelstamvegen Forus nord;EV39 S1000D65 m24;2026-08-01T14:00+02:00;2026-08-01T15:00+02:00;2026-08-01;14:00;15:00;1;15;100,0;1;1;0;15;0,00;-;-;-;-;-;-;-;-
99274B3204701;Sykkelstamvegen Forus nord;EV39 S1000D65 m24;2026-08-01T14:00+02:00;2026-08-01T15:00+02:00;2026-08-01;14:00;15:00;2;20;100,0;1;1;0;20;0,00;-;-;-;-;-;-;-;-
99274B3204701;Sykkelstamvegen Forus nord;EV39 S1000D65 m24;2026-08-01T14:00+02:00;2026-08-01T15:00+02:00;2026-08-01;14:00;15:00;Totalt i retning Sandnes;15;100,0;1;1;0;15;0,00;-;-;-;-;-;-;-;-
99274B3204701;Sykkelstamvegen Forus nord;EV39 S1000D65 m24;2026-08-01T14:00+02:00;2026-08-01T15:00+02:00;2026-08-01;14:00;15:00;Totalt i retning Stavanger;20;100,0;1;1;0;20;0,00;-;-;-;-;-;-;-;-
99274B3204701;Sykkelstamvegen Forus nord;EV39 S1000D65 m24;2026-08-01T14:00+02:00;2026-08-01T15:00+02:00;2026-08-01;14:00;15:00;Totalt;35;100,0;1;1;0;35;0,00;-;-;-;-;-;-;-;-
99274B3204701;Sykkelstamvegen Forus nord;EV39 S1000D65 m24;2026-08-01T15:00+02:00;2026-08-01T16:00+02:00;2026-08-01;15:00;16:00;1;11;100,0;1;1;0;11;0,00;-;-;-;-;-;-;-;-
99274B3204701;Sykkelstamvegen Forus nord;EV39 S1000D65 m24;2026-08-01T15:00+02:00;2026-08-01T16:00+02:00;2026-08-01;15:00;16:00;2;19;100,0;1;1;0;19;0,00;-;-;-;-;-;-;-;-
99274B3204701;Sykkelstamvegen Forus nord;EV39 S1000D65 m24;2026-08-01T15:00+02:00;2026-08-01T16:00+02:00;2026-08-01;15:00;16:00;Totalt i retning Sandnes;11;100,0;1;1;0;11;0,00;-;-;-;-;-;-;-;-
99274B3204701;Sykkelstamvegen Forus nord;EV39 S1000D65 m24;2026-08-01T15:00+02:00;2026-08-01T16:00+02:00;2026-08-01;15:00;16:00;Totalt i retning Stavanger;19;100,0;1;1;0;19;0,00;-;-;-;-;-;-;-;-
99274B3204701;Sykkelstamvegen Forus nord;EV39 S1000D65 m24;2026-08-01T15:00+02:00;2026-08-01T16:00+02:00;2026-08-01;15:00;16:00;Totalt;30;100,0;1;1;0;30;0,00;-;-;-;-;-;-;-;-
99274B3204701;Sykkelstamvegen Forus nord;EV39 S1000D65 m24;2026-08-01T16:00+02:00;2026-08-01T17:00+02:00;2026-08-01;16:00;17:00;1;26;100,0;1;1;0;26;0,00;-;-;-;-;-;-;-;-
99274B3204701;Sykkelstamvegen Forus nord;EV39 S1000D65 m24;2026-08-01T16:00+02:00;2026-08-01T17:00+02:00;2026-08-01;16:00;17:00;2;19;100,0;1;1;0;19;0,00;-;-;-;-;-;-;-;-
99274B3204701;Sykkelstamvegen Forus nord;EV39 S1000D65 m24;2026-08-01T16:00+02:00;2026-08-01T17:00+02:00;2026-08-01;16:00;17:00;Totalt i retning Sandnes;25;100,0;1;1;0;25;0,00;-;-;-;-;-;-;-;-
99274B3204701;Sykkelstamvegen Forus nord;EV39 S1000D65 m24;2026-08-01T16:00+02:00;2026-08-01T17:00+02:00;2026-08-01;16:00;17:00;Totalt i retning Stavanger;20;100,0;1;1;0;20;0,00;-;-;-;-;-;-;-;-
99274B3204701;Sykkelstamvegen Forus nord;EV39 S1000D65 m24;2026-08-01T16:00+02:00;2026-08-01T17:00+02:00;2026-08-01;16:00;17:00;Totalt;45;100,0;1;1;0;45;0,00;-;-;-;-;-;-;-;-
99274B3204701;Sykkelstamvegen Forus nord;EV39 S1000D65 m24;2026-08-01T17:00+02:00;2026-08-01T18:00+02:00;2026-08-01;17:00;18:00;1;20;100,0;1;1;0;20;0,00;-;-;-;-;-;-;-;-
99274B3204701;Sykkelstamvegen Forus nord;EV39 S1000D65 m24;2026-08-01T17:00+02:00;2026-08-01T18:00+02:00;2026-08-01;17:00;18:00;2;13;100,0;1;1;0;13;0,00;-;-;-;-;-;-;-;-
99274B3204701;Sykkelstamvegen Forus nord;EV39 S1000D65 m24;2026-08-01T17:00+02:00;2026-08-01T18:00+02:00;2026-08-01;17:00;18:00;Totalt i retning Sandnes;20;100,0;1;1;0;20;0,00;-;-;-;-;-;-;-;-
99274B3204701;Sykkelstamvegen Forus nord;EV39 S1000D65 m24;2026-08-01T17:00+02:00;2026-08-01T18:00+02:00;2026-08-01;17:00;18:00;Totalt i retning Stavanger;13;100,0;1;1;0;13;0,00;-;-;-;-;-;-;-;-
99274B3204701;Sykkelstamvegen Forus nord;EV39 S1000D65 m24;2026-08-01T17:00+02:00;2026-08-01T18:00+02:00;2026-08-01;17:00;18:00;Totalt;33;100,0;1;1;0;33;0,00;-;-;-;-;-;-;-;-
99274B3204701;Sykkelstamvegen Forus nord;EV39 S1000D65 m24;2026-08-01T18:00+02:00;2026-08-01T19:00+02:00;2026-08-01;18:00;19:00;1;7;100,0;1;1;0;7;0,00;-;-;-;-;-;-;-;-
99274B3204701;Sykkelstamvegen Forus nord;EV39 S1000D65 m24;2026-08-01T18:00+02:00;2026-08-01T19:00+02:00;2026-08-01;18:00;19:00;2;7;100,0;1;1;0;7;0,00;-;-;-;-;-;-;-;-
99274B3204701;Sykkelstamvegen Forus nord;EV39 S1000D65 m24;2026-08-01T18:00+02:00;2026-08-01T19:00+02:00;2026-08-01;18:00;19:00;Totalt i retning Sandnes;7;100,0;1;1;0;7;0,00;-;-;-;-;-;-;-;-
99274B3204701;Sykkelstamvegen Forus nord;EV39 S1000D65 m24;2026-08-01T18:00+02:00;2026-08-01T19:00+02:00;2026-08-01;18:00;19:00;Totalt i retning Stavanger;7;100,0;1;1;0;7;0,00;-;-;-;-;-;-;-;-
99274B3204701;Sykkelstamvegen Forus nord;EV39 S1000D65 m24;2026-08-01T18:00+02:00;2026-08-01T19:00+02:00;2026-08-01;18:00;19:00;Totalt;14;100,0;1;1;0;14;0,00;-;-;-;-;-;-;-;-
99274B3204701;Sykkelstamvegen Forus nord;EV39 S1000D65 m24;2026-08-01T19:00+02:00;2026-08-01T20:00+02:00;2026-08-01;19:00;20:00;1;9;100,0;1;1;0;9;0,00;-;-;-;-;-;-;-;-
99274B3204701;Sykkelstamvegen Forus nord;EV39 S1000D65 m24;2026-08-01T19:00+02:00;2026-08-01T20:00+02:00;2026-08-01;19:00;20:00;2;5;100,0;1;1;0;5;0,00;-;-;-;-;-;-;-;-
99274B3204701;Sykkelstamvegen Forus nord;EV39 S1000D65 m24;2026-08-01T19:00+02:00;2026-08-01T20:00+02:00;2026-08-01;19:00;20:00;Totalt i retning Sandnes;9;100,0;1;1;0;9;0,00;-;-;-;-;-;-;-;-
99274B3204701;Sykkelstamvegen Forus nord;EV39 S1000D65 m24;2026-08-01T19:00+02:00;2026-08-01T20:00+02:00;2026-08-01;19:00;20:00;Totalt i retning Stavanger;5;100,0;1;1;0;5;0,00;-;-;-;-;-;-;-;-
99274B3204701;Sykkelstamvegen Forus nord;EV39 S1000D65 m24;2026-08-01T19:00+02:00;2026-08-01T20:00+02:00;2026-08-01;19:00;20:00;Totalt;14;100,0;1;1;0;14;0,00;-;-;-;-;-;-;-;-
99274B3204701;Sykkelstamvegen Forus nord;EV39 S1000D65 m24;2026-08-01T20:00+02:00;2026-08-01T21:00+02:00;2026-08-01;20:00;21:00;1;6;100,0;1;1;0;6;0,00;-;-;-;-;-;-;-;-
99274B3204701;Sykkelstamvegen Forus nord;EV39 S1000D65 m24;2026-08-01T20:00+02:00;2026-08-01T21:00+02:00;2026-08-01;20:00;21:00;2;8;100,0;1;1;0;8;0,00;-;-;-;-;-;-;-;-
99274B3204701;Sykkelstamvegen Forus nord;EV39 S1000D65 m24;2026-08-01T20:00+02:00;2026-08-01T21:00+02:00;2026-08-01;20:00;21:00;Totalt i retning Sandnes;7;100,0;1;1;0;7;0,00;-;-;-;-;-;-;-;-
99274B3204701;Sykkelstamvegen Forus nord;EV39 S1000D65 m24;2026-08-01T20:00+02:00;2026-08-01T21:00+02:00;2026-08-01;20:00;21:00;Totalt i retning Stavanger;7;100,0;1;1;0;7;0,00;-;-;-;-;-;-;-;-
99274B3204701;Sykkelstamvegen Forus nord;EV39 S1000D65 m24;2026-08-01T20:00+02:00;2026-08-01T21:00+02:00;2026-08-01;20:00;21:00;Totalt;14;100,0;1;1;0;14;0,00;-;-;-;-;-;-;-;-
99274B3204701;Sykkelstamvegen Forus nord;EV39 S1000D65 m24;2026-08-01T21:00+02:00;2026-08-01T22:00+02:00;2026-08-01;21:00;22:00;1;1;100,0;1;1;0;1;0,00;-;-;-;-;-;-;-;-
99274B3204701;Sykkelstamvegen Forus nord;EV39 S1000D65 m24;2026-08-01T21:00+02:00;2026-08-01T22:00+02:00;2026-08-01;21:00;22:00;2;1;100,0;1;1;0;1;0,00;-;-;-;-;-;-;-;-
99274B3204701;Sykkelstamvegen Forus nord;EV39 S1000D65 m24;2026-08-01T21:00+02:00;2026-08-01T22:00+02:00;2026-08-01;21:00;22:00;Totalt i retning Sandnes;1;100,0;1;1;0;1;0,00;-;-;-;-;-;-;-;-
99274B3204701;Sykkelstamvegen Forus nord;EV39 S1000D65 m24;2026-08-01T21:00+02:00;2026-08-01T22:00+02:00;2026-08-01;21:00;22:00;Totalt i retning Stavanger;1;100,0;1;1;0;1;0,00;-;-;-;-;-;-;-;-
99274B3204701;Sykkelstamvegen Forus nord;EV39 S1000D65 m24;2026-08-01T21:00+02:00;2026-08-01T22:00+02:00;2026-08-01;21:00;22:00;Totalt;2;100,0;1;1;0;2;0,00;-;-;-;-;-;-;-;-
99274B3204701;Sykkelstamvegen Forus nord;EV39 S1000D65 m24;2026-08-01T22:00+02:00;2026-08-01T23:00+02:00;2026-08-01;22:00;23:00;1;2;100,0;1;1;0;2;0,00;-;-;-;-;-;-;-;-
99274B3204701;Sykkelstamvegen Forus nord;EV39 S1000D65 m24;2026-08-01T22:00+02:00;2026-08-01T23:00+02:00;2026-08-01;22:00;23:00;2;25;100,0;1;1;0;25;0,00;-;-;-;-;-;-;-;-
99274B3204701;Sykkelstamvegen Forus nord;EV39 S1000D65 m24;2026-08-01T22:00+02:00;2026-08-01T23:00+02:00;2026-08-01;22:00;23:00;Totalt i retning Sandnes;2;100,0;1;1;0;2;0,00;-;-;-;-;-;-;-;-
99274B3204701;Sykkelstamvegen Forus nord;EV39 S1000D65 m24;2026-08-01T22:00+02:00;2026-08-01T23:00+02:00;2026-08-01;22:00;23:00;Totalt i retning Stavanger;25;100,0;1;1;0;25;0,00;-;-;-;-;-;-;-;-
99274B3204701;Sykkelstamvegen Forus nord;EV39 S1000D65 m24;2026-08-01T22:00+02:00;2026-08-01T23:00+02:00;2026-08-01;22:00;23:00;Totalt;27;100,0;1;1;0;27;0,00;-;-;-;-;-;-;-;-
99274B3204701;Sykkelstamvegen Forus nord;EV39 S1000D65 m24;2026-08-01T23:00+02:00;2026-08-02T00:00+02:00;2026-08-01;23:00;00:00;1;0;100,0;1;1;0;0;100,00;-;-;-;-;-;-;-;-
99274B3204701;Sykkelstamvegen Forus nord;EV39 S1000D65 m24;2026-08-01T23:00+02:00;2026-08-02T00:00+02:00;2026-08-01;23:00;00:00;2;20;100,0;1;1;0;20;0,00;-;-;-;-;-;-;-;-
99274B3204701;Sykkelstamvegen Forus nord;EV39 S1000D65 m24;2026-08-01T23:00+02:00;2026-08-02T00:00+02:00;2026-08-01;23:00;00:00;Totalt i retning Sandnes;0;100,0;1;1;0;0;100,00;-;-;-;-;-;-;-;-
99274B3204701;Sykkelstamvegen Forus nord;EV39 S1000D65 m24;2026-08-01T23:00+02:00;2026-08-02T00:00+02:00;2026-08-01;23:00;00:00;Totalt i retning Stavanger;20;100,0;1;1;0;20;0,00;-;-;-;-;-;-;-;-
99274B3204701;Sykkelstamvegen Forus nord;EV39 S1000D65 m24;2026-08-01T23:00+02:00;2026-08-02T00:00+02:00;2026-08-01;23:00;00:00;Totalt;20;100,0;1;1;0;20;0,00;-;-;-;-;-;-;-;-
99274B3204701;Sykkelstamvegen Forus nord;EV39 S1000D65 m24;2026-08-02T00:00+02:00;2026-08-02T01:00+02:00;2026-08-02;00:00;01:00;1;0;100,0;1;1;0;0;100,00;-;-;-;-;-;-;-;-
99274B3204701;Sykkelstamvegen Forus nord;EV39 S1000D65 m24;2026-08-02T00:00+02:00;2026-08-02T01:00+02:00;2026-08-02;00:00;01:00;2;2;100,0;1;1;0;2;0,00;-;-;-;-;-;-;-;-
99274B3204701;Sykkelstamvegen Forus nord;EV39 S1000D65 m24;2026-08-02T00:00+02:00;2026-08-02T01:00+02:00;2026-08-02;00:00;01:00;Totalt i retning Sandnes;0;100,0;1;1;0;0;100,00;-;-;-;-;-;-;-;-
99274B3204701;Sykkelstamvegen Forus nord;EV39 S1000D65 m24;2026-08-02T00:00+02:00;2026-08-02T01:00+02:00;2026-08-02;00:00;01:00;Totalt i retning Stavanger;2;100,0;1;1;0;2;0,00;-;-;-;-;-;-;-;-
99274B3204701;Sykkelstamvegen Forus nord;EV39 S1000D65 m24;2026-08-02T00:00+02:00;2026-08-02T01:00+02:00;2026-08-02;00:00;01:00;Totalt;2;100,0;1;1;0;2;0,00;-;-;-;-;-;-;-;-
99274B3204701;Sykkelstamvegen Forus nord;EV39 S1000D65 m24;2026-08-02T01:00+02:00;2026-08-02T02:00+02:00;2026-08-02;01:00;02:00;1;0;100,0;1;1;0;0;100,00;-;-;-;-;-;-;-;-
99274B3204701;Sykkelstamvegen Forus nord;EV39 S1000D65 m24;2026-08-02T01:00+02:00;2026-08-02T02:00+02:00;2026-08-02;01:00;02:00;2;0;100,0;1;1;0;0;100,00;-;-;-;-;-;-;-;-
99274B3204701;Sykkelstamvegen Forus nord;EV39 S1000D65 m24;2026-08-02T01:00+02:00;2026-08-02T02:00+02:00;2026-08-02;01:00;02:00;Totalt i retning Sandnes;0;100,0;1;1;0;0;100,00;-;-;-;-;-;-;-;-
99274B3204701;Sykkelstamvegen Forus nord;EV39 S1000D65 m24;2026-08-02T01:00+02:00;2026-08-02T02:00+02:00;2026-08-02;01:00;02:00;Totalt i retning Stavanger;0;100,0;1;1;0;0;100,00;-;-;-;-;-;-;-;-
99274B3204701;Sykkelstamvegen Forus nord;EV39 S1000D65 m24;2026-08-02T01:00+02:00;2026-08-02T02:00+02:00;2026-08-02;01:00;02:00;Totalt;0;100,0;1;1;0;0;100,00;-;-;-;-;-;-;-;-
99274B3204701;Sykkelstamvegen Forus nord;EV39 S1000D65 m24;2026-08-02T02:00+02:00;2026-08-02T03:00+02:00;2026-08-02;02:00;03:00;1;0;100,0;1;1;0;0;100,00;-;-;-;-;-;-;-;-
99274B3204701;Sykkelstamvegen Forus nord;EV39 S1000D65 m24;2026-08-02T02:00+02:00;2026-08-02T03:00+02:00;2026-08-02;02:00;03:00;2;0;100,0;1;1;0;0;100,00;-;-;-;-;-;-;-;-
99274B3204701;Sykkelstamvegen Forus nord;EV39 S1000D65 m24;2026-08-02T02:00+02:00;2026-08-02T03:00+02:00;2026-08-02;02:00;03:00;Totalt i retning Sandnes;0;100,0;1;1;0;0;100,00;-;-;-;-;-;-;-;-
99274B3204701;Sykkelstamvegen Forus nord;EV39 S1000D65 m24;2026-08-02T02:00+02:00;2026-08-02T03:00+02:00;2026-08-02;02:00;03:00;Totalt i retning Stavanger;0;100,0;1;1;0;0;100,00;-;-;-;-;-;-;-;-
99274B3204701;Sykkelstamvegen Forus nord;EV39 S1000D65 m24;2026-08-02T02:00+02:00;2026-08-02T03:00+02:00;2026-08-02;02:00;03:00;Totalt;0;100,0;1;1;0;0;100,00;-;-;-;-;-;-;-;-
99274B3204701;Sykkelstamvegen Forus nord;EV39 S1000D65 m24;2026-08-02T03:00+02:00;2026-08-02T04:00+02:00;2026-08-02;03:00;04:00;1;1;100,0;1;1;0;1;0,00;-;-;-;-;-;-;-;-
99274B3204701;Sykkelstamvegen Forus nord;EV39 S1000D65 m24;2026-08-02T03:00+02:00;2026-08-02T04:00+02:00;2026-08-02;03:00;04:00;2;29;100,0;1;1;0;29;0,00;-;-;-;-;-;-;-;-
99274B3204701;Sykkelstamvegen Forus nord;EV39 S1000D65 m24;2026-08-02T03:00+02:00;2026-08-02T04:00+02:00;2026-08-02;03:00;04:00;Totalt i retning Sandnes;1;100,0;1;1;0;1;0,00;-;-;-;-;-;-;-;-
99274B3204701;Sykkelstamvegen Forus nord;EV39 S1000D65 m24;2026-08-02T03:00+02:00;2026-08-02T04:00+02:00;2026-08-02;03:00;04:00;Totalt i retning Stavanger;29;100,0;1;1;0;29;0,00;-;-;-;-;-;-;-;-
99274B3204701;Sykkelstamvegen Forus nord;EV39 S1000D65 m24;2026-08-02T03:00+02:00;2026-08-02T04:00+02:00;2026-08-02;03:00;04:00;Totalt;30;100,0;1;1;0;30;0,00;-;-;-;-;-;-;-;-
99274B3204701;Sykkelstamvegen Forus nord;EV39 S1000D65 m24;2026-08-02T04:00+02:00;2026-08-02T05:00+02:00;2026-08-02;04:00;05:00;1;0;100,0;1;1;0;0;100,00;-;-;-;-;-;-;-;-
99274B3204701;Sykkelstamvegen Forus nord;EV39 S1000D65 m24;2026-08-02T04:00+02:00;2026-08-02T05:00+02:00;2026-08-02;04:00;05:00;2;3;100,0;1;1;0;3;0,00;-;-;-;-;-;-;-;-
99274B3204701;Sykkelstamvegen Forus nord;EV39 S1000D65 m24;2026-08-02T04:00+02:00;2026-08-02T05:00+02:00;2026-08-02;04:00;05:00;Totalt i retning Sandnes;0;100,0;1;1;0;0;100,00;-;-;-;-;-;-;-;-
99274B3204701;Sykkelstamvegen Forus nord;EV39 S1000D65 m24;2026-08-02T04:00+02:00;2026-08-02T05:00+02:00;2026-08-02;04:00;05:00;Totalt i retning Stavanger;3;100,0;1;1;0;3;0,00;-;-;-;-;-;-;-;-
99274B3204701;Sykkelstamvegen Forus nord;EV39 S1000D65 m24;2026-08-02T04:00+02:00;2026-08-02T05:00+02:00;2026-08-02;04:00;05:00;Totalt;3;100,0;1;1;0;3;0,00;-;-;-;-;-;-;-;-
99274B3204701;Sykkelstamvegen Forus nord;EV39 S1000D65 m24;2026-08-02T05:00+02:00;2026-08-02T06:00+02:00;2026-08-02;05:00;06:00;1;0;100,0;1;1;0;0;100,00;-;-;-;-;-;-;-;-
99274B3204701;Sykkelstamvegen Forus nord;EV39 S1000D65 m24;2026-08-02T05:00+02:00;2026-08-02T06:00+02:00;2026-08-02;05:00;06:00;2;1;100,0;1;1;0;1;0,00;-;-;-;-;-;-;-;-
99274B3204701;Sykkelstamvegen Forus nord;EV39 S1000D65 m24;2026-08-02T05:00+02:00;2026-08-02T06:00+02:00;2026-08-02;05:00;06:00;Totalt i retning Sandnes;0;100,0;1;1;0;0;100,00;-;-;-;-;-;-;-;-
99274B3204701;Sykkelstamvegen Forus nord;EV39 S1000D65 m24;2026-08-02T05:00+02:00;2026-08-02T06:00+02:00;2026-08-02;05:00;06:00;Totalt i retning Stavanger;1;100,0;1;1;0;1;0,00;-;-;-;-;-;-;-;-
99274B3204701;Sykkelstamvegen Forus nord;EV39 S1000D65 m24;2026-08-02T05:00+02:00;2026-08-02T06:00+02:00;2026-08-02;05:00;06:00;Totalt;1;100,0;1;1;0;1;0,00;-;-;-;-;-;-;-;-
99274B3204701;Sykkelstamvegen Forus nord;EV39 S1000D65 m24;2026-08-02T06:00+02:00;2026-08-02T07:00+02:00;2026-08-02;06:00;07:00;1;3;100,0;1;1;0;3;0,00;-;-;-;-;-;-;-;-
99274B3204701;Sykkelstamvegen Forus nord;EV39 S1000D65 m24;2026-08-02T06:00+02:00;2026-08-02T07:00+02:00;2026-08-02;06:00;07:00;2;1;100,0;1;1;0;1;0,00;-;-;-;-;-;-;-;-
99274B3204701;Sykkelstamvegen Forus nord;EV39 S1000D65 m24;2026-08-02T06:00+02:00;2026-08-02T07:00+02:00;2026-08-02;06:00;07:00;Totalt i retning Sandnes;3;100,0;1;1;0;3;0,00;-;-;-;-;-;-;-;-
99274B3204701;Sykkelstamvegen Forus nord;EV39 S1000D65 m24;2026-08-02T06:00+02:00;2026-08-02T07:00+02:00;2026-08-02;06:00;07:00;Totalt i retning Stavanger;1;100,0;1;1;0;1;0,00;-;-;-;-;-;-;-;-
99274B3204701;Sykkelstamvegen Forus nord;EV39 S1000D65 m24;2026-08-02T06:00+02:00;2026-08-02T07:00+02:00;2026-08-02;06:00;07:00;Totalt;4;100,0;1;1;0;4;0,00;-;-;-;-;-;-;-;-
99274B3204701;Sykkelstamvegen Forus nord;EV39 S1000D65 m24;2026-08-02T07:00+02:00;2026-08-02T08:00+02:00;2026-08-02;07:00;08:00;1;5;100,0;1;1;0;5;0,00;-;-;-;-;-;-;-;-
99274B3204701;Sykkelstamvegen Forus nord;EV39 S1000D65 m24;2026-08-02T07:00+02:00;2026-08-02T08:00+02:00;2026-08-02;07:00;08:00;2;1;100,0;1;1;0;1;0,00;-;-;-;-;-;-;-;-
99274B3204701;Sykkelstamvegen Forus nord;EV39 S1000D65 m24;2026-08-02T07:00+02:00;2026-08-02T08:00+02:00;2026-08-02;07:00;08:00;Totalt i retning Sandnes;5;100,0;1;1;0;5;0,00;-;-;-;-;-;-;-;-
99274B3204701;Sykkelstamvegen Forus nord;EV39 S1000D65 m24;2026-08-02T07:00+02:00;2026-08-02T08:00+02:00;2026-08-02;07:00;08:00;Totalt i retning Stavanger;1;100,0;1;1;0;1;0,00;-;-;-;-;-;-;-;-
99274B3204701;Sykkelstamvegen Forus nord;EV39 S1000D65 m24;2026-08-02T07:00+02:00;2026-08-02T08:00+02:00;2026-08-02;07:00;08:00;Totalt;6;100,0;1;1;0;6;0,00;-;-;-;-;-;-;-;-
99274B3204701;Sykkelstamvegen Forus nord;EV39 S1000D65 m24;2026-08-02T08:00+02:00;2026-08-02T09:00+02:00;2026-08-02;08:00;09:00;1;3;100,0;1;1;0;3;0,00;-;-;-;-;-;-;-;-
99274B3204701;Sykkelstamvegen Forus nord;EV39 S1000D65 m24;2026-08-02T08:00+02:00;2026-08-02T09:00+02:00;2026-08-02;08:00;09:00;2;1;100,0;1;1;0;1;0,00;-;-;-;-;-;-;-;-
99274B3204701;Sykkelstamvegen Forus nord;EV39 S1000D65 m24;2026-08-02T08:00+02:00;2026-08-02T09:00+02:00;2026-08-02;08:00;09:00;Totalt i retning Sandnes;3;100,0;1;1;0;3;0,00;-;-;-;-;-;-;-;-
99274B3204701;Sykkelstamvegen Forus nord;EV39 S1000D65 m24;2026-08-02T08:00+02:00;2026-08-02T09:00+02:00;2026-08-02;08:00;09:00;Totalt i retning Stavanger;1;100,0;1;1;0;1;0,00;-;-;-;-;-;-;-;-
99274B3204701;Sykkelstamvegen Forus nord;EV39 S1000D65 m24;2026-08-02T08:00+02:00;2026-08-02T09:00+02:00;2026-08-02;08:00;09:00;Totalt;4;100,0;1;1;0;4;0,00;-;-;-;-;-;-;-;-
99274B3204701;Sykkelstamvegen Forus nord;EV39 S1000D65 m24;2026-08-02T09:00+02:00;2026-08-02T10:00+02:00;2026-08-02;09:00;10:00;1;13;100,0;1;1;0;13;0,00;-;-;-;-;-;-;-;-
99274B3204701;Sykkelstamvegen Forus nord;EV39 S1000D65 m24;2026-08-02T09:00+02:00;2026-08-02T10:00+02:00;2026-08-02;09:00;10:00;2;9;100,0;1;1;0;9;0,00;-;-;-;-;-;-;-;-
99274B3204701;Sykkelstamvegen Forus nord;EV39 S1000D65 m24;2026-08-02T09:00+02:00;2026-08-02T10:00+02:00;2026-08-02;09:00;10:00;Totalt i retning Sandnes;14;100,0;1;1;0;14;0,00;-;-;-;-;-;-;-;-
99274B3204701;Sykkelstamvegen Forus nord;EV39 S1000D65 m24;2026-08-02T09:00+02:00;2026-08-02T10:00+02:00;2026-08-02;09:00;10:00;Totalt i retning Stavanger;8;100,0;1;1;0;8;0,00;-;-;-;-;-;-;-;-
99274B3204701;Sykkelstamvegen Forus nord;EV39 S1000D65 m24;2026-08-02T09:00+02:00;2026-08-02T10:00+02:00;2026-08-02;09:00;10:00;Totalt;22;100,0;1;1;0;22;0,00;-;-;-;-;-;-;-;-
99274B3204701;Sykkelstamvegen Forus nord;EV39 S1000D65 m24;2026-08-02T10:00+02:00;2026-08-02T11:00+02:00;2026-08-02;10:00;11:00;1;30;100,0;1;1;0;30;0,00;-;-;-;-;-;-;-;-
99274B3204701;Sykkelstamvegen Forus nord;EV39 S1000D65 m24;2026-08-02T10:00+02:00;2026-08-02T11:00+02:00;2026-08-02;10:00;11:00;2;23;100,0;1;1;0;23;0,00;-;-;-;-;-;-;-;-
99274B3204701;Sykkelstamvegen Forus nord;EV39 S1000D65 m24;2026-08-02T10:00+02:00;2026-08-02T11:00+02:00;2026-08-02;10:00;11:00;Totalt i retning Sandnes;29;100,0;1;1;0;29;0,00;-;-;-;-;-;-;-;-
99274B3204701;Sykkelstamvegen Forus nord;EV39 S1000D65 m24;2026-08-02T10:00+02:00;2026-08-02T11:00+02:00;2026-08-02;10:00;11:00;Totalt i retning Stavanger;24;100,0;1;1;0;24;0,00;-;-;-;-;-;-;-;-
99274B3204701;Sykkelstamvegen Forus nord;EV39 S1000D65 m24;2026-08-02T10:00+02:00;2026-08-02T11:00+02:00;2026-08-02;10:00;11:00;Totalt;53;100,0;1;1;0;53;0,00;-;-;-;-;-;-;-;-
99274B3204701;Sykkelstamvegen Forus nord;EV39 S1000D65 m24;2026-08-02T11:00+02:00;2026-08-02T12:00+02:00;2026-08-02;11:00;12:00;1;30;100,0;1;1;0;30;0,00;-;-;-;-;-;-;-;-
99274B3204701;Sykkelstamvegen Forus nord;EV39 S1000D65 m24;2026-08-02T11:00+02:00;2026-08-02T12:00+02:00;2026-08-02;11:00;12:00;2;37;100,0;1;1;0;37;0,00;-;-;-;-;-;-;-;-
99274B3204701;Sykkelstamvegen Forus nord;EV39 S1000D65 m24;2026-08-02T11:00+02:00;2026-08-02T12:00+02:00;2026-08-02;11:00;12:00;Totalt i retning Sandnes;27;100,0;1;1;0;27;0,00;-;-;-;-;-;-;-;-
99274B3204701;Sykkelstamvegen Forus nord;EV39 S1000D65 m24;2026-08-02T11:00+02:00;2026-08-02T12:00+02:00;2026-08-02;11:00;12:00;Totalt i retning Stavanger;40;100,0;1;1;0;40;0,00;-;-;-;-;-;-;-;-
99274B3204701;Sykkelstamvegen Forus nord;EV39 S1000D65 m24;2026-08-02T11:00+02:00;2026-08-02T12:00+02:00;2026-08-02;11:00;12:00;Totalt;67;100,0;1;1;0;67;0,00;-;-;-;-;-;-;-;-
99274B3204701;Sykkelstamvegen Forus nord;EV39 S1000D65 m24;2026-08-02T12:00+02:00;2026-08-02T13:00+02:00;2026-08-02;12:00;13:00;1;40;100,0;1;1;0;40;0,00;-;-;-;-;-;-;-;-
99274B3204701;Sykkelstamvegen Forus nord;EV39 S1000D65 m24;2026-08-02T12:00+02:00;2026-08-02T13:00+02:00;2026-08-02;12:00;13:00;2;49;100,0;1;1;0;49;0,00;-;-;-;-;-;-;-;-
99274B3204701;Sykkelstamvegen Forus nord;EV39 S1000D65 m24;2026-08-02T12:00+02:00;2026-08-02T13:00+02:00;2026-08-02;12:00;13:00;Totalt i retning Sandnes;42;100,0;1;1;0;42;0,00;-;-;-;-;-;-;-;-
99274B3204701;Sykkelstamvegen Forus nord;EV39 S1000D65 m24;2026-08-02T12:00+02:00;2026-08-02T13:00+02:00;2026-08-02;12:00;13:00;Totalt i retning Stavanger;47;100,0;1;1;0;47;0,00;-;-;-;-;-;-;-;-
99274B3204701;Sykkelstamvegen Forus nord;EV39 S1000D65 m24;2026-08-02T12:00+02:00;2026-08-02T13:00+02:00;2026-08-02;12:00;13:00;Totalt;89;100,0;1;1;0;89;0,00;-;-;-;-;-;-;-;-
99274B3204701;Sykkelstamvegen Forus nord;EV39 S1000D65 m24;2026-08-02T13:00+02:00;2026-08-02T14:00+02:00;2026-08-02;13:00;14:00;1;47;100,0;1;1;0;47;0,00;-;-;-;-;-;-;-;-
99274B3204701;Sykkelstamvegen Forus nord;EV39 S1000D65 m24;2026-08-02T13:00+02:00;2026-08-02T14:00+02:00;2026-08-02;13:00;14:00;2;45;100,0;1;1;0;45;0,00;-;-;-;-;-;-;-;-
99274B3204701;Sykkelstamvegen Forus nord;EV39 S1000D65 m24;2026-08-02T13:00+02:00;2026-08-02T14:00+02:00;2026-08-02;13:00;14:00;Totalt i retning Sandnes;47;100,0;1;1;0;47;0,00;-;-;-;-;-;-;-;-
99274B3204701;Sykkelstamvegen Forus nord;EV39 S1000D65 m24;2026-08-02T13:00+02:00;2026-08-02T14:00+02:00;2026-08-02;13:00;14:00;Totalt i retning Stavanger;45;100,0;1;1;0;45;0,00;-;-;-;-;-;-;-;-
99274B3204701;Sykkelstamvegen Forus nord;EV39 S1000D65 m24;2026-08-02T13:00+02:00;2026-08-02T14:00+02:00;2026-08-02;13:00;14:00;Totalt;92;100,0;1;1;0;92;0,00;-;-;-;-;-;-;-;-
99274B3204701;Sykkelstamvegen Forus nord;EV39 S1000D65 m24;2026-08-02T14:00+02:00;2026-08-02T15:00+02:00;2026-08-02;14:00;15:00;1;44;100,0;1;1;0;44;0,00;-;-;-;-;-;-;-;-
99274B3204701;Sykkelstamvegen Forus nord;EV39 S1000D65 m24;2026-08-02T14:00+02:00;2026-08-02T15:00+02:00;2026-08-02;14:00;15:00;2;42;100,0;1;1;0;42;0,00;-;-;-;-;-;-;-;-
99274B3204701;Sykkelstamvegen Forus nord;EV39 S1000D65 m24;2026-08-02T14:00+02:00;2026-08-02T15:00+02:00;2026-08-02;14:00;15:00;Totalt i retning Sandnes;45;100,0;1;1;0;45;0,00;-;-;-;-;-;-;-;-
99274B3204701;Sykkelstamvegen Forus nord;EV39 S1000D65 m24;2026-08-02T14:00+02:00;2026-08-02T15:00+02:00;2026-08-02;14:00;15:00;Totalt i retning Stavanger;41;100,0;1;1;0;41;0,00;-;-;-;-;-;-;-;-
99274B3204701;Sykkelstamvegen Forus nord;EV39 S1000D65 m24;2026-08-02T14:00+02:00;2026-08-02T15:00+02:00;2026-08-02;14:00;15:00;Totalt;86;100,0;1;1;0;86;0,00;-;-;-;-;-;-;-;-
99274B3204701;Sykkelstamvegen Forus nord;EV39 S1000D65 m24;2026-08-02T15:00+02:00;2026-08-02T16:00+02:00;2026-08-02;15:00;16:00;1;28;100,0;1;1;0;28;0,00;-;-;-;-;-;-;-;-
99274B3204701;Sykkelstamvegen Forus nord;EV39 S1000D65 m24;2026-08-02T15:00+02:00;2026-08-02T16:00+02:00;2026-08-02;15:00;16:00;2;33;100,0;1;1;0;33;0,00;-;-;-;-;-;-;-;-
99274B3204701;Sykkelstamvegen Forus nord;EV39 S1000D65 m24;2026-08-02T15:00+02:00;2026-08-02T16:00+02:00;2026-08-02;15:00;16:00;Totalt i retning Sandnes;29;100,0;1;1;0;29;0,00;-;-;-;-;-;-;-;-
99274B3204701;Sykkelstamvegen Forus nord;EV39 S1000D65 m24;2026-08-02T15:00+02:00;2026-08-02T16:00+02:00;2026-08-02;15:00;16:00;Totalt i retning Stavanger;32;100,0;1;1;0;32;0,00;-;-;-;-;-;-;-;-
99274B3204701;Sykkelstamvegen Forus nord;EV39 S1000D65 m24;2026-08-02T15:00+02:00;2026-08-02T16:00+02:00;2026-08-02;15:00;16:00;Totalt;61;100,0;1;1;0;61;0,00;-;-;-;-;-;-;-;-
99274B3204701;Sykkelstamvegen Forus nord;EV39 S1000D65 m24;2026-08-02T16:00+02:00;2026-08-02T17:00+02:00;2026-08-02;16:00;17:00;1;17;100,0;1;1;0;17;0,00;-;-;-;-;-;-;-;-
99274B3204701;Sykkelstamvegen Forus nord;EV39 S1000D65 m24;2026-08-02T16:00+02:00;2026-08-02T17:00+02:00;2026-08-02;16:00;17:00;2;43;100,0;1;1;0;43;0,00;-;-;-;-;-;-;-;-
99274B3204701;Sykkelstamvegen Forus nord;EV39 S1000D65 m24;2026-08-02T16:00+02:00;2026-08-02T17:00+02:00;2026-08-02;16:00;17:00;Totalt i retning Sandnes;17;100,0;1;1;0;17;0,00;-;-;-;-;-;-;-;-
99274B3204701;Sykkelstamvegen Forus nord;EV39 S1000D65 m24;2026-08-02T16:00+02:00;2026-08-02T17:00+02:00;2026-08-02;16:00;17:00;Totalt i retning Stavanger;43;100,0;1;1;0;43;0,00;-;-;-;-;-;-;-;-
99274B3204701;Sykkelstamvegen Forus nord;EV39 S1000D65 m24;2026-08-02T16:00+02:00;2026-08-02T17:00+02:00;2026-08-02;16:00;17:00;Totalt;60;100,0;1;1;0;60;0,00;-;-;-;-;-;-;-;-
99274B3204701;Sykkelstamvegen Forus nord;EV39 S1000D65 m24;2026-08-02T17:00+02:00;2026-08-02T18:00+02:00;2026-08-02;17:00;18:00;1;21;100,0;1;1;0;21;0,00;-;-;-;-;-;-;-;-
99274B3204701;Sykkelstamvegen Forus nord;EV39 S1000D65 m24;2026-08-02T17:00+02:00;2026-08-02T18:00+02:00;2026-08-02;17:00;18:00;2;11;100,0;1;1;0;11;0,00;-;-;-;-;-;-;-;-
99274B3204701;Sykkelstamvegen Forus nord;EV39 S1000D65 m24;2026-08-02T17:00+02:00;2026-08-02T18:00+02:00;2026-08-02;17:00;18:00;Totalt i retning Sandnes;19;100,0;1;1;0;19;0,00;-;-;-;-;-;-;-;-
99274B3204701;Sykkelstamvegen Forus nord;EV39 S1000D65 m24;2026-08-02T17:00+02:00;2026-08-02T18:00+02:00;2026-08-02;17:00;18:00;Totalt i retning Stavanger;13;100,0;1;1;0;13;0,00;-;-;-;-;-;-;-;-
99274B3204701;Sykkelstamvegen Forus nord;EV39 S1000D65 m24;2026-08-02T17:00+02:00;2026-08-02T18:00+02:00;2026-08-02;17:00;18:00;Totalt;32;100,0;1;1;0;32;0,00;-;-;-;-;-;-;-;-
99274B3204701;Sykkelstamvegen Forus nord;EV39 S1000D65 m24;2026-08-02T18:00+02:00;2026-08-02T19:00+02:00;2026-08-02;18:00;19:00;1;13;100,0;1;1;0;13;0,00;-;-;-;-;-;-;-;-
99274B3204701;Sykkelstamvegen Forus nord;EV39 S1000D65 m24;2026-08-02T18:00+02:00;2026-08-02T19:00+02:00;2026-08-02;18:00;19:00;2;14;100,0;1;1;0;14;0,00;-;-;-;-;-;-;-;-
99274B3204701;Sykkelstamvegen Forus nord;EV39 S1000D65 m24;2026-08-02T18:00+02:00;2026-08-02T19:00+02:00;2026-08-02;18:00;19:00;Totalt i retning Sandnes;14;100,0;1;1;0;14;0,00;-;-;-;-;-;-;-;-
99274B3204701;Sykkelstamvegen Forus nord;EV39 S1000D65 m24;2026-08-02T18:00+02:00;2026-08-02T19:00+02:00;2026-08-02;18:00;19:00;Totalt i retning Stavanger;13;100,0;1;1;0;13;0,00;-;-;-;-;-;-;-;-
99274B3204701;Sykkelstamvegen Forus nord;EV39 S1000D65 m24;2026-08-02T18:00+02:00;2026-08-02T19:00+02:00;2026-08-02;18:00;19:00;Totalt;27;100,0;1;1;0;27;0,00;-;-;-;-;-;-;-;-
99274B3204701;Sykkelstamvegen Forus nord;EV39 S1000D65 m24;2026-08-02T19:00+02:00;2026-08-02T20:00+02:00;2026-08-02;19:00;20:00;1;13;100,0;1;1;0;13;0,00;-;-;-;-;-;-;-;-
99274B3204701;Sykkelstamvegen Forus nord;EV39 S1000D65 m24;2026-08-02T19:00+02:00;2026-08-02T20:00+02:00;2026-08-02;19:00;20:00;2;13;100,0;1;1;0;13;0,00;-;-;-;-;-;-;-;-
99274B3204701;Sykkelstamvegen Forus nord;EV39 S1000D65 m24;2026-08-02T19:00+02:00;2026-08-02T20:00+02:00;2026-08-02;19:00;20:00;Totalt i retning Sandnes;13;100,0;1;1;0;13;0,00;-;-;-;-;-;-;-;-
99274B3204701;Sykkelstamvegen Forus nord;EV39 S1000D65 m24;2026-08-02T19:00+02:00;2026-08-02T20:00+02:00;2026-08-02;19:00;20:00;Totalt i retning Stavanger;13;100,0;1;1;0;13;0,00;-;-;-;-;-;-;-;-
99274B3204701;Sykkelstamvegen Forus nord;EV39 S1000D65 m24;2026-08-02T19:00+02:00;2026-08-02T20:00+02:00;2026-08-02;19:00;20:00;Totalt;26;100,0;1;1;0;26;0,00;-;-;-;-;-;-;-;-
99274B3204701;Sykkelstamvegen Forus nord;EV39 S1000D65 m24;2026-08-02T20:00+02:00;2026-08-02T21:00+02:00;2026-08-02;20:00;21:00;1;9;100,0;1;1;0;9;0,00;-;-;-;-;-;-;-;-
99274B3204701;Sykkelstamvegen Forus nord;EV39 S1000D65 m24;2026-08-02T20:00+02:00;2026-08-02T21:00+02:00;2026-08-02;20:00;21:00;2;6;100,0;1;1;0;6;0,00;-;-;-;-;-;-;-;-
99274B3204701;Sykkelstamvegen Forus nord;EV39 S1000D65 m24;2026-08-02T20:00+02:00;2026-08-02T21:00+02:00;2026-08-02;20:00;21:00;Totalt i retning Sandnes;7;100,0;1;1;0;7;0,00;-;-;-;-;-;-;-;-
99274B3204701;Sykkelstamvegen Forus nord;EV39 S1000D65 m24;2026-08-02T20:00+02:00;2026-08-02T21:00+02:00;2026-08-02;20:00;21:00;Totalt i retning Stavanger;8;100,0;1;1;0;8;0,00;-;-;-;-;-;-;-;-
99274B3204701;Sykkelstamvegen Forus nord;EV39 S1000D65 m24;2026-08-02T20:00+02:00;2026-08-02T21:00+02:00;2026-08-02;20:00;21:00;Totalt;15;100,0;1;1;0;15;0,00;-;-;-;-;-;-;-;-
99274B3204701;Sykkelstamvegen Forus nord;EV39 S1000D65 m24;2026-08-02T21:00+02:00;2026-08-02T22:00+02:00;2026-08-02;21:00;22:00;1;8;100,0;1;1;0;8;0,00;-;-;-;-;-;-;-;-
99274B3204701;Sykkelstamvegen Forus nord;EV39 S1000D65 m24;2026-08-02T21:00+02:00;2026-08-02T22:00+02:00;2026-08-02;21:00;22:00;2;4;100,0;1;1;0;4;0,00;-;-;-;-;-;-;-;-
99274B3204701;Sykkelstamvegen Forus nord;EV39 S1000D65 m24;2026-08-02T21:00+02:00;2026-08-02T22:00+02:00;2026-08-02;21:00;22:00;Totalt i retning Sandnes;7;100,0;1;1;0;7;0,00;-;-;-;-;-;-;-;-
99274B3204701;Sykkelstamvegen Forus nord;EV39 S1000D65 m24;2026-08-02T21:00+02:00;2026-08-02T22:00+02:00;2026-08-02;21:00;22:00;Totalt i retning Stavanger;5;100,0;1;1;0;5;0,00;-;-;-;-;-;-;-;-
99274B3204701;Sykkelstamvegen Forus nord;EV39 S1000D65 m24;2026-08-02T21:00+02:00;2026-08-02T22:00+02:00;2026-08-02;21:00;22:00;Totalt;12;100,0;1;1;0;12;0,00;-;-;-;-;-;-;-;-
99274B3204701;Sykkelstamvegen Forus nord;EV39 S1000D65 m24;2026-08-02T22:00+02:00;2026-08-02T23:00+02:00;2026-08-02;22:00;23:00;1;3;100,0;1;1;0;3;0,00;-;-;-;-;-;-;-;-
99274B3204701;Sykkelstamvegen Forus nord;EV39 S1000D65 m24;2026-08-02T22:00+02:00;2026-08-02T23:00+02:00;2026-08-02;22:00;23:00;2;4;100,0;1;1;0;4;0,00;-;-;-;-;-;-;-;-
99274B3204701;Sykkelstamvegen Forus nord;EV39 S1000D65 m24;2026-08-02T22:00+02:00;2026-08-02T23:00+02:00;2026-08-02;22:00;23:00;Totalt i retning Sandnes;3;100,0;1;1;0;3;0,00;-;-;-;-;-;-;-;-
99274B3204701;Sykkelstamvegen Forus nord;EV39 S1000D65 m24;2026-08-02T22:00+02:00;2026-08-02T23:00+02:00;2026-08-02;22:00;23:00;Totalt i retning Stavanger;4;100,0;1;1;0;4;0,00;-;-;-;-;-;-;-;-
99274B3204701;Sykkelstamvegen Forus nord;EV39 S1000D65 m24;2026-08-02T22:00+02:00;2026-08-02T23:00+02:00;2026-08-02;22:00;23:00;Totalt;7;100,0;1;1;0;7;0,00;-;-;-;-;-;-;-;-
99274B3204701;Sykkelstamvegen Forus nord;EV39 S1000D65 m24;2026-08-02T23:00+02:00;2026-08-03T00:00+02:00;2026-08-02;23:00;00:00;1;0;100,0;1;1;0;0;100,00;-;-;-;-;-;-;-;-
99274B3204701;Sykkelstamvegen Forus nord;EV39 S1000D65 m24;2026-08-02T23:00+02:00;2026-08-03T00:00+02:00;2026-08-02;23:00;00:00;2;1;100,0;1;1;0;1;0,00;-;-;-;-;-;-;-;-
99274B3204701;Sykkelstamvegen Forus nord;EV39 S1000D65 m24;2026-08-02T23:00+02:00;2026-08-03T00:00+02:00;2026-08-02;23:00;00:00;Totalt i retning Sandnes;0;100,0;1;1;0;0;100,00;-;-;-;-;-;-;-;-
99274B3204701;Sykkelstamvegen Forus nord;EV39 S1000D65 m24;2026-08-02T23:00+02:00;2026-08-03T00:00+02:00;2026-08-02;23:00;00:00;Totalt i retning Stavanger;1;100,0;1;1;0;1;0,00;-;-;-;-;-;-;-;-
99274B3204701;Sykkelstamvegen Forus nord;EV39 S1000D65 m24;2026-08-02T23:00+02:00;2026-08-03T00:00+02:00;2026-08-02;23:00;00:00;Totalt;1;100,0;1;1;0;1;0,00;-;-;-;-;-;-;-;-
99274B3204701;Sykkelstamvegen Forus nord;EV39 S1000D65 m24;2026-08-03T00:00+02:00;2026-08-03T01:00+02:00;2026-08-03;00:00;01:00;1;0;100,0;1;1;0;0;100,00;-;-;-;-;-;-;-;-
99274B3204701;Sykkelstamvegen Forus nord;EV39 S1000D65 m24;2026-08-03T00:00+02:00;2026-08-03T01:00+02:00;2026-08-03;00:00;01:00;2;0;100,0;1;1;0;0;100,00;-;-;-;-;-;-;-;-
99274B3204701;Sykkelstamvegen Forus nord;EV39 S1000D65 m24;2026-08-03T00:00+02:00;2026-08-03T01:00+02:00;2026-08-03;00:00;01:00;Totalt i retning Sandnes;0;100,0;1;1;0;0;100,00;-;-;-;-;-;-;-;-
99274B3204701;Sykkelstamvegen Forus nord;EV39 S1000D65 m24;2026-08-03T00:00+02:00;2026-08-03T01:00+02:00;2026-08-03;00:00;01:00;Totalt i retning Stavanger;0;100,0;1;1;0;0;100,00;-;-;-;-;-;-;-;-
99274B3204701;Sykkelstamvegen Forus nord;EV39 S1000D65 m24;2026-08-03T00:00+02:00;2026-08-03T01:00+02:00;2026-08-03;00:00;01:00;Totalt;0;100,0;1;1;0;0;100,00;-;-;-;-;-;-;-;-
99274B3204701;Sykkelstamvegen Forus nord;EV39 S1000D65 m24;2026-08-03T01:00+02:00;2026-08-03T02:00+02:00;2026-08-03;01:00;02:00;1;1;100,0;1;1;0;1;0,00;-;-;-;-;-;-;-;-
99274B3204701;Sykkelstamvegen Forus nord;EV39 S1000D65 m24;2026-08-03T01:00+02:00;2026-08-03T02:00+02:00;2026-08-03;01:00;02:00;2;0;100,0;1;1;0;0;100,00;-;-;-;-;-;-;-;-
99274B3204701;Sykkelstamvegen Forus nord;EV39 S1000D65 m24;2026-08-03T01:00+02:00;2026-08-03T02:00+02:00;2026-08-03;01:00;02:00;Totalt i retning Sandnes;0;100,0;1;1;0;0;100,00;-;-;-;-;-;-;-;-
99274B3204701;Sykkelstamvegen Forus nord;EV39 S1000D65 m24;2026-08-03T01:00+02:00;2026-08-03T02:00+02:00;2026-08-03;01:00;02:00;Totalt i retning Stavanger;1;100,0;1;1;0;1;0,00;-;-;-;-;-;-;-;-
99274B3204701;Sykkelstamvegen Forus nord;EV39 S1000D65 m24;2026-08-03T01:00+02:00;2026-08-03T02:00+02:00;2026-08-03;01:00;02:00;Totalt;1;100,0;1;1;0;1;0,00;-;-;-;-;-;-;-;-
99274B3204701;Sykkelstamvegen Forus nord;EV39 S1000D65 m24;2026-08-03T02:00+02:00;2026-08-03T03:00+02:00;2026-08-03;02:00;03:00;1;0;100,0;1;1;0;0;100,00;-;-;-;-;-;-;-;-
99274B3204701;Sykkelstamvegen Forus nord;EV39 S1000D65 m24;2026-08-03T02:00+02:00;2026-08-03T03:00+02:00;2026-08-03;02:00;03:00;2;0;100,0;1;1;0;0;100,00;-;-;-;-;-;-;-;-
99274B3204701;Sykkelstamvegen Forus nord;EV39 S1000D65 m24;2026-08-03T02:00+02:00;2026-08-03T03:00+02:00;2026-08-03;02:00;03:00;Totalt i retning Sandnes;0;100,0;1;1;0;0;100,00;-;-;-;-;-;-;-;-
99274B3204701;Sykkelstamvegen Forus nord;EV39 S1000D65 m24;2026-08-03T02:00+02:00;2026-08-03T03:00+02:00;2026-08-03;02:00;03:00;Totalt i retning Stavanger;0;100,0;1;1;0;0;100,00;-;-;-;-;-;-;-;-
99274B3204701;Sykkelstamvegen Forus nord;EV39 S1000D65 m24;2026-08-03T02:00+02:00;2026-08-03T03:00+02:00;2026-08-03;02:00;03:00;Totalt;0;100,0;1;1;0;0;100,00;-;-;-;-;-;-;-;-
99274B3204701;Sykkelstamvegen Forus nord;EV39 S1000D65 m24;2026-08-03T03:00+02:00;2026-08-03T04:00+02:00;2026-08-03;03:00;04:00;1;0;100,0;1;1;0;0;100,00;-;-;-;-;-;-;-;-
99274B3204701;Sykkelstamvegen Forus nord;EV39 S1000D65 m24;2026-08-03T03:00+02:00;2026-08-03T04:00+02:00;2026-08-03;03:00;04:00;2;0;100,0;1;1;0;0;100,00;-;-;-;-;-;-;-;-
99274B3204701;Sykkelstamvegen Forus nord;EV39 S1000D65 m24;2026-08-03T03:00+02:00;2026-08-03T04:00+02:00;2026-08-03;03:00;04:00;Totalt i retning Sandnes;0;100,0;1;1;0;0;100,00;-;-;-;-;-;-;-;-
99274B3204701;Sykkelstamvegen Forus nord;EV39 S1000D65 m24;2026-08-03T03:00+02:00;2026-08-03T04:00+02:00;2026-08-03;03:00;04:00;Totalt i retning Stavanger;0;100,0;1;1;0;0;100,00;-;-;-;-;-;-;-;-
99274B3204701;Sykkelstamvegen Forus nord;EV39 S1000D65 m24;2026-08-03T03:00+02:00;2026-08-03T04:00+02:00;2026-08-03;03:00;04:00;Totalt;0;100,0;1;1;0;0;100,00;-;-;-;-;-;-;-;-
99274B3204701;Sykkelstamvegen Forus nord;EV39 S1000D65 m24;2026-08-03T04:00+02:00;2026-08-03T05:00+02:00;2026-08-03;04:00;05:00;1;0;100,0;1;1;0;0;100,00;-;-;-;-;-;-;-;-
99274B3204701;Sykkelstamvegen Forus nord;EV39 S1000D65 m24;2026-08-03T04:00+02:00;2026-08-03T05:00+02:00;2026-08-03;04:00;05:00;2;2;100,0;1;1;0;2;0,00;-;-;-;-;-;-;-;-
99274B3204701;Sykkelstamvegen Forus nord;EV39 S1000D65 m24;2026-08-03T04:00+02:00;2026-08-03T05:00+02:00;2026-08-03;04:00;05:00;Totalt i retning Sandnes;0;100,0;1;1;0;0;100,00;-;-;-;-;-;-;-;-
99274B3204701;Sykkelstamvegen Forus nord;EV39 S1000D65 m24;2026-08-03T04:00+02:00;2026-08-03T05:00+02:00;2026-08-03;04:00;05:00;Totalt i retning Stavanger;2;100,0;1;1;0;2;0,00;-;-;-;-;-;-;-;-
99274B3204701;Sykkelstamvegen Forus nord;EV39 S1000D65 m24;2026-08-03T04:00+02:00;2026-08-03T05:00+02:00;2026-08-03;04:00;05:00;Totalt;2;100,0;1;1;0;2;0,00;-;-;-;-;-;-;-;-
99274B3204701;Sykkelstamvegen Forus nord;EV39 S1000D65 m24;2026-08-03T05:00+02:00;2026-08-03T06:00+02:00;2026-08-03;05:00;06:00;1;7;100,0;1;1;0;7;0,00;-;-;-;-;-;-;-;-
99274B3204701;Sykkelstamvegen Forus nord;EV39 S1000D65 m24;2026-08-03T05:00+02:00;2026-08-03T06:00+02:00;2026-08-03;05:00;06:00;2;7;100,0;1;1;0;7;0,00;-;-;-;-;-;-;-;-
99274B3204701;Sykkelstamvegen Forus nord;EV39 S1000D65 m24;2026-08-03T05:00+02:00;2026-08-03T06:00+02:00;2026-08-03;05:00;06:00;Totalt i retning Sandnes;6;100,0;1;1;0;6;0,00;-;-;-;-;-;-;-;-
99274B3204701;Sykkelstamvegen Forus nord;EV39 S1000D65 m24;2026-08-03T05:00+02:00;2026-08-03T06:00+02:00;2026-08-03;05:00;06:00;Totalt i retning Stavanger;8;100,0;1;1;0;8;0,00;-;-;-;-;-;-;-;-
99274B3204701;Sykkelstamvegen Forus nord;EV39 S1000D65 m24;2026-08-03T05:00+02:00;2026-08-03T06:00+02:00;2026-08-03;05:00;06:00;Totalt;14;100,0;1;1;0;14;0,00;-;-;-;-;-;-;-;-
99274B3204701;Sykkelstamvegen Forus nord;EV39 S1000D65 m24;2026-08-03T06:00+02:00;2026-08-03T07:00+02:00;2026-08-03;06:00;07:00;1;28;100,0;1;1;0;28;0,00;-;-;-;-;-;-;-;-
99274B3204701;Sykkelstamvegen Forus nord;EV39 S1000D65 m24;2026-08-03T06:00+02:00;2026-08-03T07:00+02:00;2026-08-03;06:00;07:00;2;48;100,0;1;1;0;48;0,00;-;-;-;-;-;-;-;-
99274B3204701;Sykkelstamvegen Forus nord;EV39 S1000D65 m24;2026-08-03T06:00+02:00;2026-08-03T07:00+02:00;2026-08-03;06:00;07:00;Totalt i retning Sandnes;26;100,0;1;1;0;26;0,00;-;-;-;-;-;-;-;-
99274B3204701;Sykkelstamvegen Forus nord;EV39 S1000D65 m24;2026-08-03T06:00+02:00;2026-08-03T07:00+02:00;2026-08-03;06:00;07:00;Totalt i retning Stavanger;50;100,0;1;1;0;50;0,00;-;-;-;-;-;-;-;-
99274B3204701;Sykkelstamvegen Forus nord;EV39 S1000D65 m24;2026-08-03T06:00+02:00;2026-08-03T07:00+02:00;2026-08-03;06:00;07:00;Totalt;76;100,0;1;1;0;76;0,00;-;-;-;-;-;-;-;-
99274B3204701;Sykkelstamvegen Forus nord;EV39 S1000D65 m24;2026-08-03T07:00+02:00;2026-08-03T08:00+02:00;2026-08-03;07:00;08:00;1;50;100,0;1;1;0;50;0,00;-;-;-;-;-;-;-;-
99274B3204701;Sykkelstamvegen Forus nord;EV39 S1000D65 m24;2026-08-03T07:00+02:00;2026-08-03T08:00+02:00;2026-08-03;07:00;08:00;2;102;100,0;1;1;0;102;0,00;-;-;-;-;-;-;-;-
99274B3204701;Sykkelstamvegen Forus nord;EV39 S1000D65 m24;2026-08-03T07:00+02:00;2026-08-03T08:00+02:00;2026-08-03;07:00;08:00;Totalt i retning Sandnes;49;100,0;1;1;0;49;0,00;-;-;-;-;-;-;-;-
99274B3204701;Sykkelstamvegen Forus nord;EV39 S1000D65 m24;2026-08-03T07:00+02:00;2026-08-03T08:00+02:00;2026-08-03;07:00;08:00;Totalt i retning Stavanger;103;100,0;1;1;0;103;0,00;-;-;-;-;-;-;-;-
99274B3204701;Sykkelstamvegen Forus nord;EV39 S1000D65 m24;2026-08-03T07:00+02:00;2026-08-03T08:00+02:00;2026-08-03;07:00;08:00;Totalt;152;100,0;1;1;0;152;0,00;-;-;-;-;-;-;-;-
99274B3204701;Sykkelstamvegen Forus nord;EV39 S1000D65 m24;2026-08-03T08:00+02:00;2026-08-03T09:00+02:00;2026-08-03;08:00;09:00;1;23;100,0;1;1;0;23;0,00;-;-;-;-;-;-;-;-
99274B3204701;Sykkelstamvegen Forus nord;EV39 S1000D65 m24;2026-08-03T08:00+02:00;2026-08-03T09:00+02:00;2026-08-03;08:00;09:00;2;37;100,0;1;1;0;37;0,00;-;-;-;-;-;-;-;-
99274B3204701;Sykkelstamvegen Forus nord;EV39 S1000D65 m24;2026-08-03T08:00+02:00;2026-08-03T09:00+02:00;2026-08-03;08:00;09:00;Totalt i retning Sandnes;22;100,0;1;1;0;22;0,00;-;-;-;-;-;-;-;-
99274B3204701;Sykkelstamvegen Forus nord;EV39 S1000D65 m24;2026-08-03T08:00+02:00;2026-08-03T09:00+02:00;2026-08-03;08:00;09:00;Totalt i retning Stavanger;38;100,0;1;1;0;38;0,00;-;-;-;-;-;-;-;-
99274B3204701;Sykkelstamvegen Forus nord;EV39 S1000D65 m24;2026-08-03T08:00+02:00;2026-08-03T09:00+02:00;2026-08-03;08:00;09:00;Totalt;60;100,0;1;1;0;60;0,00;-;-;-;-;-;-;-;-
99274B3204701;Sykkelstamvegen Forus nord;EV39 S1000D65 m24;2026-08-03T09:00+02:00;2026-08-03T10:00+02:00;2026-08-03;09:00;10:00;1;11;100,0;1;1;0;11;0,00;-;-;-;-;-;-;-;-
99274B3204701;Sykkelstamvegen Forus nord;EV39 S1000D65 m24;2026-08-03T09:00+02:00;2026-08-03T10:00+02:00;2026-08-03;09:00;10:00;2;13;100,0;1;1;0;13;0,00;-;-;-;-;-;-;-;-
99274B3204701;Sykkelstamvegen Forus nord;EV39 S1000D65 m24;2026-08-03T09:00+02:00;2026-08-03T10:00+02:00;2026-08-03;09:00;10:00;Totalt i retning Sandnes;11;100,0;1;1;0;11;0,00;-;-;-;-;-;-;-;-
99274B3204701;Sykkelstamvegen Forus nord;EV39 S1000D65 m24;2026-08-03T09:00+02:00;2026-08-03T10:00+02:00;2026-08-03;09:00;10:00;Totalt i retning Stavanger;13;100,0;1;1;0;13;0,00;-;-;-;-;-;-;-;-
99274B3204701;Sykkelstamvegen Forus nord;EV39 S1000D65 m24;2026-08-03T09:00+02:00;2026-08-03T10:00+02:00;2026-08-03;09:00;10:00;Totalt;24;100,0;1;1;0;24;0,00;-;-;-;-;-;-;-;-
99274B3204701;Sykkelstamvegen Forus nord;EV39 S1000D65 m24;2026-08-03T10:00+02:00;2026-08-03T11:00+02:00;2026-08-03;10:00;11:00;1;35;100,0;1;1;0;35;0,00;-;-;-;-;-;-;-;-
99274B3204701;Sykkelstamvegen Forus nord;EV39 S1000D65 m24;2026-08-03T10:00+02:00;2026-08-03T11:00+02:00;2026-08-03;10:00;11:00;2;33;100,0;1;1;0;33;0,00;-;-;-;-;-;-;-;-
99274B3204701;Sykkelstamvegen Forus nord;EV39 S1000D65 m24;2026-08-03T10:00+02:00;2026-08-03T11:00+02:00;2026-08-03;10:00;11:00;Totalt i retning Sandnes;35;100,0;1;1;0;35;0,00;-;-;-;-;-;-;-;-
99274B3204701;Sykkelstamvegen Forus nord;EV39 S1000D65 m24;2026-08-03T10:00+02:00;2026-08-03T11:00+02:00;2026-08-03;10:00;11:00;Totalt i retning Stavanger;33;100,0;1;1;0;33;0,00;-;-;-;-;-;-;-;-
99274B3204701;Sykkelstamvegen Forus nord;EV39 S1000D65 m24;2026-08-03T10:00+02:00;2026-08-03T11:00+02:00;2026-08-03;10:00;11:00;Totalt;68;100,0;1;1;0;68;0,00;-;-;-;-;-;-;-;-
99274B3204701;Sykkelstamvegen Forus nord;EV39 S1000D65 m24;2026-08-03T11:00+02:00;2026-08-03T12:00+02:00;2026-08-03;11:00;12:00;1;18;100,0;1;1;0;18;0,00;-;-;-;-;-;-;-;-
99274B3204701;Sykkelstamvegen Forus nord;EV39 S1000D65 m24;2026-08-03T11:00+02:00;2026-08-03T12:00+02:00;2026-08-03;11:00;12:00;2;19;100,0;1;1;0;19;0,00;-;-;-;-;-;-;-;-
99274B3204701;Sykkelstamvegen Forus nord;EV39 S1000D65 m24;2026-08-03T11:00+02:00;2026-08-03T12:00+02:00;2026-08-03;11:00;12:00;Totalt i retning Sandnes;16;100,0;1;1;0;16;0,00;-;-;-;-;-;-;-;-
99274B3204701;Sykkelstamvegen Forus nord;EV39 S1000D65 m24;2026-08-03T11:00+02:00;2026-08-03T12:00+02:00;2026-08-03;11:00;12:00;Totalt i retning Stavanger;21;100,0;1;1;0;21;0,00;-;-;-;-;-;-;-;-
99274B3204701;Sykkelstamvegen Forus nord;EV39 S1000D65 m24;2026-08-03T11:00+02:00;2026-08-03T12:00+02:00;2026-08-03;11:00;12:00;Totalt;37;100,0;1;1;0;37;0,00;-;-;-;-;-;-;-;-
99274B3204701;Sykkelstamvegen Forus nord;EV39 S1000D65 m24;2026-08-03T12:00+02:00;2026-08-03T13:00+02:00;2026-08-03;12:00;13:00;1;35;100,0;1;1;0;35;0,00;-;-;-;-;-;-;-;-
99274B3204701;Sykkelstamvegen Forus nord;EV39 S1000D65 m24;2026-08-03T12:00+02:00;2026-08-03T13:00+02:00;2026-08-03;12:00;13:00;2;35;100,0;1;1;0;35;0,00;-;-;-;-;-;-;-;-
99274B3204701;Sykkelstamvegen Forus nord;EV39 S1000D65 m24;2026-08-03T12:00+02:00;2026-08-03T13:00+02:00;2026-08-03;12:00;13:00;Totalt i retning Sandnes;34;100,0;1;1;0;34;0,00;-;-;-;-;-;-;-;-
99274B3204701;Sykkelstamvegen Forus nord;EV39 S1000D65 m24;2026-08-03T12:00+02:00;2026-08-03T13:00+02:00;2026-08-03;12:00;13:00;Totalt i retning Stavanger;36;100,0;1;1;0;36;0,00;-;-;-;-;-;-;-;-
99274B3204701;Sykkelstamvegen Forus nord;EV39 S1000D65 m24;2026-08-03T12:00+02:00;2026-08-03T13:00+02:00;2026-08-03;12:00;13:00;Totalt;70;100,0;1;1;0;70;0,00;-;-;-;-;-;-;-;-
99274B3204701;Sykkelstamvegen Forus nord;EV39 S1000D65 m24;2026-08-03T13:00+02:00;2026-08-03T14:00+02:00;2026-08-03;13:00;14:00;1;21;100,0;1;1;0;21;0,00;-;-;-;-;-;-;-;-
99274B3204701;Sykkelstamvegen Forus nord;EV39 S1000D65 m24;2026-08-03T13:00+02:00;2026-08-03T14:00+02:00;2026-08-03;13:00;14:00;2;20;100,0;1;1;0;20;0,00;-;-;-;-;-;-;-;-
99274B3204701;Sykkelstamvegen Forus nord;EV39 S1000D65 m24;2026-08-03T13:00+02:00;2026-08-03T14:00+02:00;2026-08-03;13:00;14:00;Totalt i retning Sandnes;20;100,0;1;1;0;20;0,00;-;-;-;-;-;-;-;-
99274B3204701;Sykkelstamvegen Forus nord;EV39 S1000D65 m24;2026-08-03T13:00+02:00;2026-08-03T14:00+02:00;2026-08-03;13:00;14:00;Totalt i retning Stavanger;21;100,0;1;1;0;21;0,00;-;-;-;-;-;-;-;-
99274B3204701;Sykkelstamvegen Forus nord;EV39 S1000D65 m24;2026-08-03T13:00+02:00;2026-08-03T14:00+02:00;2026-08-03;13:00;14:00;Totalt;41;100,0;1;1;0;41;0,00;-;-;-;-;-;-;-;-
99274B3204701;Sykkelstamvegen Forus nord;EV39 S1000D65 m24;2026-08-03T14:00+02:00;2026-08-03T15:00+02:00;2026-08-03;14:00;15:00;1;56;100,0;1;1;0;56;0,00;-;-;-;-;-;-;-;-
99274B3204701;Sykkelstamvegen Forus nord;EV39 S1000D65 m24;2026-08-03T14:00+02:00;2026-08-03T15:00+02:00;2026-08-03;14:00;15:00;2;23;100,0;1;1;0;23;0,00;-;-;-;-;-;-;-;-
99274B3204701;Sykkelstamvegen Forus nord;EV39 S1000D65 m24;2026-08-03T14:00+02:00;2026-08-03T15:00+02:00;2026-08-03;14:00;15:00;Totalt i retning Sandnes;54;100,0;1;1;0;54;0,00;-;-;-;-;-;-;-;-
99274B3204701;Sykkelstamvegen Forus nord;EV39 S1000D65 m24;2026-08-03T14:00+02:00;2026-08-03T15:00+02:00;2026-08-03;14:00;15:00;Totalt i retning Stavanger;25;100,0;1;1;0;25;0,00;-;-;-;-;-;-;-;-
99274B3204701;Sykkelstamvegen Forus nord;EV39 S1000D65 m24;2026-08-03T14:00+02:00;2026-08-03T15:00+02:00;2026-08-03;14:00;15:00;Totalt;79;100,0;1;1;0;79;0,00;-;-;-;-;-;-;-;-
99274B3204701;Sykkelstamvegen Forus nord;EV39 S1000D65 m24;2026-08-03T15:00+02:00;2026-08-03T16:00+02:00;2026-08-03;15:00;16:00;1;112;100,0;1;1;0;112;0,00;-;-;-;-;-;-;-;-
99274B3204701;Sykkelstamvegen Forus nord;EV39 S1000D65 m24;2026-08-03T15:00+02:00;2026-08-03T16:00+02:00;2026-08-03;15:00;16:00;2;66;100,0;1;1;0;66;0,00;-;-;-;-;-;-;-;-
99274B3204701;Sykkelstamvegen Forus nord;EV39 S1000D65 m24;2026-08-03T15:00+02:00;2026-08-03T16:00+02:00;2026-08-03;15:00;16:00;Totalt i retning Sandnes;111;100,0;1;1;0;111;0,00;-;-;-;-;-;-;-;-
99274B3204701;Sykkelstamvegen Forus nord;EV39 S1000D65 m24;2026-08-03T15:00+02:00;2026-08-03T16:00+02:00;2026-08-03;15:00;16:00;Totalt i retning Stavanger;67;100,0;1;1;0;67;0,00;-;-;-;-;-;-;-;-
99274B3204701;Sykkelstamvegen Forus nord;EV39 S1000D65 m24;2026-08-03T15:00+02:00;2026-08-03T16:00+02:00;2026-08-03;15:00;16:00;Totalt;178;100,0;1;1;0;178;0,00;-;-;-;-;-;-;-;-
99274B3204701;Sykkelstamvegen Forus nord;EV39 S1000D65 m24;2026-08-03T16:00+02:00;2026-08-03T17:00+02:00;2026-08-03;16:00;17:00;1;115;100,0;1;1;0;115;0,00;-;-;-;-;-;-;-;-
99274B3204701;Sykkelstamvegen Forus nord;EV39 S1000D65 m24;2026-08-03T16:00+02:00;2026-08-03T17:00+02:00;2026-08-03;16:00;17:00;2;61;100,0;1;1;0;61;0,00;-;-;-;-;-;-;-;-
99274B3204701;Sykkelstamvegen Forus nord;EV39 S1000D65 m24;2026-08-03T16:00+02:00;2026-08-03T17:00+02:00;2026-08-03;16:00;17:00;Totalt i retning Sandnes;114;100,0;1;1;0;114;0,00;-;-;-;-;-;-;-;-
99274B3204701;Sykkelstamvegen Forus nord;EV39 S1000D65 m24;2026-08-03T16:00+02:00;2026-08-03T17:00+02:00;2026-08-03;16:00;17:00;Totalt i retning Stavanger;62;100,0;1;1;0;62;0,00;-;-;-;-;-;-;-;-
99274B3204701;Sykkelstamvegen Forus nord;EV39 S1000D65 m24;2026-08-03T16:00+02:00;2026-08-03T17:00+02:00;2026-08-03;16:00;17:00;Totalt;176;100,0;1;1;0;176;0,00;-;-;-;-;-;-;-;-
99274B3204701;Sykkelstamvegen Forus nord;EV39 S1000D65 m24;2026-08-03T17:00+02:00;2026-08-03T18:00+02:00;2026-08-03;17:00;18:00;1;37;100,0;1;1;0;37;0,00;-;-;-;-;-;-;-;-
99274B3204701;Sykkelstamvegen Forus nord;EV39 S1000D65 m24;2026-08-03T17:00+02:00;2026-08-03T18:00+02:00;2026-08-03;17:00;18:00;2;38;100,0;1;1;0;38;0,00;-;-;-;-;-;-;-;-
99274B3204701;Sykkelstamvegen Forus nord;EV39 S1000D65 m24;2026-08-03T17:00+02:00;2026-08-03T18:00+02:00;2026-08-03;17:00;18:00;Totalt i retning Sandnes;39;100,0;1;1;0;39;0,00;-;-;-;-;-;-;-;-
99274B3204701;Sykkelstamvegen Forus nord;EV39 S1000D65 m24;2026-08-03T17:00+02:00;2026-08-03T18:00+02:00;2026-08-03;17:00;18:00;Totalt i retning Stavanger;36;100,0;1;1;0;36;0,00;-;-;-;-;-;-;-;-
99274B3204701;Sykkelstamvegen Forus nord;EV39 S1000D65 m24;2026-08-03T17:00+02:00;2026-08-03T18:00+02:00;2026-08-03;17:00;18:00;Totalt;75;100,0;1;1;0;75;0,00;-;-;-;-;-;-;-;-
99274B3204701;Sykkelstamvegen Forus nord;EV39 S1000D65 m24;2026-08-03T18:00+02:00;2026-08-03T19:00+02:00;2026-08-03;18:00;19:00;1;27;100,0;1;1;0;27;0,00;-;-;-;-;-;-;-;-
99274B3204701;Sykkelstamvegen Forus nord;EV39 S1000D65 m24;2026-08-03T18:00+02:00;2026-08-03T19:00+02:00;2026-08-03;18:00;19:00;2;29;100,0;1;1;0;29;0,00;-;-;-;-;-;-;-;-
99274B3204701;Sykkelstamvegen Forus nord;EV39 S1000D65 m24;2026-08-03T18:00+02:00;2026-08-03T19:00+02:00;2026-08-03;18:00;19:00;Totalt i retning Sandnes;25;100,0;1;1;0;25;0,00;-;-;-;-;-;-;-;-
99274B3204701;Sykkelstamvegen Forus nord;EV39 S1000D65 m24;2026-08-03T18:00+02:00;2026-08-03T19:00+02:00;2026-08-03;18:00;19:00;Totalt i retning Stavanger;31;100,0;1;1;0;31;0,00;-;-;-;-;-;-;-;-
99274B3204701;Sykkelstamvegen Forus nord;EV39 S1000D65 m24;2026-08-03T18:00+02:00;2026-08-03T19:00+02:00;2026-08-03;18:00;19:00;Totalt;56;100,0;1;1;0;56;0,00;-;-;-;-;-;-;-;-
99274B3204701;Sykkelstamvegen Forus nord;EV39 S1000D65 m24;2026-08-03T19:00+02:00;2026-08-03T20:00+02:00;2026-08-03;19:00;20:00;1;28;100,0;1;1;0;28;0,00;-;-;-;-;-;-;-;-
99274B3204701;Sykkelstamvegen Forus nord;EV39 S1000D65 m24;2026-08-03T19:00+02:00;2026-08-03T20:00+02:00;2026-08-03;19:00;20:00;2;25;100,0;1;1;0;25;0,00;-;-;-;-;-;-;-;-
99274B3204701;Sykkelstamvegen Forus nord;EV39 S1000D65 m24;2026-08-03T19:00+02:00;2026-08-03T20:00+02:00;2026-08-03;19:00;20:00;Totalt i retning Sandnes;27;100,0;1;1;0;27;0,00;-;-;-;-;-;-;-;-
99274B3204701;Sykkelstamvegen Forus nord;EV39 S1000D65 m24;2026-08-03T19:00+02:00;2026-08-03T20:00+02:00;2026-08-03;19:00;20:00;Totalt i retning Stavanger;26;100,0;1;1;0;26;0,00;-;-;-;-;-;-;-;-
99274B3204701;Sykkelstamvegen Forus nord;EV39 S1000D65 m24;2026-08-03T19:00+02:00;2026-08-03T20:00+02:00;2026-08-03;19:00;20:00;Totalt;53;100,0;1;1;0;53;0,00;-;-;-;-;-;-;-;-
99274B3204701;Sykkelstamvegen Forus nord;EV39 S1000D65 m24;2026-08-03T20:00+02:00;2026-08-03T21:00+02:00;2026-08-03;20:00;21:00;1;25;100,0;1;1;0;25;0,00;-;-;-;-;-;-;-;-
99274B3204701;Sykkelstamvegen Forus nord;EV39 S1000D65 m24;2026-08-03T20:00+02:00;2026-08-03T21:00+02:00;2026-08-03;20:00;21:00;2;35;100,0;1;1;0;35;0,00;-;-;-;-;-;-;-;-
99274B3204701;Sykkelstamvegen Forus nord;EV39 S1000D65 m24;2026-08-03T20:00+02:00;2026-08-03T21:00+02:00;2026-08-03;20:00;21:00;Totalt i retning Sandnes;24;100,0;1;1;0;24;0,00;-;-;-;-;-;-;-;-
99274B3204701;Sykkelstamvegen Forus nord;EV39 S1000D65 m24;2026-08-03T20:00+02:00;2026-08-03T21:00+02:00;2026-08-03;20:00;21:00;Totalt i retning Stavanger;36;100,0;1;1;0;36;0,00;-;-;-;-;-;-;-;-
99274B3204701;Sykkelstamvegen Forus nord;EV39 S1000D65 m24;2026-08-03T20:00+02:00;2026-08-03T21:00+02:00;2026-08-03;20:00;21:00;Totalt;60;100,0;1;1;0;60;0,00;-;-;-;-;-;-;-;-
99274B3204701;Sykkelstamvegen Forus nord;EV39 S1000D65 m24;2026-08-03T21:00+02:00;2026-08-03T22:00+02:00;2026-08-03;21:00;22:00;1;4;100,0;1;1;0;4;0,00;-;-;-;-;-;-;-;-
99274B3204701;Sykkelstamvegen Forus nord;EV39 S1000D65 m24;2026-08-03T21:00+02:00;2026-08-03T22:00+02:00;2026-08-03;21:00;22:00;2;4;100,0;1;1;0;4;0,00;-;-;-;-;-;-;-;-
99274B3204701;Sykkelstamvegen Forus nord;EV39 S1000D65 m24;2026-08-03T21:00+02:00;2026-08-03T22:00+02:00;2026-08-03;21:00;22:00;Totalt i retning Sandnes;4;100,0;1;1;0;4;0,00;-;-;-;-;-;-;-;-
99274B3204701;Sykkelstamvegen Forus nord;EV39 S1000D65 m24;2026-08-03T21:00+02:00;2026-08-03T22:00+02:00;2026-08-03;21:00;22:00;Totalt i retning Stavanger;4;100,0;1;1;0;4;0,00;-;-;-;-;-;-;-;-
99274B3204701;Sykkelstamvegen Forus nord;EV39 S1000D65 m24;2026-08-03T21:00+02:00;2026-08-03T22:00+02:00;2026-08-03;21:00;22:00;Totalt;8;100,0;1;1;0;8;0,00;-;-;-;-;-;-;-;-
99274B3204701;Sykkelstamvegen Forus nord;EV39 S1000D65 m24;2026-08-03T22:00+02:00;2026-08-03T23:00+02:00;2026-08-03;22:00;23:00;1;4;100,0;1;1;0;4;0,00;-;-;-;-;-;-;-;-
99274B3204701;Sykkelstamvegen Forus nord;EV39 S1000D65 m24;2026-08-03T22:00+02:00;2026-08-03T23:00+02:00;2026-08-03;22:00;23:00;2;2;100,0;1;1;0;2;0,00;-;-;-;-;-;-;-;-
99274B3204701;Sykkelstamvegen Forus nord;EV39 S1000D65 m24;2026-08-03T22:00+02:00;2026-08-03T23:00+02:00;2026-08-03;22:00;23:00;Totalt i retning Sandnes;4;100,0;1;1;0;4;0,00;-;-;-;-;-;-;-;-
99274B3204701;Sykkelstamvegen Forus nord;EV39 S1000D65 m24;2026-08-03T22:00+02:00;2026-08-03T23:00+02:00;2026-08-03;22:00;23:00;Totalt i retning Stavanger;2;100,0;1;1;0;2;0,00;-;-;-;-;-;-;-;-
99274B3204701;Sykkelstamvegen Forus nord;EV39 S1000D65 m24;2026-08-03T22:00+02:00;2026-08-03T23:00+02:00;2026-08-03;22:00;23:00;Totalt;6;100,0;1;1;0;6;0,00;-;-;-;-;-;-;-;-
99274B3204701;Sykkelstamvegen Forus nord;EV39 S1000D65 m24;2026-08-03T23:00+02:00;2026-08-04T00:00+02:00;2026-08-03;23:00;00:00;1;2;100,0;1;1;0;2;0,00;-;-;-;-;-;-;-;-
99274B3204701;Sykkelstamvegen Forus nord;EV39 S1000D65 m24;2026-08-03T23:00+02:00;2026-08-04T00:00+02:00;2026-08-03;23:00;00:00;2;0;100,0;1;1;0;0;100,00;-;-;-;-;-;-;-;-
99274B3204701;Sykkelstamvegen Forus nord;EV39 S1000D65 m24;2026-08-03T23:00+02:00;2026-08-04T00:00+02:00;2026-08-03;23:00;00:00;Totalt i retning Sandnes;2;100,0;1;1;0;2;0,00;-;-;-;-;-;-;-;-
99274B3204701;Sykkelstamvegen Forus nord;EV39 S1000D65 m24;2026-08-03T23:00+02:00;2026-08-04T00:00+02:00;2026-08-03;23:00;00:00;Totalt i retning Stavanger;0;100,0;1;1;0;0;100,00;-;-;-;-;-;-;-;-
99274B3204701;Sykkelstamvegen Forus nord;EV39 S1000D65 m24;2026-08-03T23:00+02:00;2026-08-04T00:00+02:00;2026-08-03;23:00;00:00;Totalt;2;100,0;1;1;0;2;0,00;-;-;-;-;-;-;-;-
99274B3204701;Sykkelstamvegen Forus nord;EV39 S1000D65 m24;2026-08-04T00:00+02:00;2026-08-04T01:00+02:00;2026-08-04;00:00;01:00;1;0;100,0;1;1;0;0;100,00;-;-;-;-;-;-;-;-
99274B3204701;Sykkelstamvegen Forus nord;EV39 S1000D65 m24;2026-08-04T00:00+02:00;2026-08-04T01:00+02:00;2026-08-04;00:00;01:00;2;0;100,0;1;1;0;0;100,00;-;-;-;-;-;-;-;-
99274B3204701;Sykkelstamvegen Forus nord;EV39 S1000D65 m24;2026-08-04T00:00+02:00;2026-08-04T01:00+02:00;2026-08-04;00:00;01:00;Totalt i retning Sandnes;0;100,0;1;1;0;0;100,00;-;-;-;-;-;-;-;-
99274B3204701;Sykkelstamvegen Forus nord;EV39 S1000D65 m24;2026-08-04T00:00+02:00;2026-08-04T01:00+02:00;2026-08-04;00:00;01:00;Totalt i retning Stavanger;0;100,0;1;1;0;0;100,00;-;-;-;-;-;-;-;-
99274B3204701;Sykkelstamvegen Forus nord;EV39 S1000D65 m24;2026-08-04T00:00+02:00;2026-08-04T01:00+02:00;2026-08-04;00:00;01:00;Totalt;0;100,0;1;1;0;0;100,00;-;-;-;-;-;-;-;-
99274B3204701;Sykkelstamvegen Forus nord;EV39 S1000D65 m24;2026-08-04T01:00+02:00;2026-08-04T02:00+02:00;2026-08-04;01:00;02:00;1;1;100,0;1;1;0;1;0,00;-;-;-;-;-;-;-;-
99274B3204701;Sykkelstamvegen Forus nord;EV39 S1000D65 m24;2026-08-04T01:00+02:00;2026-08-04T02:00+02:00;2026-08-04;01:00;02:00;2;0;100,0;1;1;0;0;100,00;-;-;-;-;-;-;-;-
99274B3204701;Sykkelstamvegen Forus nord;EV39 S1000D65 m24;2026-08-04T01:00+02:00;2026-08-04T02:00+02:00;2026-08-04;01:00;02:00;Totalt i retning Sandnes;1;100,0;1;1;0;1;0,00;-;-;-;-;-;-;-;-
99274B3204701;Sykkelstamvegen Forus nord;EV39 S1000D65 m24;2026-08-04T01:00+02:00;2026-08-04T02:00+02:00;2026-08-04;01:00;02:00;Totalt i retning Stavanger;0;100,0;1;1;0;0;100,00;-;-;-;-;-;-;-;-
99274B3204701;Sykkelstamvegen Forus nord;EV39 S1000D65 m24;2026-08-04T01:00+02:00;2026-08-04T02:00+02:00;2026-08-04;01:00;02:00;Totalt;1;100,0;1;1;0;1;0,00;-;-;-;-;-;-;-;-
99274B3204701;Sykkelstamvegen Forus nord;EV39 S1000D65 m24;2026-08-04T02:00+02:00;2026-08-04T03:00+02:00;2026-08-04;02:00;03:00;1;0;100,0;1;1;0;0;100,00;-;-;-;-;-;-;-;-
99274B3204701;Sykkelstamvegen Forus nord;EV39 S1000D65 m24;2026-08-04T02:00+02:00;2026-08-04T03:00+02:00;2026-08-04;02:00;03:00;2;0;100,0;1;1;0;0;100,00;-;-;-;-;-;-;-;-
99274B3204701;Sykkelstamvegen Forus nord;EV39 S1000D65 m24;2026-08-04T02:00+02:00;2026-08-04T03:00+02:00;2026-08-04;02:00;03:00;Totalt i retning Sandnes;0;100,0;1;1;0;0;100,00;-;-;-;-;-;-;-;-
99274B3204701;Sykkelstamvegen Forus nord;EV39 S1000D65 m24;2026-08-04T02:00+02:00;2026-08-04T03:00+02:00;2026-08-04;02:00;03:00;Totalt i retning Stavanger;0;100,0;1;1;0;0;100,00;-;-;-;-;-;-;-;-
99274B3204701;Sykkelstamvegen Forus nord;EV39 S1000D65 m24;2026-08-04T02:00+02:00;2026-08-04T03:00+02:00;2026-08-04;02:00;03:00;Totalt;0;100,0;1;1;0;0;100,00;-;-;-;-;-;-;-;-
99274B3204701;Sykkelstamvegen Forus nord;EV39 S1000D65 m24;2026-08-04T03:00+02:00;2026-08-04T04:00+02:00;2026-08-04;03:00;04:00;1;0;100,0;1;1;0;0;100,00;-;-;-;-;-;-;-;-
99274B3204701;Sykkelstamvegen Forus nord;EV39 S1000D65 m24;2026-08-04T03:00+02:00;2026-08-04T04:00+02:00;2026-08-04;03:00;04:00;2;0;100,0;1;1;0;0;100,00;-;-;-;-;-;-;-;-
99274B3204701;Sykkelstamvegen Forus nord;EV39 S1000D65 m24;2026-08-04T03:00+02:00;2026-08-04T04:00+02:00;2026-08-04;03:00;04:00;Totalt i retning Sandnes;0;100,0;1;1;0;0;100,00;-;-;-;-;-;-;-;-
99274B3204701;Sykkelstamvegen Forus nord;EV39 S1000D65 m24;2026-08-04T03:00+02:00;2026-08-04T04:00+02:00;2026-08-04;03:00;04:00;Totalt i retning Stavanger;0;100,0;1;1;0;0;100,00;-;-;-;-;-;-;-;-
99274B3204701;Sykkelstamvegen Forus nord;EV39 S1000D65 m24;2026-08-04T03:00+02:00;2026-08-04T04:00+02:00;2026-08-04;03:00;04:00;Totalt;0;100,0;1;1;0;0;100,00;-;-;-;-;-;-;-;-
99274B3204701;Sykkelstamvegen Forus nord;EV39 S1000D65 m24;2026-08-04T04:00+02:00;2026-08-04T05:00+02:00;2026-08-04;04:00;05:00;1;1;100,0;1;1;0;1;0,00;-;-;-;-;-;-;-;-
99274B3204701;Sykkelstamvegen Forus nord;EV39 S1000D65 m24;2026-08-04T04:00+02:00;2026-08-04T05:00+02:00;2026-08-04;04:00;05:00;2;3;100,0;1;1;0;3;0,00;-;-;-;-;-;-;-;-
99274B3204701;Sykkelstamvegen Forus nord;EV39 S1000D65 m24;2026-08-04T04:00+02:00;2026-08-04T05:00+02:00;2026-08-04;04:00;05:00;Totalt i retning Sandnes;1;100,0;1;1;0;1;0,00;-;-;-;-;-;-;-;-
99274B3204701;Sykkelstamvegen Forus nord;EV39 S1000D65 m24;2026-08-04T04:00+02:00;2026-08-04T05:00+02:00;2026-08-04;04:00;05:00;Totalt i retning Stavanger;3;100,0;1;1;0;3;0,00;-;-;-;-;-;-;-;-
99274B3204701;Sykkelstamvegen Forus nord;EV39 S1000D65 m24;2026-08-04T04:00+02:00;2026-08-04T05:00+02:00;2026-08-04;04:00;05:00;Totalt;4;100,0;1;1;0;4;0,00;-;-;-;-;-;-;-;-
99274B3204701;Sykkelstamvegen Forus nord;EV39 S1000D65 m24;2026-08-04T05:00+02:00;2026-08-04T06:00+02:00;2026-08-04;05:00;06:00;1;8;100,0;1;1;0;8;0,00;-;-;-;-;-;-;-;-
99274B3204701;Sykkelstamvegen Forus nord;EV39 S1000D65 m24;2026-08-04T05:00+02:00;2026-08-04T06:00+02:00;2026-08-04;05:00;06:00;2;9;100,0;1;1;0;9;0,00;-;-;-;-;-;-;-;-
99274B3204701;Sykkelstamvegen Forus nord;EV39 S1000D65 m24;2026-08-04T05:00+02:00;2026-08-04T06:00+02:00;2026-08-04;05:00;06:00;Totalt i retning Sandnes;8;100,0;1;1;0;8;0,00;-;-;-;-;-;-;-;-
99274B3204701;Sykkelstamvegen Forus nord;EV39 S1000D65 m24;2026-08-04T05:00+02:00;2026-08-04T06:00+02:00;2026-08-04;05:00;06:00;Totalt i retning Stavanger;9;100,0;1;1;0;9;0,00;-;-;-;-;-;-;-;-
99274B3204701;Sykkelstamvegen Forus nord;EV39 S1000D65 m24;2026-08-04T05:00+02:00;2026-08-04T06:00+02:00;2026-08-04;05:00;06:00;Totalt;17;100,0;1;1;0;17;0,00;-;-;-;-;-;-;-;-
99274B3204701;Sykkelstamvegen Forus nord;EV39 S1000D65 m24;2026-08-04T06:00+02:00;2026-08-04T07:00+02:00;2026-08-04;06:00;07:00;1;25;100,0;1;1;0;25;0,00;-;-;-;-;-;-;-;-
99274B3204701;Sykkelstamvegen Forus nord;EV39 S1000D65 m24;2026-08-04T06:00+02:00;2026-08-04T07:00+02:00;2026-08-04;06:00;07:00;2;49;100,0;1;1;0;49;0,00;-;-;-;-;-;-;-;-
99274B3204701;Sykkelstamvegen Forus nord;EV39 S1000D65 m24;2026-08-04T06:00+02:00;2026-08-04T07:00+02:00;2026-08-04;06:00;07:00;Totalt i retning Sandnes;25;100,0;1;1;0;25;0,00;-;-;-;-;-;-;-;-
99274B3204701;Sykkelstamvegen Forus nord;EV39 S1000D65 m24;2026-08-04T06:00+02:00;2026-08-04T07:00+02:00;2026-08-04;06:00;07:00;Totalt i retning Stavanger;49;100,0;1;1;0;49;0,00;-;-;-;-;-;-;-;-
99274B3204701;Sykkelstamvegen Forus nord;EV39 S1000D65 m24;2026-08-04T06:00+02:00;2026-08-04T07:00+02:00;2026-08-04;06:00;07:00;Totalt;74;100,0;1;1;0;74;0,00;-;-;-;-;-;-;-;-
99274B3204701;Sykkelstamvegen Forus nord;EV39 S1000D65 m24;2026-08-04T07:00+02:00;2026-08-04T08:00+02:00;2026-08-04;07:00;08:00;1;35;100,0;1;1;0;35;0,00;-;-;-;-;-;-;-;-
99274B3204701;Sykkelstamvegen Forus nord;EV39 S1000D65 m24;2026-08-04T07:00+02:00;2026-08-04T08:00+02:00;2026-08-04;07:00;08:00;2;93;100,0;1;1;0;93;0,00;-;-;-;-;-;-;-;-
99274B3204701;Sykkelstamvegen Forus nord;EV39 S1000D65 m24;2026-08-04T07:00+02:00;2026-08-04T08:00+02:00;2026-08-04;07:00;08:00;Totalt i retning Sandnes;33;100,0;1;1;0;33;0,00;-;-;-;-;-;-;-;-
99274B3204701;Sykkelstamvegen Forus nord;EV39 S1000D65 m24;2026-08-04T07:00+02:00;2026-08-04T08:00+02:00;2026-08-04;07:00;08:00;Totalt i retning Stavanger;95;100,0;1;1;0;95;0,00;-;-;-;-;-;-;-;-
99274B3204701;Sykkelstamvegen Forus nord;EV39 S1000D65 m24;2026-08-04T07:00+02:00;2026-08-04T08:00+02:00;2026-08-04;07:00;08:00;Totalt;128;100,0;1;1;0;128;0,00;-;-;-;-;-;-;-;-
99274B3204701;Sykkelstamvegen Forus nord;EV39 S1000D65 m24;2026-08-04T08:00+02:00;2026-08-04T09:00+02:00;2026-08-04;08:00;09:00;1;25;100,0;1;1;0;25;0,00;-;-;-;-;-;-;-;-
99274B3204701;Sykkelstamvegen Forus nord;EV39 S1000D65 m24;2026-08-04T08:00+02:00;2026-08-04T09:00+02:00;2026-08-04;08:00;09:00;2;39;100,0;1;1;0;39;0,00;-;-;-;-;-;-;-;-
99274B3204701;Sykkelstamvegen Forus nord;EV39 S1000D65 m24;2026-08-04T08:00+02:00;2026-08-04T09:00+02:00;2026-08-04;08:00;09:00;Totalt i retning Sandnes;25;100,0;1;1;0;25;0,00;-;-;-;-;-;-;-;-
99274B3204701;Sykkelstamvegen Forus nord;EV39 S1000D65 m24;2026-08-04T08:00+02:00;2026-08-04T09:00+02:00;2026-08-04;08:00;09:00;Totalt i retning Stavanger;39;100,0;1;1;0;39;0,00;-;-;-;-;-;-;-;-
99274B3204701;Sykkelstamvegen Forus nord;EV39 S1000D65 m24;2026-08-04T08:00+02:00;2026-08-04T09:00+02:00;2026-08-04;08:00;09:00;Totalt;64;100,0;1;1;0;64;0,00;-;-;-;-;-;-;-;-
99274B3204701;Sykkelstamvegen Forus nord;EV39 S1000D65 m24;2026-08-04T09:00+02:00;2026-08-04T10:00+02:00;2026-08-04;09:00;10:00;1;10;100,0;1;1;0;10;0,00;-;-;-;-;-;-;-;-
99274B3204701;Sykkelstamvegen Forus nord;EV39 S1000D65 m24;2026-08-04T09:00+02:00;2026-08-04T10:00+02:00;2026-08-04;09:00;10:00;2;12;100,0;1;1;0;12;0,00;-;-;-;-;-;-;-;-
99274B3204701;Sykkelstamvegen Forus nord;EV39 S1000D65 m24;2026-08-04T09:00+02:00;2026-08-04T10:00+02:00;2026-08-04;09:00;10:00;Totalt i retning Sandnes;10;100,0;1;1;0;10;0,00;-;-;-;-;-;-;-;-
99274B3204701;Sykkelstamvegen Forus nord;EV39 S1000D65 m24;2026-08-04T09:00+02:00;2026-08-04T10:00+02:00;2026-08-04;09:00;10:00;Totalt i retning Stavanger;12;100,0;1;1;0;12;0,00;-;-;-;-;-;-;-;-
99274B3204701;Sykkelstamvegen Forus nord;EV39 S1000D65 m24;2026-08-04T09:00+02:00;2026-08-04T10:00+02:00;2026-08-04;09:00;10:00;Totalt;22;100,0;1;1;0;22;0,00;-;-;-;-;-;-;-;-
99274B3204701;Sykkelstamvegen Forus nord;EV39 S1000D65 m24;2026-08-04T10:00+02:00;2026-08-04T11:00+02:00;2026-08-04;10:00;11:00;1;27;100,0;1;1;0;27;0,00;-;-;-;-;-;-;-;-
99274B3204701;Sykkelstamvegen Forus nord;EV39 S1000D65 m24;2026-08-04T10:00+02:00;2026-08-04T11:00+02:00;2026-08-04;10:00;11:00;2;30;100,0;1;1;0;30;0,00;-;-;-;-;-;-;-;-
99274B3204701;Sykkelstamvegen Forus nord;EV39 S1000D65 m24;2026-08-04T10:00+02:00;2026-08-04T11:00+02:00;2026-08-04;10:00;11:00;Totalt i retning Sandnes;27;100,0;1;1;0;27;0,00;-;-;-;-;-;-;-;-
99274B3204701;Sykkelstamvegen Forus nord;EV39 S1000D65 m24;2026-08-04T10:00+02:00;2026-08-04T11:00+02:00;2026-08-04;10:00;11:00;Totalt i retning Stavanger;30;100,0;1;1;0;30;0,00;-;-;-;-;-;-;-;-
99274B3204701;Sykkelstamvegen Forus nord;EV39 S1000D65 m24;2026-08-04T10:00+02:00;2026-08-04T11:00+02:00;2026-08-04;10:00;11:00;Totalt;57;100,0;1;1;0;57;0,00;-;-;-;-;-;-;-;-
99274B3204701;Sykkelstamvegen Forus nord;EV39 S1000D65 m24;2026-08-04T11:00+02:00;2026-08-04T12:00+02:00;2026-08-04;11:00;12:00;1;23;100,0;1;1;0;23;0,00;-;-;-;-;-;-;-;-
99274B3204701;Sykkelstamvegen Forus nord;EV39 S1000D65 m24;2026-08-04T11:00+02:00;2026-08-04T12:00+02:00;2026-08-04;11:00;12:00;2;20;100,0;1;1;0;20;0,00;-;-;-;-;-;-;-;-
99274B3204701;Sykkelstamvegen Forus nord;EV39 S1000D65 m24;2026-08-04T11:00+02:00;2026-08-04T12:00+02:00;2026-08-04;11:00;12:00;Totalt i retning Sandnes;25;100,0;1;1;0;25;0,00;-;-;-;-;-;-;-;-
99274B3204701;Sykkelstamvegen Forus nord;EV39 S1000D65 m24;2026-08-04T11:00+02:00;2026-08-04T12:00+02:00;2026-08-04;11:00;12:00;Totalt i retning Stavanger;18;100,0;1;1;0;18;0,00;-;-;-;-;-;-;-;-
99274B3204701;Sykkelstamvegen Forus nord;EV39 S1000D65 m24;2026-08-04T11:00+02:00;2026-08-04T12:00+02:00;2026-08-04;11:00;12:00;Totalt;43;100,0;1;1;0;43;0,00;-;-;-;-;-;-;-;-
99274B3204701;Sykkelstamvegen Forus nord;EV39 S1000D65 m24;2026-08-04T12:00+02:00;2026-08-04T13:00+02:00;2026-08-04;12:00;13:00;1;22;100,0;1;1;0;22;0,00;-;-;-;-;-;-;-;-
99274B3204701;Sykkelstamvegen Forus nord;EV39 S1000D65 m24;2026-08-04T12:00+02:00;2026-08-04T13:00+02:00;2026-08-04;12:00;13:00;2;20;100,0;1;1;0;20;0,00;-;-;-;-;-;-;-;-
99274B3204701;Sykkelstamvegen Forus nord;EV39 S1000D65 m24;2026-08-04T12:00+02:00;2026-08-04T13:00+02:00;2026-08-04;12:00;13:00;Totalt i retning Sandnes;22;100,0;1;1;0;22;0,00;-;-;-;-;-;-;-;-
99274B3204701;Sykkelstamvegen Forus nord;EV39 S1000D65 m24;2026-08-04T12:00+02:00;2026-08-04T13:00+02:00;2026-08-04;12:00;13:00;Totalt i retning Stavanger;20;100,0;1;1;0;20;0,00;-;-;-;-;-;-;-;-
99274B3204701;Sykkelstamvegen Forus nord;EV39 S1000D65 m24;2026-08-04T12:00+02:00;2026-08-04T13:00+02:00;2026-08-04;12:00;13:00;Totalt;42;100,0;1;1;0;42;0,00;-;-;-;-;-;-;-;-
99274B3204701;Sykkelstamvegen Forus nord;EV39 S1000D65 m24;2026-08-04T13:00+02:00;2026-08-04T14:00+02:00;2026-08-04;13:00;14:00;1;22;100,0;1;1;0;22;0,00;-;-;-;-;-;-;-;-
99274B3204701;Sykkelstamvegen Forus nord;EV39 S1000D65 m24;2026-08-04T13:00+02:00;2026-08-04T14:00+02:00;2026-08-04;13:00;14:00;2;15;100,0;1;1;0;15;0,00;-;-;-;-;-;-;-;-
99274B3204701;Sykkelstamvegen Forus nord;EV39 S1000D65 m24;2026-08-04T13:00+02:00;2026-08-04T14:00+02:00;2026-08-04;13:00;14:00;Totalt i retning Sandnes;22;100,0;1;1;0;22;0,00;-;-;-;-;-;-;-;-
99274B3204701;Sykkelstamvegen Forus nord;EV39 S1000D65 m24;2026-08-04T13:00+02:00;2026-08-04T14:00+02:00;2026-08-04;13:00;14:00;Totalt i retning Stavanger;15;100,0;1;1;0;15;0,00;-;-;-;-;-;-;-;-
99274B3204701;Sykkelstamvegen Forus nord;EV39 S1000D65 m24;2026-08-04T13:00+02:00;2026-08-04T14:00+02:00;2026-08-04;13:00;14:00;Totalt;37;100,0;1;1;0;37;0,00;-;-;-;-;-;-;-;-
99274B3204701;Sykkelstamvegen Forus nord;EV39 S1000D65 m24;2026-08-04T14:00+02:00;2026-08-04T15:00+02:00;2026-08-04;14:00;15:00;1;37;100,0;1;1;0;37;0,00;-;-;-;-;-;-;-;-
99274B3204701;Sykkelstamvegen Forus nord;EV39 S1000D65 m24;2026-08-04T14:00+02:00;2026-08-04T15:00+02:00;2026-08-04;14:00;15:00;2;23;100,0;1;1;0;23;0,00;-;-;-;-;-;-;-;-
99274B3204701;Sykkelstamvegen Forus nord;EV39 S1000D65 m24;2026-08-04T14:00+02:00;2026-08-04T15:00+02:00;2026-08-04;14:00;15:00;Totalt i retning Sandnes;37;100,0;1;1;0;37;0,00;-;-;-;-;-;-;-;-
99274B3204701;Sykkelstamvegen Forus nord;EV39 S1000D65 m24;2026-08-04T14:00+02:00;2026-08-04T15:00+02:00;2026-08-04;14:00;15:00;Totalt i retning Stavanger;23;100,0;1;1;0;23;0,00;-;-;-;-;-;-;-;-
99274B3204701;Sykkelstamvegen Forus nord;EV39 S1000D65 m24;2026-08-04T14:00+02:00;2026-08-04T15:00+02:00;2026-08-04;14:00;15:00;Totalt;60;100,0;1;1;0;60;0,00;-;-;-;-;-;-;-;-
99274B3204701;Sykkelstamvegen Forus nord;EV39 S1000D65 m24;2026-08-04T15:00+02:00;2026-08-04T16:00+02:00;2026-08-04;15:00;16:00;1;110;100,0;1;1;0;110;0,00;-;-;-;-;-;-;-;-
99274B3204701;Sykkelstamvegen Forus nord;EV39 S1000D65 m24;2026-08-04T15:00+02:00;2026-08-04T16:00+02:00;2026-08-04;15:00;16:00;2;40;100,0;1;1;0;40;0,00;-;-;-;-;-;-;-;-
99274B3204701;Sykkelstamvegen Forus nord;EV39 S1000D65 m24;2026-08-04T15:00+02:00;2026-08-04T16:00+02:00;2026-08-04;15:00;16:00;Totalt i retning Sandnes;116;100,0;1;1;0;116;0,00;-;-;-;-;-;-;-;-
99274B3204701;Sykkelstamvegen Forus nord;EV39 S1000D65 m24;2026-08-04T15:00+02:00;2026-08-04T16:00+02:00;2026-08-04;15:00;16:00;Totalt i retning Stavanger;34;100,0;1;1;0;34;0,00;-;-;-;-;-;-;-;-
99274B3204701;Sykkelstamvegen Forus nord;EV39 S1000D65 m24;2026-08-04T15:00+02:00;2026-08-04T16:00+02:00;2026-08-04;15:00;16:00;Totalt;150;100,0;1;1;0;150;0,00;-;-;-;-;-;-;-;-
99274B3204701;Sykkelstamvegen Forus nord;EV39 S1000D65 m24;2026-08-04T16:00+02:00;2026-08-04T17:00+02:00;2026-08-04;16:00;17:00;1;66;100,0;1;1;0;66;0,00;-;-;-;-;-;-;-;-
99274B3204701;Sykkelstamvegen Forus nord;EV39 S1000D65 m24;2026-08-04T16:00+02:00;2026-08-04T17:00+02:00;2026-08-04;16:00;17:00;2;37;100,0;1;1;0;37;0,00;-;-;-;-;-;-;-;-
99274B3204701;Sykkelstamvegen Forus nord;EV39 S1000D65 m24;2026-08-04T16:00+02:00;2026-08-04T17:00+02:00;2026-08-04;16:00;17:00;Totalt i retning Sandnes;70;100,0;1;1;0;70;0,00;-;-;-;-;-;-;-;-
99274B3204701;Sykkelstamvegen Forus nord;EV39 S1000D65 m24;2026-08-04T16:00+02:00;2026-08-04T17:00+02:00;2026-08-04;16:00;17:00;Totalt i retning Stavanger;33;100,0;1;1;0;33;0,00;-;-;-;-;-;-;-;-
99274B3204701;Sykkelstamvegen Forus nord;EV39 S1000D65 m24;2026-08-04T16:00+02:00;2026-08-04T17:00+02:00;2026-08-04;16:00;17:00;Totalt;103;100,0;1;1;0;103;0,00;-;-;-;-;-;-;-;-
99274B3204701;Sykkelstamvegen Forus nord;EV39 S1000D65 m24;2026-08-04T17:00+02:00;2026-08-04T18:00+02:00;2026-08-04;17:00;18:00;1;16;100,0;1;1;0;16;0,00;-;-;-;-;-;-;-;-
99274B3204701;Sykkelstamvegen Forus nord;EV39 S1000D65 m24;2026-08-04T17:00+02:00;2026-08-04T18:00+02:00;2026-08-04;17:00;18:00;2;53;100,0;1;1;0;53;0,00;-;-;-;-;-;-;-;-
99274B3204701;Sykkelstamvegen Forus nord;EV39 S1000D65 m24;2026-08-04T17:00+02:00;2026-08-04T18:00+02:00;2026-08-04;17:00;18:00;Totalt i retning Sandnes;16;100,0;1;1;0;16;0,00;-;-;-;-;-;-;-;-
99274B3204701;Sykkelstamvegen Forus nord;EV39 S1000D65 m24;2026-08-04T17:00+02:00;2026-08-04T18:00+02:00;2026-08-04;17:00;18:00;Totalt i retning Stavanger;53;100,0;1;1;0;53;0,00;-;-;-;-;-;-;-;-
99274B3204701;Sykkelstamvegen Forus nord;EV39 S1000D65 m24;2026-08-04T17:00+02:00;2026-08-04T18:00+02:00;2026-08-04;17:00;18:00;Totalt;69;100,0;1;1;0;69;0,00;-;-;-;-;-;-;-;-
99274B3204701;Sykkelstamvegen Forus nord;EV39 S1000D65 m24;2026-08-04T18:00+02:00;2026-08-04T19:00+02:00;2026-08-04;18:00;19:00;1;7;100,0;1;1;0;7;0,00;-;-;-;-;-;-;-;-
99274B3204701;Sykkelstamvegen Forus nord;EV39 S1000D65 m24;2026-08-04T18:00+02:00;2026-08-04T19:00+02:00;2026-08-04;18:00;19:00;2;11;100,0;1;1;0;11;0,00;-;-;-;-;-;-;-;-
99274B3204701;Sykkelstamvegen Forus nord;EV39 S1000D65 m24;2026-08-04T18:00+02:00;2026-08-04T19:00+02:00;2026-08-04;18:00;19:00;Totalt i retning Sandnes;7;100,0;1;1;0;7;0,00;-;-;-;-;-;-;-;-
99274B3204701;Sykkelstamvegen Forus nord;EV39 S1000D65 m24;2026-08-04T18:00+02:00;2026-08-04T19:00+02:00;2026-08-04;18:00;19:00;Totalt i retning Stavanger;11;100,0;1;1;0;11;0,00;-;-;-;-;-;-;-;-
99274B3204701;Sykkelstamvegen Forus nord;EV39 S1000D65 m24;2026-08-04T18:00+02:00;2026-08-04T19:00+02:00;2026-08-04;18:00;19:00;Totalt;18;100,0;1;1;0;18;0,00;-;-;-;-;-;-;-;-
99274B3204701;Sykkelstamvegen Forus nord;EV39 S1000D65 m24;2026-08-04T19:00+02:00;2026-08-04T20:00+02:00;2026-08-04;19:00;20:00;1;7;100,0;1;1;0;7;0,00;-;-;-;-;-;-;-;-
99274B3204701;Sykkelstamvegen Forus nord;EV39 S1000D65 m24;2026-08-04T19:00+02:00;2026-08-04T20:00+02:00;2026-08-04;19:00;20:00;2;7;100,0;1;1;0;7;0,00;-;-;-;-;-;-;-;-
99274B3204701;Sykkelstamvegen Forus nord;EV39 S1000D65 m24;2026-08-04T19:00+02:00;2026-08-04T20:00+02:00;2026-08-04;19:00;20:00;Totalt i retning Sandnes;7;100,0;1;1;0;7;0,00;-;-;-;-;-;-;-;-
99274B3204701;Sykkelstamvegen Forus nord;EV39 S1000D65 m24;2026-08-04T19:00+02:00;2026-08-04T20:00+02:00;2026-08-04;19:00;20:00;Totalt i retning Stavanger;7;100,0;1;1;0;7;0,00;-;-;-;-;-;-;-;-
99274B3204701;Sykkelstamvegen Forus nord;EV39 S1000D65 m24;2026-08-04T19:00+02:00;2026-08-04T20:00+02:00;2026-08-04;19:00;20:00;Totalt;14;100,0;1;1;0;14;0,00;-;-;-;-;-;-;-;-
99274B3204701;Sykkelstamvegen Forus nord;EV39 S1000D65 m24;2026-08-04T20:00+02:00;2026-08-04T21:00+02:00;2026-08-04;20:00;21:00;1;9;100,0;1;1;0;9;0,00;-;-;-;-;-;-;-;-
99274B3204701;Sykkelstamvegen Forus nord;EV39 S1000D65 m24;2026-08-04T20:00+02:00;2026-08-04T21:00+02:00;2026-08-04;20:00;21:00;2;5;100,0;1;1;0;5;0,00;-;-;-;-;-;-;-;-
99274B3204701;Sykkelstamvegen Forus nord;EV39 S1000D65 m24;2026-08-04T20:00+02:00;2026-08-04T21:00+02:00;2026-08-04;20:00;21:00;Totalt i retning Sandnes;9;100,0;1;1;0;9;0,00;-;-;-;-;-;-;-;-
99274B3204701;Sykkelstamvegen Forus nord;EV39 S1000D65 m24;2026-08-04T20:00+02:00;2026-08-04T21:00+02:00;2026-08-04;20:00;21:00;Totalt i retning Stavanger;5;100,0;1;1;0;5;0,00;-;-;-;-;-;-;-;-
99274B3204701;Sykkelstamvegen Forus nord;EV39 S1000D65 m24;2026-08-04T20:00+02:00;2026-08-04T21:00+02:00;2026-08-04;20:00;21:00;Totalt;14;100,0;1;1;0;14;0,00;-;-;-;-;-;-;-;-
99274B3204701;Sykkelstamvegen Forus nord;EV39 S1000D65 m24;2026-08-04T21:00+02:00;2026-08-04T22:00+02:00;2026-08-04;21:00;22:00;1;4;100,0;1;1;0;4;0,00;-;-;-;-;-;-;-;-
99274B3204701;Sykkelstamvegen Forus nord;EV39 S1000D65 m24;2026-08-04T21:00+02:00;2026-08-04T22:00+02:00;2026-08-04;21:00;22:00;2;1;100,0;1;1;0;1;0,00;-;-;-;-;-;-;-;-
99274B3204701;Sykkelstamvegen Forus nord;EV39 S1000D65 m24;2026-08-04T21:00+02:00;2026-08-04T22:00+02:00;2026-08-04;21:00;22:00;Totalt i retning Sandnes;3;100,0;1;1;0;3;0,00;-;-;-;-;-;-;-;-
99274B3204701;Sykkelstamvegen Forus nord;EV39 S1000D65 m24;2026-08-04T21:00+02:00;2026-08-04T22:00+02:00;2026-08-04;21:00;22:00;Totalt i retning Stavanger;2;100,0;1;1;0;2;0,00;-;-;-;-;-;-;-;-
99274B3204701;Sykkelstamvegen Forus nord;EV39 S1000D65 m24;2026-08-04T21:00+02:00;2026-08-04T22:00+02:00;2026-08-04;21:00;22:00;Totalt;5;100,0;1;1;0;5;0,00;-;-;-;-;-;-;-;-
99274B3204701;Sykkelstamvegen Forus nord;EV39 S1000D65 m24;2026-08-04T22:00+02:00;2026-08-04T23:00+02:00;2026-08-04;22:00;23:00;1;0;100,0;1;1;0;0;100,00;-;-;-;-;-;-;-;-
99274B3204701;Sykkelstamvegen Forus nord;EV39 S1000D65 m24;2026-08-04T22:00+02:00;2026-08-04T23:00+02:00;2026-08-04;22:00;23:00;2;2;100,0;1;1;0;2;0,00;-;-;-;-;-;-;-;-
99274B3204701;Sykkelstamvegen Forus nord;EV39 S1000D65 m24;2026-08-04T22:00+02:00;2026-08-04T23:00+02:00;2026-08-04;22:00;23:00;Totalt i retning Sandnes;0;100,0;1;1;0;0;100,00;-;-;-;-;-;-;-;-
99274B3204701;Sykkelstamvegen Forus nord;EV39 S1000D65 m24;2026-08-04T22:00+02:00;2026-08-04T23:00+02:00;2026-08-04;22:00;23:00;Totalt i retning Stavanger;2;100,0;1;1;0;2;0,00;-;-;-;-;-;-;-;-
99274B3204701;Sykkelstamvegen Forus nord;EV39 S1000D65 m24;2026-08-04T22:00+02:00;2026-08-04T23:00+02:00;2026-08-04;22:00;23:00;Totalt;2;100,0;1;1;0;2;0,00;-;-;-;-;-;-;-;-
99274B3204701;Sykkelstamvegen Forus nord;EV39 S1000D65 m24;2026-08-04T23:00+02:00;2026-08-05T00:00+02:00;2026-08-04;23:00;00:00;1;2;100,0;1;1;0;2;0,00;-;-;-;-;-;-;-;-
99274B3204701;Sykkelstamvegen Forus nord;EV39 S1000D65 m24;2026-08-04T23:00+02:00;2026-08-05T00:00+02:00;2026-08-04;23:00;00:00;2;0;100,0;1;1;0;0;100,00;-;-;-;-;-;-;-;-
99274B3204701;Sykkelstamvegen Forus nord;EV39 S1000D65 m24;2026-08-04T23:00+02:00;2026-08-05T00:00+02:00;2026-08-04;23:00;00:00;Totalt i retning Sandnes;2;100,0;1;1;0;2;0,00;-;-;-;-;-;-;-;-
99274B3204701;Sykkelstamvegen Forus nord;EV39 S1000D65 m24;2026-08-04T23:00+02:00;2026-08-05T00:00+02:00;2026-08-04;23:00;00:00;Totalt i retning Stavanger;0;100,0;1;1;0;0;100,00;-;-;-;-;-;-;-;-
99274B3204701;Sykkelstamvegen Forus nord;EV39 S1000D65 m24;2026-08-04T23:00+02:00;2026-08-05T00:00+02:00;2026-08-04;23:00;00:00;Totalt;2;100,0;1;1;0;2;0,00;-;-;-;-;-;-;-;-
99274B3204701;Sykkelstamvegen Forus nord;EV39 S1000D65 m24;2026-08-05T00:00+02:00;2026-08-05T01:00+02:00;2026-08-05;00:00;01:00;1;0;100,0;1;1;0;0;100,00;-;-;-;-;-;-;-;-
99274B3204701;Sykkelstamvegen Forus nord;EV39 S1000D65 m24;2026-08-05T00:00+02:00;2026-08-05T01:00+02:00;2026-08-05;00:00;01:00;2;0;100,0;1;1;0;0;100,00;-;-;-;-;-;-;-;-
99274B3204701;Sykkelstamvegen Forus nord;EV39 S1000D65 m24;2026-08-05T00:00+02:00;2026-08-05T01:00+02:00;2026-08-05;00:00;01:00;Totalt i retning Sandnes;0;100,0;1;1;0;0;100,00;-;-;-;-;-;-;-;-
99274B3204701;Sykkelstamvegen Forus nord;EV39 S1000D65 m24;2026-08-05T00:00+02:00;2026-08-05T01:00+02:00;2026-08-05;00:00;01:00;Totalt i retning Stavanger;0;100,0;1;1;0;0;100,00;-;-;-;-;-;-;-;-
99274B3204701;Sykkelstamvegen Forus nord;EV39 S1000D65 m24;2026-08-05T00:00+02:00;2026-08-05T01:00+02:00;2026-08-05;00:00;01:00;Totalt;0;100,0;1;1;0;0;100,00;-;-;-;-;-;-;-;-
99274B3204701;Sykkelstamvegen Forus nord;EV39 S1000D65 m24;2026-08-05T01:00+02:00;2026-08-05T02:00+02:00;2026-08-05;01:00;02:00;1;1;100,0;1;1;0;1;0,00;-;-;-;-;-;-;-;-
99274B3204701;Sykkelstamvegen Forus nord;EV39 S1000D65 m24;2026-08-05T01:00+02:00;2026-08-05T02:00+02:00;2026-08-05;01:00;02:00;2;0;100,0;1;1;0;0;100,00;-;-;-;-;-;-;-;-
99274B3204701;Sykkelstamvegen Forus nord;EV39 S1000D65 m24;2026-08-05T01:00+02:00;2026-08-05T02:00+02:00;2026-08-05;01:00;02:00;Totalt i retning Sandnes;1;100,0;1;1;0;1;0,00;-;-;-;-;-;-;-;-
99274B3204701;Sykkelstamvegen Forus nord;EV39 S1000D65 m24;2026-08-05T01:00+02:00;2026-08-05T02:00+02:00;2026-08-05;01:00;02:00;Totalt i retning Stavanger;0;100,0;1;1;0;0;100,00;-;-;-;-;-;-;-;-
99274B3204701;Sykkelstamvegen Forus nord;EV39 S1000D65 m24;2026-08-05T01:00+02:00;2026-08-05T02:00+02:00;2026-08-05;01:00;02:00;Totalt;1;100,0;1;1;0;1;0,00;-;-;-;-;-;-;-;-
99274B3204701;Sykkelstamvegen Forus nord;EV39 S1000D65 m24;2026-08-05T02:00+02:00;2026-08-05T03:00+02:00;2026-08-05;02:00;03:00;1;0;100,0;1;1;0;0;100,00;-;-;-;-;-;-;-;-
99274B3204701;Sykkelstamvegen Forus nord;EV39 S1000D65 m24;2026-08-05T02:00+02:00;2026-08-05T03:00+02:00;2026-08-05;02:00;03:00;2;0;100,0;1;1;0;0;100,00;-;-;-;-;-;-;-;-
99274B3204701;Sykkelstamvegen Forus nord;EV39 S1000D65 m24;2026-08-05T02:00+02:00;2026-08-05T03:00+02:00;2026-08-05;02:00;03:00;Totalt i retning Sandnes;0;100,0;1;1;0;0;100,00;-;-;-;-;-;-;-;-
99274B3204701;Sykkelstamvegen Forus nord;EV39 S1000D65 m24;2026-08-05T02:00+02:00;2026-08-05T03:00+02:00;2026-08-05;02:00;03:00;Totalt i retning Stavanger;0;100,0;1;1;0;0;100,00;-;-;-;-;-;-;-;-
99274B3204701;Sykkelstamvegen Forus nord;EV39 S1000D65 m24;2026-08-05T02:00+02:00;2026-08-05T03:00+02:00;2026-08-05;02:00;03:00;Totalt;0;100,0;1;1;0;0;100,00;-;-;-;-;-;-;-;-
99274B3204701;Sykkelstamvegen Forus nord;EV39 S1000D65 m24;2026-08-05T03:00+02:00;2026-08-05T04:00+02:00;2026-08-05;03:00;04:00;1;0;100,0;1;1;0;0;100,00;-;-;-;-;-;-;-;-
99274B3204701;Sykkelstamvegen Forus nord;EV39 S1000D65 m24;2026-08-05T03:00+02:00;2026-08-05T04:00+02:00;2026-08-05;03:00;04:00;2;0;100,0;1;1;0;0;100,00;-;-;-;-;-;-;-;-
99274B3204701;Sykkelstamvegen Forus nord;EV39 S1000D65 m24;2026-08-05T03:00+02:00;2026-08-05T04:00+02:00;2026-08-05;03:00;04:00;Totalt i retning Sandnes;0;100,0;1;1;0;0;100,00;-;-;-;-;-;-;-;-
99274B3204701;Sykkelstamvegen Forus nord;EV39 S1000D65 m24;2026-08-05T03:00+02:00;2026-08-05T04:00+02:00;2026-08-05;03:00;04:00;Totalt i retning Stavanger;0;100,0;1;1;0;0;100,00;-;-;-;-;-;-;-;-
99274B3204701;Sykkelstamvegen Forus nord;EV39 S1000D65 m24;2026-08-05T03:00+02:00;2026-08-05T04:00+02:00;2026-08-05;03:00;04:00;Totalt;0;100,0;1;1;0;0;100,00;-;-;-;-;-;-;-;-
99274B3204701;Sykkelstamvegen Forus nord;EV39 S1000D65 m24;2026-08-05T04:00+02:00;2026-08-05T05:00+02:00;2026-08-05;04:00;05:00;1;0;100,0;1;1;0;0;100,00;-;-;-;-;-;-;-;-
99274B3204701;Sykkelstamvegen Forus nord;EV39 S1000D65 m24;2026-08-05T04:00+02:00;2026-08-05T05:00+02:00;2026-08-05;04:00;05:00;2;3;100,0;1;1;0;3;0,00;-;-;-;-;-;-;-;-
99274B3204701;Sykkelstamvegen Forus nord;EV39 S1000D65 m24;2026-08-05T04:00+02:00;2026-08-05T05:00+02:00;2026-08-05;04:00;05:00;Totalt i retning Sandnes;0;100,0;1;1;0;0;100,00;-;-;-;-;-;-;-;-
99274B3204701;Sykkelstamvegen Forus nord;EV39 S1000D65 m24;2026-08-05T04:00+02:00;2026-08-05T05:00+02:00;2026-08-05;04:00;05:00;Totalt i retning Stavanger;3;100,0;1;1;0;3;0,00;-;-;-;-;-;-;-;-
99274B3204701;Sykkelstamvegen Forus nord;EV39 S1000D65 m24;2026-08-05T04:00+02:00;2026-08-05T05:00+02:00;2026-08-05;04:00;05:00;Totalt;3;100,0;1;1;0;3;0,00;-;-;-;-;-;-;-;-
99274B3204701;Sykkelstamvegen Forus nord;EV39 S1000D65 m24;2026-08-05T05:00+02:00;2026-08-05T06:00+02:00;2026-08-05;05:00;06:00;1;6;100,0;1;1;0;6;0,00;-;-;-;-;-;-;-;-
99274B3204701;Sykkelstamvegen Forus nord;EV39 S1000D65 m24;2026-08-05T05:00+02:00;2026-08-05T06:00+02:00;2026-08-05;05:00;06:00;2;8;100,0;1;1;0;8;0,00;-;-;-;-;-;-;-;-
99274B3204701;Sykkelstamvegen Forus nord;EV39 S1000D65 m24;2026-08-05T05:00+02:00;2026-08-05T06:00+02:00;2026-08-05;05:00;06:00;Totalt i retning Sandnes;6;100,0;1;1;0;6;0,00;-;-;-;-;-;-;-;-
99274B3204701;Sykkelstamvegen Forus nord;EV39 S1000D65 m24;2026-08-05T05:00+02:00;2026-08-05T06:00+02:00;2026-08-05;05:00;06:00;Totalt i retning Stavanger;8;100,0;1;1;0;8;0,00;-;-;-;-;-;-;-;-
99274B3204701;Sykkelstamvegen Forus nord;EV39 S1000D65 m24;2026-08-05T05:00+02:00;2026-08-05T06:00+02:00;2026-08-05;05:00;06:00;Totalt;14;100,0;1;1;0;14;0,00;-;-;-;-;-;-;-;-
99274B3204701;Sykkelstamvegen Forus nord;EV39 S1000D65 m24;2026-08-05T06:00+02:00;2026-08-05T07:00+02:00;2026-08-05;06:00;07:00;1;9;100,0;1;1;0;9;0,00;-;-;-;-;-;-;-;-
99274B3204701;Sykkelstamvegen Forus nord;EV39 S1000D65 m24;2026-08-05T06:00+02:00;2026-08-05T07:00+02:00;2026-08-05;06:00;07:00;2;48;100,0;1;1;0;48;0,00;-;-;-;-;-;-;-;-
99274B3204701;Sykkelstamvegen Forus nord;EV39 S1000D65 m24;2026-08-05T06:00+02:00;2026-08-05T07:00+02:00;2026-08-05;06:00;07:00;Totalt i retning Sandnes;9;100,0;1;1;0;9;0,00;-;-;-;-;-;-;-;-
99274B3204701;Sykkelstamvegen Forus nord;EV39 S1000D65 m24;2026-08-05T06:00+02:00;2026-08-05T07:00+02:00;2026-08-05;06:00;07:00;Totalt i retning Stavanger;48;100,0;1;1;0;48;0,00;-;-;-;-;-;-;-;-
99274B3204701;Sykkelstamvegen Forus nord;EV39 S1000D65 m24;2026-08-05T06:00+02:00;2026-08-05T07:00+02:00;2026-08-05;06:00;07:00;Totalt;57;100,0;1;1;0;57;0,00;-;-;-;-;-;-;-;-
99274B3204701;Sykkelstamvegen Forus nord;EV39 S1000D65 m24;2026-08-05T07:00+02:00;2026-08-05T08:00+02:00;2026-08-05;07:00;08:00;1;37;100,0;1;1;0;37;0,00;-;-;-;-;-;-;-;-
99274B3204701;Sykkelstamvegen Forus nord;EV39 S1000D65 m24;2026-08-05T07:00+02:00;2026-08-05T08:00+02:00;2026-08-05;07:00;08:00;2;75;100,0;1;1;0;75;0,00;-;-;-;-;-;-;-;-
99274B3204701;Sykkelstamvegen Forus nord;EV39 S1000D65 m24;2026-08-05T07:00+02:00;2026-08-05T08:00+02:00;2026-08-05;07:00;08:00;Totalt i retning Sandnes;37;100,0;1;1;0;37;0,00;-;-;-;-;-;-;-;-
99274B3204701;Sykkelstamvegen Forus nord;EV39 S1000D65 m24;2026-08-05T07:00+02:00;2026-08-05T08:00+02:00;2026-08-05;07:00;08:00;Totalt i retning Stavanger;75;100,0;1;1;0;75;0,00;-;-;-;-;-;-;-;-
99274B3204701;Sykkelstamvegen Forus nord;EV39 S1000D65 m24;2026-08-05T07:00+02:00;2026-08-05T08:00+02:00;2026-08-05;07:00;08:00;Totalt;112;100,0;1;1;0;112;0,00;-;-;-;-;-;-;-;-
99274B3204701;Sykkelstamvegen Forus nord;EV39 S1000D65 m24;2026-08-05T08:00+02:00;2026-08-05T09:00+02:00;2026-08-05;08:00;09:00;1;21;100,0;1;1;0;21;0,00;-;-;-;-;-;-;-;-
99274B3204701;Sykkelstamvegen Forus nord;EV39 S1000D65 m24;2026-08-05T08:00+02:00;2026-08-05T09:00+02:00;2026-08-05;08:00;09:00;2;38;100,0;1;1;0;38;0,00;-;-;-;-;-;-;-;-
99274B3204701;Sykkelstamvegen Forus nord;EV39 S1000D65 m24;2026-08-05T08:00+02:00;2026-08-05T09:00+02:00;2026-08-05;08:00;09:00;Totalt i retning Sandnes;20;100,0;1;1;0;20;0,00;-;-;-;-;-;-;-;-
99274B3204701;Sykkelstamvegen Forus nord;EV39 S1000D65 m24;2026-08-05T08:00+02:00;2026-08-05T09:00+02:00;2026-08-05;08:00;09:00;Totalt i retning Stavanger;39;100,0;1;1;0;39;0,00;-;-;-;-;-;-;-;-
99274B3204701;Sykkelstamvegen Forus nord;EV39 S1000D65 m24;2026-08-05T08:00+02:00;2026-08-05T09:00+02:00;2026-08-05;08:00;09:00;Totalt;59;100,0;1;1;0;59;0,00;-;-;-;-;-;-;-;-
99274B3204701;Sykkelstamvegen Forus nord;EV39 S1000D65 m24;2026-08-05T09:00+02:00;2026-08-05T10:00+02:00;2026-08-05;09:00;10:00;1;18;100,0;1;1;0;18;0,00;-;-;-;-;-;-;-;-
99274B3204701;Sykkelstamvegen Forus nord;EV39 S1000D65 m24;2026-08-05T09:00+02:00;2026-08-05T10:00+02:00;2026-08-05;09:00;10:00;2;19;100,0;1;1;0;19;0,00;-;-;-;-;-;-;-;-
99274B3204701;Sykkelstamvegen Forus nord;EV39 S1000D65 m24;2026-08-05T09:00+02:00;2026-08-05T10:00+02:00;2026-08-05;09:00;10:00;Totalt i retning Sandnes;18;100,0;1;1;0;18;0,00;-;-;-;-;-;-;-;-
99274B3204701;Sykkelstamvegen Forus nord;EV39 S1000D65 m24;2026-08-05T09:00+02:00;2026-08-05T10:00+02:00;2026-08-05;09:00;10:00;Totalt i retning Stavanger;19;100,0;1;1;0;19;0,00;-;-;-;-;-;-;-;-
99274B3204701;Sykkelstamvegen Forus nord;EV39 S1000D65 m24;2026-08-05T09:00+02:00;2026-08-05T10:00+02:00;2026-08-05;09:00;10:00;Totalt;37;100,0;1;1;0;37;0,00;-;-;-;-;-;-;-;-
99274B3204701;Sykkelstamvegen Forus nord;EV39 S1000D65 m24;2026-08-05T10:00+02:00;2026-08-05T11:00+02:00;2026-08-05;10:00;11:00;1;22;100,0;1;1;0;22;0,00;-;-;-;-;-;-;-;-
99274B3204701;Sykkelstamvegen Forus nord;EV39 S1000D65 m24;2026-08-05T10:00+02:00;2026-08-05T11:00+02:00;2026-08-05;10:00;11:00;2;16;100,0;1;1;0;16;0,00;-;-;-;-;-;-;-;-
99274B3204701;Sykkelstamvegen Forus nord;EV39 S1000D65 m24;2026-08-05T10:00+02:00;2026-08-05T11:00+02:00;2026-08-05;10:00;11:00;Totalt i retning Sandnes;22;100,0;1;1;0;22;0,00;-;-;-;-;-;-;-;-
99274B3204701;Sykkelstamvegen Forus nord;EV39 S1000D65 m24;2026-08-05T10:00+02:00;2026-08-05T11:00+02:00;2026-08-05;10:00;11:00;Totalt i retning Stavanger;16;100,0;1;1;0;16;0,00;-;-;-;-;-;-;-;-
99274B3204701;Sykkelstamvegen Forus nord;EV39 S1000D65 m24;2026-08-05T10:00+02:00;2026-08-05T11:00+02:00;2026-08-05;10:00;11:00;Totalt;38;100,0;1;1;0;38;0,00;-;-;-;-;-;-;-;-
99274B3204701;Sykkelstamvegen Forus nord;EV39 S1000D65 m24;2026-08-05T11:00+02:00;2026-08-05T12:00+02:00;2026-08-05;11:00;12:00;1;16;100,0;1;1;0;16;0,00;-;-;-;-;-;-;-;-
99274B3204701;Sykkelstamvegen Forus nord;EV39 S1000D65 m24;2026-08-05T11:00+02:00;2026-08-05T12:00+02:00;2026-08-05;11:00;12:00;2;28;100,0;1;1;0;28;0,00;-;-;-;-;-;-;-;-
99274B3204701;Sykkelstamvegen Forus nord;EV39 S1000D65 m24;2026-08-05T11:00+02:00;2026-08-05T12:00+02:00;2026-08-05;11:00;12:00;Totalt i retning Sandnes;19;100,0;1;1;0;19;0,00;-;-;-;-;-;-;-;-
99274B3204701;Sykkelstamvegen Forus nord;EV39 S1000D65 m24;2026-08-05T11:00+02:00;2026-08-05T12:00+02:00;2026-08-05;11:00;12:00;Totalt i retning Stavanger;25;100,0;1;1;0;25;0,00;-;-;-;-;-;-;-;-
99274B3204701;Sykkelstamvegen Forus nord;EV39 S1000D65 m24;2026-08-05T11:00+02:00;2026-08-05T12:00+02:00;2026-08-05;11:00;12:00;Totalt;44;100,0;1;1;0;44;0,00;-;-;-;-;-;-;-;-
99274B3204701;Sykkelstamvegen Forus nord;EV39 S1000D65 m24;2026-08-05T12:00+02:00;2026-08-05T13:00+02:00;2026-08-05;12:00;13:00;1;21;100,0;1;1;0;21;0,00;-;-;-;-;-;-;-;-
99274B3204701;Sykkelstamvegen Forus nord;EV39 S1000D65 m24;2026-08-05T12:00+02:00;2026-08-05T13:00+02:00;2026-08-05;12:00;13:00;2;14;100,0;1;1;0;14;0,00;-;-;-;-;-;-;-;-
99274B3204701;Sykkelstamvegen Forus nord;EV39 S1000D65 m24;2026-08-05T12:00+02:00;2026-08-05T13:00+02:00;2026-08-05;12:00;13:00;Totalt i retning Sandnes;21;100,0;1;1;0;21;0,00;-;-;-;-;-;-;-;-
99274B3204701;Sykkelstamvegen Forus nord;EV39 S1000D65 m24;2026-08-05T12:00+02:00;2026-08-05T13:00+02:00;2026-08-05;12:00;13:00;Totalt i retning Stavanger;14;100,0;1;1;0;14;0,00;-;-;-;-;-;-;-;-
99274B3204701;Sykkelstamvegen Forus nord;EV39 S1000D65 m24;2026-08-05T12:00+02:00;2026-08-05T13:00+02:00;2026-08-05;12:00;13:00;Totalt;35;100,0;1;1;0;35;0,00;-;-;-;-;-;-;-;-
99274B3204701;Sykkelstamvegen Forus nord;EV39 S1000D65 m24;2026-08-05T13:00+02:00;2026-08-05T14:00+02:00;2026-08-05;13:00;14:00;1;14;100,0;1;1;0;14;0,00;-;-;-;-;-;-;-;-
99274B3204701;Sykkelstamvegen Forus nord;EV39 S1000D65 m24;2026-08-05T13:00+02:00;2026-08-05T14:00+02:00;2026-08-05;13:00;14:00;2;9;100,0;1;1;0;9;0,00;-;-;-;-;-;-;-;-
99274B3204701;Sykkelstamvegen Forus nord;EV39 S1000D65 m24;2026-08-05T13:00+02:00;2026-08-05T14:00+02:00;2026-08-05;13:00;14:00;Totalt i retning Sandnes;15;100,0;1;1;0;15;0,00;-;-;-;-;-;-;-;-
99274B3204701;Sykkelstamvegen Forus nord;EV39 S1000D65 m24;2026-08-05T13:00+02:00;2026-08-05T14:00+02:00;2026-08-05;13:00;14:00;Totalt i retning Stavanger;8;100,0;1;1;0;8;0,00;-;-;-;-;-;-;-;-
99274B3204701;Sykkelstamvegen Forus nord;EV39 S1000D65 m24;2026-08-05T13:00+02:00;2026-08-05T14:00+02:00;2026-08-05;13:00;14:00;Totalt;23;100,0;1;1;0;23;0,00;-;-;-;-;-;-;-;-
99274B3204701;Sykkelstamvegen Forus nord;EV39 S1000D65 m24;2026-08-05T14:00+02:00;2026-08-05T15:00+02:00;2026-08-05;14:00;15:00;1;31;100,0;1;1;0;31;0,00;-;-;-;-;-;-;-;-
99274B3204701;Sykkelstamvegen Forus nord;EV39 S1000D65 m24;2026-08-05T14:00+02:00;2026-08-05T15:00+02:00;2026-08-05;14:00;15:00;2;19;100,0;1;1;0;19;0,00;-;-;-;-;-;-;-;-
99274B3204701;Sykkelstamvegen Forus nord;EV39 S1000D65 m24;2026-08-05T14:00+02:00;2026-08-05T15:00+02:00;2026-08-05;14:00;15:00;Totalt i retning Sandnes;31;100,0;1;1;0;31;0,00;-;-;-;-;-;-;-;-
99274B3204701;Sykkelstamvegen Forus nord;EV39 S1000D65 m24;2026-08-05T14:00+02:00;2026-08-05T15:00+02:00;2026-08-05;14:00;15:00;Totalt i retning Stavanger;19;100,0;1;1;0;19;0,00;-;-;-;-;-;-;-;-
99274B3204701;Sykkelstamvegen Forus nord;EV39 S1000D65 m24;2026-08-05T14:00+02:00;2026-08-05T15:00+02:00;2026-08-05;14:00;15:00;Totalt;50;100,0;1;1;0;50;0,00;-;-;-;-;-;-;-;-
99274B3204701;Sykkelstamvegen Forus nord;EV39 S1000D65 m24;2026-08-05T15:00+02:00;2026-08-05T16:00+02:00;2026-08-05;15:00;16:00;1;93;100,0;1;1;0;93;0,00;-;-;-;-;-;-;-;-
99274B3204701;Sykkelstamvegen Forus nord;EV39 S1000D65 m24;2026-08-05T15:00+02:00;2026-08-05T16:00+02:00;2026-08-05;15:00;16:00;2;46;100,0;1;1;0;46;0,00;-;-;-;-;-;-;-;-
99274B3204701;Sykkelstamvegen Forus nord;EV39 S1000D65 m24;2026-08-05T15:00+02:00;2026-08-05T16:00+02:00;2026-08-05;15:00;16:00;Totalt i retning Sandnes;92;100,0;1;1;0;92;0,00;-;-;-;-;-;-;-;-
99274B3204701;Sykkelstamvegen Forus nord;EV39 S1000D65 m24;2026-08-05T15:00+02:00;2026-08-05T16:00+02:00;2026-08-05;15:00;16:00;Totalt i retning Stavanger;47;100,0;1;1;0;47;0,00;-;-;-;-;-;-;-;-
99274B3204701;Sykkelstamvegen Forus nord;EV39 S1000D65 m24;2026-08-05T15:00+02:00;2026-08-05T16:00+02:00;2026-08-05;15:00;16:00;Totalt;139;100,0;1;1;0;139;0,00;-;-;-;-;-;-;-;-
99274B3204701;Sykkelstamvegen Forus nord;EV39 S1000D65 m24;2026-08-05T16:00+02:00;2026-08-05T17:00+02:00;2026-08-05;16:00;17:00;1;84;100,0;1;1;0;84;0,00;-;-;-;-;-;-;-;-
99274B3204701;Sykkelstamvegen Forus nord;EV39 S1000D65 m24;2026-08-05T16:00+02:00;2026-08-05T17:00+02:00;2026-08-05;16:00;17:00;2;31;100,0;1;1;0;31;0,00;-;-;-;-;-;-;-;-
99274B3204701;Sykkelstamvegen Forus nord;EV39 S1000D65 m24;2026-08-05T16:00+02:00;2026-08-05T17:00+02:00;2026-08-05;16:00;17:00;Totalt i retning Sandnes;85;100,0;1;1;0;85;0,00;-;-;-;-;-;-;-;-
99274B3204701;Sykkelstamvegen Forus nord;EV39 S1000D65 m24;2026-08-05T16:00+02:00;2026-08-05T17:00+02:00;2026-08-05;16:00;17:00;Totalt i retning Stavanger;30;100,0;1;1;0;30;0,00;-;-;-;-;-;-;-;-
99274B3204701;Sykkelstamvegen Forus nord;EV39 S1000D65 m24;2026-08-05T16:00+02:00;2026-08-05T17:00+02:00;2026-08-05;16:00;17:00;Totalt;115;100,0;1;1;0;115;0,00;-;-;-;-;-;-;-;-
99274B3204701;Sykkelstamvegen Forus nord;EV39 S1000D65 m24;2026-08-05T17:00+02:00;2026-08-05T18:00+02:00;2026-08-05;17:00;18:00;1;21;100,0;1;1;0;21;0,00;-;-;-;-;-;-;-;-
99274B3204701;Sykkelstamvegen Forus nord;EV39 S1000D65 m24;2026-08-05T17:00+02:00;2026-08-05T18:00+02:00;2026-08-05;17:00;18:00;2;14;100,0;1;1;0;14;0,00;-;-;-;-;-;-;-;-
99274B3204701;Sykkelstamvegen Forus nord;EV39 S1000D65 m24;2026-08-05T17:00+02:00;2026-08-05T18:00+02:00;2026-08-05;17:00;18:00;Totalt i retning Sandnes;23;100,0;1;1;0;23;0,00;-;-;-;-;-;-;-;-
99274B3204701;Sykkelstamvegen Forus nord;EV39 S1000D65 m24;2026-08-05T17:00+02:00;2026-08-05T18:00+02:00;2026-08-05;17:00;18:00;Totalt i retning Stavanger;12;100,0;1;1;0;12;0,00;-;-;-;-;-;-;-;-
99274B3204701;Sykkelstamvegen Forus nord;EV39 S1000D65 m24;2026-08-05T17:00+02:00;2026-08-05T18:00+02:00;2026-08-05;17:00;18:00;Totalt;35;100,0;1;1;0;35;0,00;-;-;-;-;-;-;-;-
99274B3204701;Sykkelstamvegen Forus nord;EV39 S1000D65 m24;2026-08-05T18:00+02:00;2026-08-05T19:00+02:00;2026-08-05;18:00;19:00;1;27;100,0;1;1;0;27;0,00;-;-;-;-;-;-;-;-
99274B3204701;Sykkelstamvegen Forus nord;EV39 S1000D65 m24;2026-08-05T18:00+02:00;2026-08-05T19:00+02:00;2026-08-05;18:00;19:00;2;13;100,0;1;1;0;13;0,00;-;-;-;-;-;-;-;-
99274B3204701;Sykkelstamvegen Forus nord;EV39 S1000D65 m24;2026-08-05T18:00+02:00;2026-08-05T19:00+02:00;2026-08-05;18:00;19:00;Totalt i retning Sandnes;23;100,0;1;1;0;23;0,00;-;-;-;-;-;-;-;-
99274B3204701;Sykkelstamvegen Forus nord;EV39 S1000D65 m24;2026-08-05T18:00+02:00;2026-08-05T19:00+02:00;2026-08-05;18:00;19:00;Totalt i retning Stavanger;17;100,0;1;1;0;17;0,00;-;-;-;-;-;-;-;-
99274B3204701;Sykkelstamvegen Forus nord;EV39 S1000D65 m24;2026-08-05T18:00+02:00;2026-08-05T19:00+02:00;2026-08-05;18:00;19:00;Totalt;40;100,0;1;1;0;40;0,00;-;-;-;-;-;-;-;-
99274B3204701;Sykkelstamvegen Forus nord;EV39 S1000D65 m24;2026-08-05T19:00+02:00;2026-08-05T20:00+02:00;2026-08-05;19:00;20:00;1;15;100,0;1;1;0;15;0,00;-;-;-;-;-;-;-;-
99274B3204701;Sykkelstamvegen Forus nord;EV39 S1000D65 m24;2026-08-05T19:00+02:00;2026-08-05T20:00+02:00;2026-08-05;19:00;20:00;2;8;100,0;1;1;0;8;0,00;-;-;-;-;-;-;-;-
99274B3204701;Sykkelstamvegen Forus nord;EV39 S1000D65 m24;2026-08-05T19:00+02:00;2026-08-05T20:00+02:00;2026-08-05;19:00;20:00;Totalt i retning Sandnes;15;100,0;1;1;0;15;0,00;-;-;-;-;-;-;-;-
99274B3204701;Sykkelstamvegen Forus nord;EV39 S1000D65 m24;2026-08-05T19:00+02:00;2026-08-05T20:00+02:00;2026-08-05;19:00;20:00;Totalt i retning Stavanger;8;100,0;1;1;0;8;0,00;-;-;-;-;-;-;-;-
99274B3204701;Sykkelstamvegen Forus nord;EV39 S1000D65 m24;2026-08-05T19:00+02:00;2026-08-05T20:00+02:00;2026-08-05;19:00;20:00;Totalt;23;100,0;1;1;0;23;0,00;-;-;-;-;-;-;-;-
99274B3204701;Sykkelstamvegen Forus nord;EV39 S1000D65 m24;2026-08-05T20:00+02:00;2026-08-05T21:00+02:00;2026-08-05;20:00;21:00;1;6;100,0;1;1;0;6;0,00;-;-;-;-;-;-;-;-
99274B3204701;Sykkelstamvegen Forus nord;EV39 S1000D65 m24;2026-08-05T20:00+02:00;2026-08-05T21:00+02:00;2026-08-05;20:00;21:00;2;12;100,0;1;1;0;12;0,00;-;-;-;-;-;-;-;-
99274B3204701;Sykkelstamvegen Forus nord;EV39 S1000D65 m24;2026-08-05T20:00+02:00;2026-08-05T21:00+02:00;2026-08-05;20:00;21:00;Totalt i retning Sandnes;6;100,0;1;1;0;6;0,00;-;-;-;-;-;-;-;-
99274B3204701;Sykkelstamvegen Forus nord;EV39 S1000D65 m24;2026-08-05T20:00+02:00;2026-08-05T21:00+02:00;2026-08-05;20:00;21:00;Totalt i retning Stavanger;12;100,0;1;1;0;12;0,00;-;-;-;-;-;-;-;-
99274B3204701;Sykkelstamvegen Forus nord;EV39 S1000D65 m24;2026-08-05T20:00+02:00;2026-08-05T21:00+02:00;2026-08-05;20:00;21:00;Totalt;18;100,0;1;1;0;18;0,00;-;-;-;-;-;-;-;-
99274B3204701;Sykkelstamvegen Forus nord;EV39 S1000D65 m24;2026-08-05T21:00+02:00;2026-08-05T22:00+02:00;2026-08-05;21:00;22:00;1;0;100,0;1;1;0;0;100,00;-;-;-;-;-;-;-;-
99274B3204701;Sykkelstamvegen Forus nord;EV39 S1000D65 m24;2026-08-05T21:00+02:00;2026-08-05T22:00+02:00;2026-08-05;21:00;22:00;2;4;100,0;1;1;0;4;0,00;-;-;-;-;-;-;-;-
99274B3204701;Sykkelstamvegen Forus nord;EV39 S1000D65 m24;2026-08-05T21:00+02:00;2026-08-05T22:00+02:00;2026-08-05;21:00;22:00;Totalt i retning Sandnes;0;100,0;1;1;0;0;100,00;-;-;-;-;-;-;-;-
99274B3204701;Sykkelstamvegen Forus nord;EV39 S1000D65 m24;2026-08-05T21:00+02:00;2026-08-05T22:00+02:00;2026-08-05;21:00;22:00;Totalt i retning Stavanger;4;100,0;1;1;0;4;0,00;-;-;-;-;-;-;-;-
99274B3204701;Sykkelstamvegen Forus nord;EV39 S1000D65 m24;2026-08-05T21:00+02:00;2026-08-05T22:00+02:00;2026-08-05;21:00;22:00;Totalt;4;100,0;1;1;0;4;0,00;-;-;-;-;-;-;-;-
99274B3204701;Sykkelstamvegen Forus nord;EV39 S1000D65 m24;2026-08-05T22:00+02:00;2026-08-05T23:00+02:00;2026-08-05;22:00;23:00;1;3;100,0;1;1;0;3;0,00;-;-;-;-;-;-;-;-
99274B3204701;Sykkelstamvegen Forus nord;EV39 S1000D65 m24;2026-08-05T22:00+02:00;2026-08-05T23:00+02:00;2026-08-05;22:00;23:00;2;1;100,0;1;1;0;1;0,00;-;-;-;-;-;-;-;-
99274B3204701;Sykkelstamvegen Forus nord;EV39 S1000D65 m24;2026-08-05T22:00+02:00;2026-08-05T23:00+02:00;2026-08-05;22:00;23:00;Totalt i retning Sandnes;3;100,0;1;1;0;3;0,00;-;-;-;-;-;-;-;-
99274B3204701;Sykkelstamvegen Forus nord;EV39 S1000D65 m24;2026-08-05T22:00+02:00;2026-08-05T23:00+02:00;2026-08-05;22:00;23:00;Totalt i retning Stavanger;1;100,0;1;1;0;1;0,00;-;-;-;-;-;-;-;-
99274B3204701;Sykkelstamvegen Forus nord;EV39 S1000D65 m24;2026-08-05T22:00+02:00;2026-08-05T23:00+02:00;2026-08-05;22:00;23:00;Totalt;4;100,0;1;1;0;4;0,00;-;-;-;-;-;-;-;-
99274B3204701;Sykkelstamvegen Forus nord;EV39 S1000D65 m24;2026-08-05T23:00+02:00;2026-08-06T00:00+02:00;2026-08-05;23:00;00:00;1;2;100,0;1;1;0;2;0,00;-;-;-;-;-;-;-;-
99274B3204701;Sykkelstamvegen Forus nord;EV39 S1000D65 m24;2026-08-05T23:00+02:00;2026-08-06T00:00+02:00;2026-08-05;23:00;00:00;2;1;100,0;1;1;0;1;0,00;-;-;-;-;-;-;-;-
99274B3204701;Sykkelstamvegen Forus nord;EV39 S1000D65 m24;2026-08-05T23:00+02:00;2026-08-06T00:00+02:00;2026-08-05;23:00;00:00;Totalt i retning Sandnes;2;100,0;1;1;0;2;0,00;-;-;-;-;-;-;-;-
99274B3204701;Sykkelstamvegen Forus nord;EV39 S1000D65 m24;2026-08-05T23:00+02:00;2026-08-06T00:00+02:00;2026-08-05;23:00;00:00;Totalt i retning Stavanger;1;100,0;1;1;0;1;0,00;-;-;-;-;-;-;-;-
99274B3204701;Sykkelstamvegen Forus nord;EV39 S1000D65 m24;2026-08-05T23:00+02:00;2026-08-06T00:00+02:00;2026-08-05;23:00;00:00;Totalt;3;100,0;1;1;0;3;0,00;-;-;-;-;-;-;-;-
99274B3204701;Sykkelstamvegen Forus nord;EV39 S1000D65 m24;2026-08-06T00:00+02:00;2026-08-06T01:00+02:00;2026-08-06;00:00;01:00;1;0;100,0;1;1;0;0;100,00;-;-;-;-;-;-;-;-
99274B3204701;Sykkelstamvegen Forus nord;EV39 S1000D65 m24;2026-08-06T00:00+02:00;2026-08-06T01:00+02:00;2026-08-06;00:00;01:00;2;1;100,0;1;1;0;1;0,00;-;-;-;-;-;-;-;-
99274B3204701;Sykkelstamvegen Forus nord;EV39 S1000D65 m24;2026-08-06T00:00+02:00;2026-08-06T01:00+02:00;2026-08-06;00:00;01:00;Totalt i retning Sandnes;0;100,0;1;1;0;0;100,00;-;-;-;-;-;-;-;-
99274B3204701;Sykkelstamvegen Forus nord;EV39 S1000D65 m24;2026-08-06T00:00+02:00;2026-08-06T01:00+02:00;2026-08-06;00:00;01:00;Totalt i retning Stavanger;1;100,0;1;1;0;1;0,00;-;-;-;-;-;-;-;-
99274B3204701;Sykkelstamvegen Forus nord;EV39 S1000D65 m24;2026-08-06T00:00+02:00;2026-08-06T01:00+02:00;2026-08-06;00:00;01:00;Totalt;1;100,0;1;1;0;1;0,00;-;-;-;-;-;-;-;-
99274B3204701;Sykkelstamvegen Forus nord;EV39 S1000D65 m24;2026-08-06T01:00+02:00;2026-08-06T02:00+02:00;2026-08-06;01:00;02:00;1;1;100,0;1;1;0;1;0,00;-;-;-;-;-;-;-;-
99274B3204701;Sykkelstamvegen Forus nord;EV39 S1000D65 m24;2026-08-06T01:00+02:00;2026-08-06T02:00+02:00;2026-08-06;01:00;02:00;2;0;100,0;1;1;0;0;100,00;-;-;-;-;-;-;-;-
99274B3204701;Sykkelstamvegen Forus nord;EV39 S1000D65 m24;2026-08-06T01:00+02:00;2026-08-06T02:00+02:00;2026-08-06;01:00;02:00;Totalt i retning Sandnes;1;100,0;1;1;0;1;0,00;-;-;-;-;-;-;-;-
99274B3204701;Sykkelstamvegen Forus nord;EV39 S1000D65 m24;2026-08-06T01:00+02:00;2026-08-06T02:00+02:00;2026-08-06;01:00;02:00;Totalt i retning Stavanger;0;100,0;1;1;0;0;100,00;-;-;-;-;-;-;-;-
99274B3204701;Sykkelstamvegen Forus nord;EV39 S1000D65 m24;2026-08-06T01:00+02:00;2026-08-06T02:00+02:00;2026-08-06;01:00;02:00;Totalt;1;100,0;1;1;0;1;0,00;-;-;-;-;-;-;-;-
99274B3204701;Sykkelstamvegen Forus nord;EV39 S1000D65 m24;2026-08-06T02:00+02:00;2026-08-06T03:00+02:00;2026-08-06;02:00;03:00;1;0;100,0;1;1;0;0;100,00;-;-;-;-;-;-;-;-
99274B3204701;Sykkelstamvegen Forus nord;EV39 S1000D65 m24;2026-08-06T02:00+02:00;2026-08-06T03:00+02:00;2026-08-06;02:00;03:00;2;0;100,0;1;1;0;0;100,00;-;-;-;-;-;-;-;-
99274B3204701;Sykkelstamvegen Forus nord;EV39 S1000D65 m24;2026-08-06T02:00+02:00;2026-08-06T03:00+02:00;2026-08-06;02:00;03:00;Totalt i retning Sandnes;0;100,0;1;1;0;0;100,00;-;-;-;-;-;-;-;-
99274B3204701;Sykkelstamvegen Forus nord;EV39 S1000D65 m24;2026-08-06T02:00+02:00;2026-08-06T03:00+02:00;2026-08-06;02:00;03:00;Totalt i retning Stavanger;0;100,0;1;1;0;0;100,00;-;-;-;-;-;-;-;-
99274B3204701;Sykkelstamvegen Forus nord;EV39 S1000D65 m24;2026-08-06T02:00+02:00;2026-08-06T03:00+02:00;2026-08-06;02:00;03:00;Totalt;0;100,0;1;1;0;0;100,00;-;-;-;-;-;-;-;-
99274B3204701;Sykkelstamvegen Forus nord;EV39 S1000D65 m24;2026-08-06T03:00+02:00;2026-08-06T04:00+02:00;2026-08-06;03:00;04:00;1;1;100,0;1;1;0;1;0,00;-;-;-;-;-;-;-;-
99274B3204701;Sykkelstamvegen Forus nord;EV39 S1000D65 m24;2026-08-06T03:00+02:00;2026-08-06T04:00+02:00;2026-08-06;03:00;04:00;2;0;100,0;1;1;0;0;100,00;-;-;-;-;-;-;-;-
99274B3204701;Sykkelstamvegen Forus nord;EV39 S1000D65 m24;2026-08-06T03:00+02:00;2026-08-06T04:00+02:00;2026-08-06;03:00;04:00;Totalt i retning Sandnes;1;100,0;1;1;0;1;0,00;-;-;-;-;-;-;-;-
99274B3204701;Sykkelstamvegen Forus nord;EV39 S1000D65 m24;2026-08-06T03:00+02:00;2026-08-06T04:00+02:00;2026-08-06;03:00;04:00;Totalt i retning Stavanger;0;100,0;1;1;0;0;100,00;-;-;-;-;-;-;-;-
99274B3204701;Sykkelstamvegen Forus nord;EV39 S1000D65 m24;2026-08-06T03:00+02:00;2026-08-06T04:00+02:00;2026-08-06;03:00;04:00;Totalt;1;100,0;1;1;0;1;0,00;-;-;-;-;-;-;-;-
99274B3204701;Sykkelstamvegen Forus nord;EV39 S1000D65 m24;2026-08-06T04:00+02:00;2026-08-06T05:00+02:00;2026-08-06;04:00;05:00;1;0;100,0;1;1;0;0;100,00;-;-;-;-;-;-;-;-
99274B3204701;Sykkelstamvegen Forus nord;EV39 S1000D65 m24;2026-08-06T04:00+02:00;2026-08-06T05:00+02:00;2026-08-06;04:00;05:00;2;12;100,0;1;1;0;12;0,00;-;-;-;-;-;-;-;-
99274B3204701;Sykkelstamvegen Forus nord;EV39 S1000D65 m24;2026-08-06T04:00+02:00;2026-08-06T05:00+02:00;2026-08-06;04:00;05:00;Totalt i retning Sandnes;0;100,0;1;1;0;0;100,00;-;-;-;-;-;-;-;-
99274B3204701;Sykkelstamvegen Forus nord;EV39 S1000D65 m24;2026-08-06T04:00+02:00;2026-08-06T05:00+02:00;2026-08-06;04:00;05:00;Totalt i retning Stavanger;12;100,0;1;1;0;12;0,00;-;-;-;-;-;-;-;-
99274B3204701;Sykkelstamvegen Forus nord;EV39 S1000D65 m24;2026-08-06T04:00+02:00;2026-08-06T05:00+02:00;2026-08-06;04:00;05:00;Totalt;12;100,0;1;1;0;12;0,00;-;-;-;-;-;-;-;-
99274B3204701;Sykkelstamvegen Forus nord;EV39 S1000D65 m24;2026-08-06T05:00+02:00;2026-08-06T06:00+02:00;2026-08-06;05:00;06:00;1;6;100,0;1;1;0;6;0,00;-;-;-;-;-;-;-;-
99274B3204701;Sykkelstamvegen Forus nord;EV39 S1000D65 m24;2026-08-06T05:00+02:00;2026-08-06T06:00+02:00;2026-08-06;05:00;06:00;2;7;100,0;1;1;0;7;0,00;-;-;-;-;-;-;-;-
99274B3204701;Sykkelstamvegen Forus nord;EV39 S1000D65 m24;2026-08-06T05:00+02:00;2026-08-06T06:00+02:00;2026-08-06;05:00;06:00;Totalt i retning Sandnes;6;100,0;1;1;0;6;0,00;-;-;-;-;-;-;-;-
99274B3204701;Sykkelstamvegen Forus nord;EV39 S1000D65 m24;2026-08-06T05:00+02:00;2026-08-06T06:00+02:00;2026-08-06;05:00;06:00;Totalt i retning Stavanger;7;100,0;1;1;0;7;0,00;-;-;-;-;-;-;-;-
99274B3204701;Sykkelstamvegen Forus nord;EV39 S1000D65 m24;2026-08-06T05:00+02:00;2026-08-06T06:00+02:00;2026-08-06;05:00;06:00;Totalt;13;100,0;1;1;0;13;0,00;-;-;-;-;-;-;-;-
99274B3204701;Sykkelstamvegen Forus nord;EV39 S1000D65 m24;2026-08-06T06:00+02:00;2026-08-06T07:00+02:00;2026-08-06;06:00;07:00;1;15;100,0;1;1;0;15;0,00;-;-;-;-;-;-;-;-
99274B3204701;Sykkelstamvegen Forus nord;EV39 S1000D65 m24;2026-08-06T06:00+02:00;2026-08-06T07:00+02:00;2026-08-06;06:00;07:00;2;46;100,0;1;1;0;46;0,00;-;-;-;-;-;-;-;-
99274B3204701;Sykkelstamvegen Forus nord;EV39 S1000D65 m24;2026-08-06T06:00+02:00;2026-08-06T07:00+02:00;2026-08-06;06:00;07:00;Totalt i retning Sandnes;14;100,0;1;1;0;14;0,00;-;-;-;-;-;-;-;-
99274B3204701;Sykkelstamvegen Forus nord;EV39 S1000D65 m24;2026-08-06T06:00+02:00;2026-08-06T07:00+02:00;2026-08-06;06:00;07:00;Totalt i retning Stavanger;47;100,0;1;1;0;47;0,00;-;-;-;-;-;-;-;-
99274B3204701;Sykkelstamvegen Forus nord;EV39 S1000D65 m24;2026-08-06T06:00+02:00;2026-08-06T07:00+02:00;2026-08-06;06:00;07:00;Totalt;61;100,0;1;1;0;61;0,00;-;-;-;-;-;-;-;-
99274B3204701;Sykkelstamvegen Forus nord;EV39 S1000D65 m24;2026-08-06T07:00+02:00;2026-08-06T08:00+02:00;2026-08-06;07:00;08:00;1;23;100,0;1;1;0;23;0,00;-;-;-;-;-;-;-;-
99274B3204701;Sykkelstamvegen Forus nord;EV39 S1000D65 m24;2026-08-06T07:00+02:00;2026-08-06T08:00+02:00;2026-08-06;07:00;08:00;2;70;100,0;1;1;0;70;0,00;-;-;-;-;-;-;-;-
99274B3204701;Sykkelstamvegen Forus nord;EV39 S1000D65 m24;2026-08-06T07:00+02:00;2026-08-06T08:00+02:00;2026-08-06;07:00;08:00;Totalt i retning Sandnes;22;100,0;1;1;0;22;0,00;-;-;-;-;-;-;-;-
99274B3204701;Sykkelstamvegen Forus nord;EV39 S1000D65 m24;2026-08-06T07:00+02:00;2026-08-06T08:00+02:00;2026-08-06;07:00;08:00;Totalt i retning Stavanger;71;100,0;1;1;0;71;0,00;-;-;-;-;-;-;-;-
99274B3204701;Sykkelstamvegen Forus nord;EV39 S1000D65 m24;2026-08-06T07:00+02:00;2026-08-06T08:00+02:00;2026-08-06;07:00;08:00;Totalt;93;100,0;1;1;0;93;0,00;-;-;-;-;-;-;-;-
99274B3204701;Sykkelstamvegen Forus nord;EV39 S1000D65 m24;2026-08-06T08:00+02:00;2026-08-06T09:00+02:00;2026-08-06;08:00;09:00;1;19;100,0;1;1;0;19;0,00;-;-;-;-;-;-;-;-
99274B3204701;Sykkelstamvegen Forus nord;EV39 S1000D65 m24;2026-08-06T08:00+02:00;2026-08-06T09:00+02:00;2026-08-06;08:00;09:00;2;39;100,0;1;1;0;39;0,00;-;-;-;-;-;-;-;-
99274B3204701;Sykkelstamvegen Forus nord;EV39 S1000D65 m24;2026-08-06T08:00+02:00;2026-08-06T09:00+02:00;2026-08-06;08:00;09:00;Totalt i retning Sandnes;19;100,0;1;1;0;19;0,00;-;-;-;-;-;-;-;-
99274B3204701;Sykkelstamvegen Forus nord;EV39 S1000D65 m24;2026-08-06T08:00+02:00;2026-08-06T09:00+02:00;2026-08-06;08:00;09:00;Totalt i retning Stavanger;39;100,0;1;1;0;39;0,00;-;-;-;-;-;-;-;-
99274B3204701;Sykkelstamvegen Forus nord;EV39 S1000D65 m24;2026-08-06T08:00+02:00;2026-08-06T09:00+02:00;2026-08-06;08:00;09:00;Totalt;58;100,0;1;1;0;58;0,00;-;-;-;-;-;-;-;-
99274B3204701;Sykkelstamvegen Forus nord;EV39 S1000D65 m24;2026-08-06T09:00+02:00;2026-08-06T10:00+02:00;2026-08-06;09:00;10:00;1;10;100,0;1;1;0;10;0,00;-;-;-;-;-;-;-;-
99274B3204701;Sykkelstamvegen Forus nord;EV39 S1000D65 m24;2026-08-06T09:00+02:00;2026-08-06T10:00+02:00;2026-08-06;09:00;10:00;2;15;100,0;1;1;0;15;0,00;-;-;-;-;-;-;-;-
99274B3204701;Sykkelstamvegen Forus nord;EV39 S1000D65 m24;2026-08-06T09:00+02:00;2026-08-06T10:00+02:00;2026-08-06;09:00;10:00;Totalt i retning Sandnes;10;100,0;1;1;0;10;0,00;-;-;-;-;-;-;-;-
99274B3204701;Sykkelstamvegen Forus nord;EV39 S1000D65 m24;2026-08-06T09:00+02:00;2026-08-06T10:00+02:00;2026-08-06;09:00;10:00;Totalt i retning Stavanger;15;100,0;1;1;0;15;0,00;-;-;-;-;-;-;-;-
99274B3204701;Sykkelstamvegen Forus nord;EV39 S1000D65 m24;2026-08-06T09:00+02:00;2026-08-06T10:00+02:00;2026-08-06;09:00;10:00;Totalt;25;100,0;1;1;0;25;0,00;-;-;-;-;-;-;-;-
99274B3204701;Sykkelstamvegen Forus nord;EV39 S1000D65 m24;2026-08-06T10:00+02:00;2026-08-06T11:00+02:00;2026-08-06;10:00;11:00;1;11;100,0;1;1;0;11;0,00;-;-;-;-;-;-;-;-
99274B3204701;Sykkelstamvegen Forus nord;EV39 S1000D65 m24;2026-08-06T10:00+02:00;2026-08-06T11:00+02:00;2026-08-06;10:00;11:00;2;17;100,0;1;1;0;17;0,00;-;-;-;-;-;-;-;-
99274B3204701;Sykkelstamvegen Forus nord;EV39 S1000D65 m24;2026-08-06T10:00+02:00;2026-08-06T11:00+02:00;2026-08-06;10:00;11:00;Totalt i retning Sandnes;11;100,0;1;1;0;11;0,00;-;-;-;-;-;-;-;-
99274B3204701;Sykkelstamvegen Forus nord;EV39 S1000D65 m24;2026-08-06T10:00+02:00;2026-08-06T11:00+02:00;2026-08-06;10:00;11:00;Totalt i retning Stavanger;17;100,0;1;1;0;17;0,00;-;-;-;-;-;-;-;-
99274B3204701;Sykkelstamvegen Forus nord;EV39 S1000D65 m24;2026-08-06T10:00+02:00;2026-08-06T11:00+02:00;2026-08-06;10:00;11:00;Totalt;28;100,0;1;1;0;28;0,00;-;-;-;-;-;-;-;-
99274B3204701;Sykkelstamvegen Forus nord;EV39 S1000D65 m24;2026-08-06T11:00+02:00;2026-08-06T12:00+02:00;2026-08-06;11:00;12:00;1;23;100,0;1;1;0;23;0,00;-;-;-;-;-;-;-;-
99274B3204701;Sykkelstamvegen Forus nord;EV39 S1000D65 m24;2026-08-06T11:00+02:00;2026-08-06T12:00+02:00;2026-08-06;11:00;12:00;2;12;100,0;1;1;0;12;0,00;-;-;-;-;-;-;-;-
99274B3204701;Sykkelstamvegen Forus nord;EV39 S1000D65 m24;2026-08-06T11:00+02:00;2026-08-06T12:00+02:00;2026-08-06;11:00;12:00;Totalt i retning Sandnes;23;100,0;1;1;0;23;0,00;-;-;-;-;-;-;-;-
99274B3204701;Sykkelstamvegen Forus nord;EV39 S1000D65 m24;2026-08-06T11:00+02:00;2026-08-06T12:00+02:00;2026-08-06;11:00;12:00;Totalt i retning Stavanger;12;100,0;1;1;0;12;0,00;-;-;-;-;-;-;-;-
99274B3204701;Sykkelstamvegen Forus nord;EV39 S1000D65 m24;2026-08-06T11:00+02:00;2026-08-06T12:00+02:00;2026-08-06;11:00;12:00;Totalt;35;100,0;1;1;0;35;0,00;-;-;-;-;-;-;-;-
99274B3204701;Sykkelstamvegen Forus nord;EV39 S1000D65 m24;2026-08-06T12:00+02:00;2026-08-06T13:00+02:00;2026-08-06;12:00;13:00;1;23;100,0;1;1;0;23;0,00;-;-;-;-;-;-;-;-
99274B3204701;Sykkelstamvegen Forus nord;EV39 S1000D65 m24;2026-08-06T12:00+02:00;2026-08-06T13:00+02:00;2026-08-06;12:00;13:00;2;15;100,0;1;1;0;15;0,00;-;-;-;-;-;-;-;-
99274B3204701;Sykkelstamvegen Forus nord;EV39 S1000D65 m24;2026-08-06T12:00+02:00;2026-08-06T13:00+02:00;2026-08-06;12:00;13:00;Totalt i retning Sandnes;24;100,0;1;1;0;24;0,00;-;-;-;-;-;-;-;-
99274B3204701;Sykkelstamvegen Forus nord;EV39 S1000D65 m24;2026-08-06T12:00+02:00;2026-08-06T13:00+02:00;2026-08-06;12:00;13:00;Totalt i retning Stavanger;14;100,0;1;1;0;14;0,00;-;-;-;-;-;-;-;-
99274B3204701;Sykkelstamvegen Forus nord;EV39 S1000D65 m24;2026-08-06T12:00+02:00;2026-08-06T13:00+02:00;2026-08-06;12:00;13:00;Totalt;38;100,0;1;1;0;38;0,00;-;-;-;-;-;-;-;-
99274B3204701;Sykkelstamvegen Forus nord;EV39 S1000D65 m24;2026-08-06T13:00+02:00;2026-08-06T14:00+02:00;2026-08-06;13:00;14:00;1;21;100,0;1;1;0;21;0,00;-;-;-;-;-;-;-;-
99274B3204701;Sykkelstamvegen Forus nord;EV39 S1000D65 m24;2026-08-06T13:00+02:00;2026-08-06T14:00+02:00;2026-08-06;13:00;14:00;2;18;100,0;1;1;0;18;0,00;-;-;-;-;-;-;-;-
99274B3204701;Sykkelstamvegen Forus nord;EV39 S1000D65 m24;2026-08-06T13:00+02:00;2026-08-06T14:00+02:00;2026-08-06;13:00;14:00;Totalt i retning Sandnes;19;100,0;1;1;0;19;0,00;-;-;-;-;-;-;-;-
99274B3204701;Sykkelstamvegen Forus nord;EV39 S1000D65 m24;2026-08-06T13:00+02:00;2026-08-06T14:00+02:00;2026-08-06;13:00;14:00;Totalt i retning Stavanger;20;100,0;1;1;0;20;0,00;-;-;-;-;-;-;-;-
99274B3204701;Sykkelstamvegen Forus nord;EV39 S1000D65 m24;2026-08-06T13:00+02:00;2026-08-06T14:00+02:00;2026-08-06;13:00;14:00;Totalt;39;100,0;1;1;0;39;0,00;-;-;-;-;-;-;-;-
99274B3204701;Sykkelstamvegen Forus nord;EV39 S1000D65 m24;2026-08-06T14:00+02:00;2026-08-06T15:00+02:00;2026-08-06;14:00;15:00;1;35;100,0;1;1;0;35;0,00;-;-;-;-;-;-;-;-
99274B3204701;Sykkelstamvegen Forus nord;EV39 S1000D65 m24;2026-08-06T14:00+02:00;2026-08-06T15:00+02:00;2026-08-06;14:00;15:00;2;46;100,0;1;1;0;46;0,00;-;-;-;-;-;-;-;-
99274B3204701;Sykkelstamvegen Forus nord;EV39 S1000D65 m24;2026-08-06T14:00+02:00;2026-08-06T15:00+02:00;2026-08-06;14:00;15:00;Totalt i retning Sandnes;35;100,0;1;1;0;35;0,00;-;-;-;-;-;-;-;-
99274B3204701;Sykkelstamvegen Forus nord;EV39 S1000D65 m24;2026-08-06T14:00+02:00;2026-08-06T15:00+02:00;2026-08-06;14:00;15:00;Totalt i retning Stavanger;46;100,0;1;1;0;46;0,00;-;-;-;-;-;-;-;-
99274B3204701;Sykkelstamvegen Forus nord;EV39 S1000D65 m24;2026-08-06T14:00+02:00;2026-08-06T15:00+02:00;2026-08-06;14:00;15:00;Totalt;81;100,0;1;1;0;81;0,00;-;-;-;-;-;-;-;-
99274B3204701;Sykkelstamvegen Forus nord;EV39 S1000D65 m24;2026-08-06T15:00+02:00;2026-08-06T16:00+02:00;2026-08-06;15:00;16:00;1;80;100,0;1;1;0;80;0,00;-;-;-;-;-;-;-;-
99274B3204701;Sykkelstamvegen Forus nord;EV39 S1000D65 m24;2026-08-06T15:00+02:00;2026-08-06T16:00+02:00;2026-08-06;15:00;16:00;2;34;100,0;1;1;0;34;0,00;-;-;-;-;-;-;-;-
99274B3204701;Sykkelstamvegen Forus nord;EV39 S1000D65 m24;2026-08-06T15:00+02:00;2026-08-06T16:00+02:00;2026-08-06;15:00;16:00;Totalt i retning Sandnes;81;100,0;1;1;0;81;0,00;-;-;-;-;-;-;-;-
99274B3204701;Sykkelstamvegen Forus nord;EV39 S1000D65 m24;2026-08-06T15:00+02:00;2026-08-06T16:00+02:00;2026-08-06;15:00;16:00;Totalt i retning Stavanger;33;100,0;1;1;0;33;0,00;-;-;-;-;-;-;-;-
99274B3204701;Sykkelstamvegen Forus nord;EV39 S1000D65 m24;2026-08-06T15:00+02:00;2026-08-06T16:00+02:00;2026-08-06;15:00;16:00;Totalt;114;100,0;1;1;0;114;0,00;-;-;-;-;-;-;-;-
99274B3204701;Sykkelstamvegen Forus nord;EV39 S1000D65 m24;2026-08-06T16:00+02:00;2026-08-06T17:00+02:00;2026-08-06;16:00;17:00;1;61;100,0;1;1;0;61;0,00;-;-;-;-;-;-;-;-
99274B3204701;Sykkelstamvegen Forus nord;EV39 S1000D65 m24;2026-08-06T16:00+02:00;2026-08-06T17:00+02:00;2026-08-06;16:00;17:00;2;31;100,0;1;1;0;31;0,00;-;-;-;-;-;-;-;-
99274B3204701;Sykkelstamvegen Forus nord;EV39 S1000D65 m24;2026-08-06T16:00+02:00;2026-08-06T17:00+02:00;2026-08-06;16:00;17:00;Totalt i retning Sandnes;63;100,0;1;1;0;63;0,00;-;-;-;-;-;-;-;-
99274B3204701;Sykkelstamvegen Forus nord;EV39 S1000D65 m24;2026-08-06T16:00+02:00;2026-08-06T17:00+02:00;2026-08-06;16:00;17:00;Totalt i retning Stavanger;29;100,0;1;1;0;29;0,00;-;-;-;-;-;-;-;-
99274B3204701;Sykkelstamvegen Forus nord;EV39 S1000D65 m24;2026-08-06T16:00+02:00;2026-08-06T17:00+02:00;2026-08-06;16:00;17:00;Totalt;92;100,0;1;1;0;92;0,00;-;-;-;-;-;-;-;-
99274B3204701;Sykkelstamvegen Forus nord;EV39 S1000D65 m24;2026-08-06T17:00+02:00;2026-08-06T18:00+02:00;2026-08-06;17:00;18:00;1;22;100,0;1;1;0;22;0,00;-;-;-;-;-;-;-;-
99274B3204701;Sykkelstamvegen Forus nord;EV39 S1000D65 m24;2026-08-06T17:00+02:00;2026-08-06T18:00+02:00;2026-08-06;17:00;18:00;2;22;100,0;1;1;0;22;0,00;-;-;-;-;-;-;-;-
99274B3204701;Sykkelstamvegen Forus nord;EV39 S1000D65 m24;2026-08-06T17:00+02:00;2026-08-06T18:00+02:00;2026-08-06;17:00;18:00;Totalt i retning Sandnes;23;100,0;1;1;0;23;0,00;-;-;-;-;-;-;-;-
99274B3204701;Sykkelstamvegen Forus nord;EV39 S1000D65 m24;2026-08-06T17:00+02:00;2026-08-06T18:00+02:00;2026-08-06;17:00;18:00;Totalt i retning Stavanger;21;100,0;1;1;0;21;0,00;-;-;-;-;-;-;-;-
99274B3204701;Sykkelstamvegen Forus nord;EV39 S1000D65 m24;2026-08-06T17:00+02:00;2026-08-06T18:00+02:00;2026-08-06;17:00;18:00;Totalt;44;100,0;1;1;0;44;0,00;-;-;-;-;-;-;-;-
99274B3204701;Sykkelstamvegen Forus nord;EV39 S1000D65 m24;2026-08-06T18:00+02:00;2026-08-06T19:00+02:00;2026-08-06;18:00;19:00;1;23;100,0;1;1;0;23;0,00;-;-;-;-;-;-;-;-
99274B3204701;Sykkelstamvegen Forus nord;EV39 S1000D65 m24;2026-08-06T18:00+02:00;2026-08-06T19:00+02:00;2026-08-06;18:00;19:00;2;19;100,0;1;1;0;19;0,00;-;-;-;-;-;-;-;-
99274B3204701;Sykkelstamvegen Forus nord;EV39 S1000D65 m24;2026-08-06T18:00+02:00;2026-08-06T19:00+02:00;2026-08-06;18:00;19:00;Totalt i retning Sandnes;22;100,0;1;1;0;22;0,00;-;-;-;-;-;-;-;-
99274B3204701;Sykkelstamvegen Forus nord;EV39 S1000D65 m24;2026-08-06T18:00+02:00;2026-08-06T19:00+02:00;2026-08-06;18:00;19:00;Totalt i retning Stavanger;20;100,0;1;1;0;20;0,00;-;-;-;-;-;-;-;-
99274B3204701;Sykkelstamvegen Forus nord;EV39 S1000D65 m24;2026-08-06T18:00+02:00;2026-08-06T19:00+02:00;2026-08-06;18:00;19:00;Totalt;42;100,0;1;1;0;42;0,00;-;-;-;-;-;-;-;-
99274B3204701;Sykkelstamvegen Forus nord;EV39 S1000D65 m24;2026-08-06T19:00+02:00;2026-08-06T20:00+02:00;2026-08-06;19:00;20:00;1;20;100,0;1;1;0;20;0,00;-;-;-;-;-;-;-;-
99274B3204701;Sykkelstamvegen Forus nord;EV39 S1000D65 m24;2026-08-06T19:00+02:00;2026-08-06T20:00+02:00;2026-08-06;19:00;20:00;2;13;100,0;1;1;0;13;0,00;-;-;-;-;-;-;-;-
99274B3204701;Sykkelstamvegen Forus nord;EV39 S1000D65 m24;2026-08-06T19:00+02:00;2026-08-06T20:00+02:00;2026-08-06;19:00;20:00;Totalt i retning Sandnes;19;100,0;1;1;0;19;0,00;-;-;-;-;-;-;-;-
99274B3204701;Sykkelstamvegen Forus nord;EV39 S1000D65 m24;2026-08-06T19:00+02:00;2026-08-06T20:00+02:00;2026-08-06;19:00;20:00;Totalt i retning Stavanger;14;100,0;1;1;0;14;0,00;-;-;-;-;-;-;-;-
99274B3204701;Sykkelstamvegen Forus nord;EV39 S1000D65 m24;2026-08-06T19:00+02:00;2026-08-06T20:00+02:00;2026-08-06;19:00;20:00;Totalt;33;100,0;1;1;0;33;0,00;-;-;-;-;-;-;-;-
99274B3204701;Sykkelstamvegen Forus nord;EV39 S1000D65 m24;2026-08-06T20:00+02:00;2026-08-06T21:00+02:00;2026-08-06;20:00;21:00;1;6;100,0;1;1;0;6;0,00;-;-;-;-;-;-;-;-
99274B3204701;Sykkelstamvegen Forus nord;EV39 S1000D65 m24;2026-08-06T20:00+02:00;2026-08-06T21:00+02:00;2026-08-06;20:00;21:00;2;6;100,0;1;1;0;6;0,00;-;-;-;-;-;-;-;-
99274B3204701;Sykkelstamvegen Forus nord;EV39 S1000D65 m24;2026-08-06T20:00+02:00;2026-08-06T21:00+02:00;2026-08-06;20:00;21:00;Totalt i retning Sandnes;6;100,0;1;1;0;6;0,00;-;-;-;-;-;-;-;-
99274B3204701;Sykkelstamvegen Forus nord;EV39 S1000D65 m24;2026-08-06T20:00+02:00;2026-08-06T21:00+02:00;2026-08-06;20:00;21:00;Totalt i retning Stavanger;6;100,0;1;1;0;6;0,00;-;-;-;-;-;-;-;-
99274B3204701;Sykkelstamvegen Forus nord;EV39 S1000D65 m24;2026-08-06T20:00+02:00;2026-08-06T21:00+02:00;2026-08-06;20:00;21:00;Totalt;12;100,0;1;1;0;12;0,00;-;-;-;-;-;-;-;-
99274B3204701;Sykkelstamvegen Forus nord;EV39 S1000D65 m24;2026-08-06T21:00+02:00;2026-08-06T22:00+02:00;2026-08-06;21:00;22:00;1;5;100,0;1;1;0;5;0,00;-;-;-;-;-;-;-;-
99274B3204701;Sykkelstamvegen Forus nord;EV39 S1000D65 m24;2026-08-06T21:00+02:00;2026-08-06T22:00+02:00;2026-08-06;21:00;22:00;2;5;100,0;1;1;0;5;0,00;-;-;-;-;-;-;-;-
99274B3204701;Sykkelstamvegen Forus nord;EV39 S1000D65 m24;2026-08-06T21:00+02:00;2026-08-06T22:00+02:00;2026-08-06;21:00;22:00;Totalt i retning Sandnes;5;100,0;1;1;0;5;0,00;-;-;-;-;-;-;-;-
99274B3204701;Sykkelstamvegen Forus nord;EV39 S1000D65 m24;2026-08-06T21:00+02:00;2026-08-06T22:00+02:00;2026-08-06;21:00;22:00;Totalt i retning Stavanger;5;100,0;1;1;0;5;0,00;-;-;-;-;-;-;-;-
99274B3204701;Sykkelstamvegen Forus nord;EV39 S1000D65 m24;2026-08-06T21:00+02:00;2026-08-06T22:00+02:00;2026-08-06;21:00;22:00;Totalt;10;100,0;1;1;0;10;0,00;-;-;-;-;-;-;-;-
99274B3204701;Sykkelstamvegen Forus nord;EV39 S1000D65 m24;2026-08-06T22:00+02:00;2026-08-06T23:00+02:00;2026-08-06;22:00;23:00;1;5;100,0;1;1;0;5;0,00;-;-;-;-;-;-;-;-
99274B3204701;Sykkelstamvegen Forus nord;EV39 S1000D65 m24;2026-08-06T22:00+02:00;2026-08-06T23:00+02:00;2026-08-06;22:00;23:00;2;0;100,0;1;1;0;0;100,00;-;-;-;-;-;-;-;-
99274B3204701;Sykkelstamvegen Forus nord;EV39 S1000D65 m24;2026-08-06T22:00+02:00;2026-08-06T23:00+02:00;2026-08-06;22:00;23:00;Totalt i retning Sandnes;5;100,0;1;1;0;5;0,00;-;-;-;-;-;-;-;-
99274B3204701;Sykkelstamvegen Forus nord;EV39 S1000D65 m24;2026-08-06T22:00+02:00;2026-08-06T23:00+02:00;2026-08-06;22:00;23:00;Totalt i retning Stavanger;0;100,0;1;1;0;0;100,00;-;-;-;-;-;-;-;-
99274B3204701;Sykkelstamvegen Forus nord;EV39 S1000D65 m24;2026-08-06T22:00+02:00;2026-08-06T23:00+02:00;2026-08-06;22:00;23:00;Totalt;5;100,0;1;1;0;5;0,00;-;-;-;-;-;-;-;-
99274B3204701;Sykkelstamvegen Forus nord;EV39 S1000D65 m24;2026-08-06T23:00+02:00;2026-08-07T00:00+02:00;2026-08-06;23:00;00:00;1;1;100,0;1;1;0;1;0,00;-;-;-;-;-;-;-;-
99274B3204701;Sykkelstamvegen Forus nord;EV39 S1000D65 m24;2026-08-06T23:00+02:00;2026-08-07T00:00+02:00;2026-08-06;23:00;00:00;2;2;100,0;1;1;0;2;0,00;-;-;-;-;-;-;-;-
99274B3204701;Sykkelstamvegen Forus nord;EV39 S1000D65 m24;2026-08-06T23:00+02:00;2026-08-07T00:00+02:00;2026-08-06;23:00;00:00;Totalt i retning Sandnes;1;100,0;1;1;0;1;0,00;-;-;-;-;-;-;-;-
99274B3204701;Sykkelstamvegen Forus nord;EV39 S1000D65 m24;2026-08-06T23:00+02:00;2026-08-07T00:00+02:00;2026-08-06;23:00;00:00;Totalt i retning Stavanger;2;100,0;1;1;0;2;0,00;-;-;-;-;-;-;-;-
99274B3204701;Sykkelstamvegen Forus nord;EV39 S1000D65 m24;2026-08-06T23:00+02:00;2026-08-07T00:00+02:00;2026-08-06;23:00;00:00;Totalt;3;100,0;1;1;0;3;0,00;-;-;-;-;-;-;-;-
99274B3204701;Sykkelstamvegen Forus nord;EV39 S1000D65 m24;2026-08-07T00:00+02:00;2026-08-07T01:00+02:00;2026-08-07;00:00;01:00;1;2;100,0;1;1;0;2;0,00;-;-;-;-;-;-;-;-
99274B3204701;Sykkelstamvegen Forus nord;EV39 S1000D65 m24;2026-08-07T00:00+02:00;2026-08-07T01:00+02:00;2026-08-07;00:00;01:00;2;0;100,0;1;1;0;0;100,00;-;-;-;-;-;-;-;-
99274B3204701;Sykkelstamvegen Forus nord;EV39 S1000D65 m24;2026-08-07T00:00+02:00;2026-08-07T01:00+02:00;2026-08-07;00:00;01:00;Totalt i retning Sandnes;2;100,0;1;1;0;2;0,00;-;-;-;-;-;-;-;-
99274B3204701;Sykkelstamvegen Forus nord;EV39 S1000D65 m24;2026-08-07T00:00+02:00;2026-08-07T01:00+02:00;2026-08-07;00:00;01:00;Totalt i retning Stavanger;0;100,0;1;1;0;0;100,00;-;-;-;-;-;-;-;-
99274B3204701;Sykkelstamvegen Forus nord;EV39 S1000D65 m24;2026-08-07T00:00+02:00;2026-08-07T01:00+02:00;2026-08-07;00:00;01:00;Totalt;2;100,0;1;1;0;2;0,00;-;-;-;-;-;-;-;-
99274B3204701;Sykkelstamvegen Forus nord;EV39 S1000D65 m24;2026-08-07T01:00+02:00;2026-08-07T02:00+02:00;2026-08-07;01:00;02:00;1;2;100,0;1;1;0;2;0,00;-;-;-;-;-;-;-;-
99274B3204701;Sykkelstamvegen Forus nord;EV39 S1000D65 m24;2026-08-07T01:00+02:00;2026-08-07T02:00+02:00;2026-08-07;01:00;02:00;2;0;100,0;1;1;0;0;100,00;-;-;-;-;-;-;-;-
99274B3204701;Sykkelstamvegen Forus nord;EV39 S1000D65 m24;2026-08-07T01:00+02:00;2026-08-07T02:00+02:00;2026-08-07;01:00;02:00;Totalt i retning Sandnes;2;100,0;1;1;0;2;0,00;-;-;-;-;-;-;-;-
99274B3204701;Sykkelstamvegen Forus nord;EV39 S1000D65 m24;2026-08-07T01:00+02:00;2026-08-07T02:00+02:00;2026-08-07;01:00;02:00;Totalt i retning Stavanger;0;100,0;1;1;0;0;100,00;-;-;-;-;-;-;-;-
99274B3204701;Sykkelstamvegen Forus nord;EV39 S1000D65 m24;2026-08-07T01:00+02:00;2026-08-07T02:00+02:00;2026-08-07;01:00;02:00;Totalt;2;100,0;1;1;0;2;0,00;-;-;-;-;-;-;-;-
99274B3204701;Sykkelstamvegen Forus nord;EV39 S1000D65 m24;2026-08-07T02:00+02:00;2026-08-07T03:00+02:00;2026-08-07;02:00;03:00;1;0;100,0;1;1;0;0;100,00;-;-;-;-;-;-;-;-
99274B3204701;Sykkelstamvegen Forus nord;EV39 S1000D65 m24;2026-08-07T02:00+02:00;2026-08-07T03:00+02:00;2026-08-07;02:00;03:00;2;0;100,0;1;1;0;0;100,00;-;-;-;-;-;-;-;-
99274B3204701;Sykkelstamvegen Forus nord;EV39 S1000D65 m24;2026-08-07T02:00+02:00;2026-08-07T03:00+02:00;2026-08-07;02:00;03:00;Totalt i retning Sandnes;0;100,0;1;1;0;0;100,00;-;-;-;-;-;-;-;-
99274B3204701;Sykkelstamvegen Forus nord;EV39 S1000D65 m24;2026-08-07T02:00+02:00;2026-08-07T03:00+02:00;2026-08-07;02:00;03:00;Totalt i retning Stavanger;0;100,0;1;1;0;0;100,00;-;-;-;-;-;-;-;-
99274B3204701;Sykkelstamvegen Forus nord;EV39 S1000D65 m24;2026-08-07T02:00+02:00;2026-08-07T03:00+02:00;2026-08-07;02:00;03:00;Totalt;0;100,0;1;1;0;0;100,00;-;-;-;-;-;-;-;-
99274B3204701;Sykkelstamvegen Forus nord;EV39 S1000D65 m24;2026-08-07T03:00+02:00;2026-08-07T04:00+02:00;2026-08-07;03:00;04:00;1;0;100,0;1;1;0;0;100,00;-;-;-;-;-;-;-;-
99274B3204701;Sykkelstamvegen Forus nord;EV39 S1000D65 m24;2026-08-07T03:00+02:00;2026-08-07T04:00+02:00;2026-08-07;03:00;04:00;2;0;100,0;1;1;0;0;100,00;-;-;-;-;-;-;-;-
99274B3204701;Sykkelstamvegen Forus nord;EV39 S1000D65 m24;2026-08-07T03:00+02:00;2026-08-07T04:00+02:00;2026-08-07;03:00;04:00;Totalt i retning Sandnes;0;100,0;1;1;0;0;100,00;-;-;-;-;-;-;-;-
99274B3204701;Sykkelstamvegen Forus nord;EV39 S1000D65 m24;2026-08-07T03:00+02:00;2026-08-07T04:00+02:00;2026-08-07;03:00;04:00;Totalt i retning Stavanger;0;100,0;1;1;0;0;100,00;-;-;-;-;-;-;-;-
99274B3204701;Sykkelstamvegen Forus nord;EV39 S1000D65 m24;2026-08-07T03:00+02:00;2026-08-07T04:00+02:00;2026-08-07;03:00;04:00;Totalt;0;100,0;1;1;0;0;100,00;-;-;-;-;-;-;-;-
99274B3204701;Sykkelstamvegen Forus nord;EV39 S1000D65 m24;2026-08-07T04:00+02:00;2026-08-07T05:00+02:00;2026-08-07;04:00;05:00;1;1;100,0;1;1;0;1;0,00;-;-;-;-;-;-;-;-
99274B3204701;Sykkelstamvegen Forus nord;EV39 S1000D65 m24;2026-08-07T04:00+02:00;2026-08-07T05:00+02:00;2026-08-07;04:00;05:00;2;2;100,0;1;1;0;2;0,00;-;-;-;-;-;-;-;-
99274B3204701;Sykkelstamvegen Forus nord;EV39 S1000D65 m24;2026-08-07T04:00+02:00;2026-08-07T05:00+02:00;2026-08-07;04:00;05:00;Totalt i retning Sandnes;1;100,0;1;1;0;1;0,00;-;-;-;-;-;-;-;-
99274B3204701;Sykkelstamvegen Forus nord;EV39 S1000D65 m24;2026-08-07T04:00+02:00;2026-08-07T05:00+02:00;2026-08-07;04:00;05:00;Totalt i retning Stavanger;2;100,0;1;1;0;2;0,00;-;-;-;-;-;-;-;-
99274B3204701;Sykkelstamvegen Forus nord;EV39 S1000D65 m24;2026-08-07T04:00+02:00;2026-08-07T05:00+02:00;2026-08-07;04:00;05:00;Totalt;3;100,0;1;1;0;3;0,00;-;-;-;-;-;-;-;-
99274B3204701;Sykkelstamvegen Forus nord;EV39 S1000D65 m24;2026-08-07T05:00+02:00;2026-08-07T06:00+02:00;2026-08-07;05:00;06:00;1;4;100,0;1;1;0;4;0,00;-;-;-;-;-;-;-;-
99274B3204701;Sykkelstamvegen Forus nord;EV39 S1000D65 m24;2026-08-07T05:00+02:00;2026-08-07T06:00+02:00;2026-08-07;05:00;06:00;2;9;100,0;1;1;0;9;0,00;-;-;-;-;-;-;-;-
99274B3204701;Sykkelstamvegen Forus nord;EV39 S1000D65 m24;2026-08-07T05:00+02:00;2026-08-07T06:00+02:00;2026-08-07;05:00;06:00;Totalt i retning Sandnes;4;100,0;1;1;0;4;0,00;-;-;-;-;-;-;-;-
99274B3204701;Sykkelstamvegen Forus nord;EV39 S1000D65 m24;2026-08-07T05:00+02:00;2026-08-07T06:00+02:00;2026-08-07;05:00;06:00;Totalt i retning Stavanger;9;100,0;1;1;0;9;0,00;-;-;-;-;-;-;-;-
99274B3204701;Sykkelstamvegen Forus nord;EV39 S1000D65 m24;2026-08-07T05:00+02:00;2026-08-07T06:00+02:00;2026-08-07;05:00;06:00;Totalt;13;100,0;1;1;0;13;0,00;-;-;-;-;-;-;-;-
99274B3204701;Sykkelstamvegen Forus nord;EV39 S1000D65 m24;2026-08-07T06:00+02:00;2026-08-07T07:00+02:00;2026-08-07;06:00;07:00;1;16;100,0;1;1;0;16;0,00;-;-;-;-;-;-;-;-
99274B3204701;Sykkelstamvegen Forus nord;EV39 S1000D65 m24;2026-08-07T06:00+02:00;2026-08-07T07:00+02:00;2026-08-07;06:00;07:00;2;33;100,0;1;1;0;33;0,00;-;-;-;-;-;-;-;-
99274B3204701;Sykkelstamvegen Forus nord;EV39 S1000D65 m24;2026-08-07T06:00+02:00;2026-08-07T07:00+02:00;2026-08-07;06:00;07:00;Totalt i retning Sandnes;16;100,0;1;1;0;16;0,00;-;-;-;-;-;-;-;-
99274B3204701;Sykkelstamvegen Forus nord;EV39 S1000D65 m24;2026-08-07T06:00+02:00;2026-08-07T07:00+02:00;2026-08-07;06:00;07:00;Totalt i retning Stavanger;33;100,0;1;1;0;33;0,00;-;-;-;-;-;-;-;-
99274B3204701;Sykkelstamvegen Forus nord;EV39 S1000D65 m24;2026-08-07T06:00+02:00;2026-08-07T07:00+02:00;2026-08-07;06:00;07:00;Totalt;49;100,0;1;1;0;49;0,00;-;-;-;-;-;-;-;-
99274B3204701;Sykkelstamvegen Forus nord;EV39 S1000D65 m24;2026-08-07T07:00+02:00;2026-08-07T08:00+02:00;2026-08-07;07:00;08:00;1;29;100,0;1;1;0;29;0,00;-;-;-;-;-;-;-;-
99274B3204701;Sykkelstamvegen Forus nord;EV39 S1000D65 m24;2026-08-07T07:00+02:00;2026-08-07T08:00+02:00;2026-08-07;07:00;08:00;2;69;100,0;1;1;0;69;0,00;-;-;-;-;-;-;-;-
99274B3204701;Sykkelstamvegen Forus nord;EV39 S1000D65 m24;2026-08-07T07:00+02:00;2026-08-07T08:00+02:00;2026-08-07;07:00;08:00;Totalt i retning Sandnes;29;100,0;1;1;0;29;0,00;-;-;-;-;-;-;-;-
99274B3204701;Sykkelstamvegen Forus nord;EV39 S1000D65 m24;2026-08-07T07:00+02:00;2026-08-07T08:00+02:00;2026-08-07;07:00;08:00;Totalt i retning Stavanger;69;100,0;1;1;0;69;0,00;-;-;-;-;-;-;-;-
99274B3204701;Sykkelstamvegen Forus nord;EV39 S1000D65 m24;2026-08-07T07:00+02:00;2026-08-07T08:00+02:00;2026-08-07;07:00;08:00;Totalt;98;100,0;1;1;0;98;0,00;-;-;-;-;-;-;-;-
99274B3204701;Sykkelstamvegen Forus nord;EV39 S1000D65 m24;2026-08-07T08:00+02:00;2026-08-07T09:00+02:00;2026-08-07;08:00;09:00;1;16;100,0;1;1;0;16;0,00;-;-;-;-;-;-;-;-
99274B3204701;Sykkelstamvegen Forus nord;EV39 S1000D65 m24;2026-08-07T08:00+02:00;2026-08-07T09:00+02:00;2026-08-07;08:00;09:00;2;33;100,0;1;1;0;33;0,00;-;-;-;-;-;-;-;-
99274B3204701;Sykkelstamvegen Forus nord;EV39 S1000D65 m24;2026-08-07T08:00+02:00;2026-08-07T09:00+02:00;2026-08-07;08:00;09:00;Totalt i retning Sandnes;16;100,0;1;1;0;16;0,00;-;-;-;-;-;-;-;-
99274B3204701;Sykkelstamvegen Forus nord;EV39 S1000D65 m24;2026-08-07T08:00+02:00;2026-08-07T09:00+02:00;2026-08-07;08:00;09:00;Totalt i retning Stavanger;33;100,0;1;1;0;33;0,00;-;-;-;-;-;-;-;-
99274B3204701;Sykkelstamvegen Forus nord;EV39 S1000D65 m24;2026-08-07T08:00+02:00;2026-08-07T09:00+02:00;2026-08-07;08:00;09:00;Totalt;49;100,0;1;1;0;49;0,00;-;-;-;-;-;-;-;-
99274B3204701;Sykkelstamvegen Forus nord;EV39 S1000D65 m24;2026-08-07T09:00+02:00;2026-08-07T10:00+02:00;2026-08-07;09:00;10:00;1;18;100,0;1;1;0;18;0,00;-;-;-;-;-;-;-;-
99274B3204701;Sykkelstamvegen Forus nord;EV39 S1000D65 m24;2026-08-07T09:00+02:00;2026-08-07T10:00+02:00;2026-08-07;09:00;10:00;2;11;100,0;1;1;0;11;0,00;-;-;-;-;-;-;-;-
99274B3204701;Sykkelstamvegen Forus nord;EV39 S1000D65 m24;2026-08-07T09:00+02:00;2026-08-07T10:00+02:00;2026-08-07;09:00;10:00;Totalt i retning Sandnes;19;100,0;1;1;0;19;0,00;-;-;-;-;-;-;-;-
99274B3204701;Sykkelstamvegen Forus nord;EV39 S1000D65 m24;2026-08-07T09:00+02:00;2026-08-07T10:00+02:00;2026-08-07;09:00;10:00;Totalt i retning Stavanger;10;100,0;1;1;0;10;0,00;-;-;-;-;-;-;-;-
99274B3204701;Sykkelstamvegen Forus nord;EV39 S1000D65 m24;2026-08-07T09:00+02:00;2026-08-07T10:00+02:00;2026-08-07;09:00;10:00;Totalt;29;100,0;1;1;0;29;0,00;-;-;-;-;-;-;-;-
99274B3204701;Sykkelstamvegen Forus nord;EV39 S1000D65 m24;2026-08-07T10:00+02:00;2026-08-07T11:00+02:00;2026-08-07;10:00;11:00;1;31;100,0;1;1;0;31;0,00;-;-;-;-;-;-;-;-
99274B3204701;Sykkelstamvegen Forus nord;EV39 S1000D65 m24;2026-08-07T10:00+02:00;2026-08-07T11:00+02:00;2026-08-07;10:00;11:00;2;17;100,0;1;1;0;17;0,00;-;-;-;-;-;-;-;-
99274B3204701;Sykkelstamvegen Forus nord;EV39 S1000D65 m24;2026-08-07T10:00+02:00;2026-08-07T11:00+02:00;2026-08-07;10:00;11:00;Totalt i retning Sandnes;31;100,0;1;1;0;31;0,00;-;-;-;-;-;-;-;-
99274B3204701;Sykkelstamvegen Forus nord;EV39 S1000D65 m24;2026-08-07T10:00+02:00;2026-08-07T11:00+02:00;2026-08-07;10:00;11:00;Totalt i retning Stavanger;17;100,0;1;1;0;17;0,00;-;-;-;-;-;-;-;-
99274B3204701;Sykkelstamvegen Forus nord;EV39 S1000D65 m24;2026-08-07T10:00+02:00;2026-08-07T11:00+02:00;2026-08-07;10:00;11:00;Totalt;48;100,0;1;1;0;48;0,00;-;-;-;-;-;-;-;-
99274B3204701;Sykkelstamvegen Forus nord;EV39 S1000D65 m24;2026-08-07T11:00+02:00;2026-08-07T12:00+02:00;2026-08-07;11:00;12:00;1;25;100,0;1;1;0;25;0,00;-;-;-;-;-;-;-;-
99274B3204701;Sykkelstamvegen Forus nord;EV39 S1000D65 m24;2026-08-07T11:00+02:00;2026-08-07T12:00+02:00;2026-08-07;11:00;12:00;2;25;100,0;1;1;0;25;0,00;-;-;-;-;-;-;-;-
99274B3204701;Sykkelstamvegen Forus nord;EV39 S1000D65 m24;2026-08-07T11:00+02:00;2026-08-07T12:00+02:00;2026-08-07;11:00;12:00;Totalt i retning Sandnes;25;100,0;1;1;0;25;0,00;-;-;-;-;-;-;-;-
99274B3204701;Sykkelstamvegen Forus nord;EV39 S1000D65 m24;2026-08-07T11:00+02:00;2026-08-07T12:00+02:00;2026-08-07;11:00;12:00;Totalt i retning Stavanger;25;100,0;1;1;0;25;0,00;-;-;-;-;-;-;-;-
99274B3204701;Sykkelstamvegen Forus nord;EV39 S1000D65 m24;2026-08-07T11:00+02:00;2026-08-07T12:00+02:00;2026-08-07;11:00;12:00;Totalt;50;100,0;1;1;0;50;0,00;-;-;-;-;-;-;-;-
99274B3204701;Sykkelstamvegen Forus nord;EV39 S1000D65 m24;2026-08-07T12:00+02:00;2026-08-07T13:00+02:00;2026-08-07;12:00;13:00;1;27;100,0;1;1;0;27;0,00;-;-;-;-;-;-;-;-
99274B3204701;Sykkelstamvegen Forus nord;EV39 S1000D65 m24;2026-08-07T12:00+02:00;2026-08-07T13:00+02:00;2026-08-07;12:00;13:00;2;38;100,0;1;1;0;38;0,00;-;-;-;-;-;-;-;-
99274B3204701;Sykkelstamvegen Forus nord;EV39 S1000D65 m24;2026-08-07T12:00+02:00;2026-08-07T13:00+02:00;2026-08-07;12:00;13:00;Totalt i retning Sandnes;27;100,0;1;1;0;27;0,00;-;-;-;-;-;-;-;-
99274B3204701;Sykkelstamvegen Forus nord;EV39 S1000D65 m24;2026-08-07T12:00+02:00;2026-08-07T13:00+02:00;2026-08-07;12:00;13:00;Totalt i retning Stavanger;38;100,0;1;1;0;38;0,00;-;-;-;-;-;-;-;-
99274B3204701;Sykkelstamvegen Forus nord;EV39 S1000D65 m24;2026-08-07T12:00+02:00;2026-08-07T13:00+02:00;2026-08-07;12:00;13:00;Totalt;65;100,0;1;1;0;65;0,00;-;-;-;-;-;-;-;-
99274B3204701;Sykkelstamvegen Forus nord;EV39 S1000D65 m24;2026-08-07T13:00+02:00;2026-08-07T14:00+02:00;2026-08-07;13:00;14:00;1;30;100,0;1;1;0;30;0,00;-;-;-;-;-;-;-;-
99274B3204701;Sykkelstamvegen Forus nord;EV39 S1000D65 m24;2026-08-07T13:00+02:00;2026-08-07T14:00+02:00;2026-08-07;13:00;14:00;2;34;100,0;1;1;0;34;0,00;-;-;-;-;-;-;-;-
99274B3204701;Sykkelstamvegen Forus nord;EV39 S1000D65 m24;2026-08-07T13:00+02:00;2026-08-07T14:00+02:00;2026-08-07;13:00;14:00;Totalt i retning Sandnes;29;100,0;1;1;0;29;0,00;-;-;-;-;-;-;-;-
99274B3204701;Sykkelstamvegen Forus nord;EV39 S1000D65 m24;2026-08-07T13:00+02:00;2026-08-07T14:00+02:00;2026-08-07;13:00;14:00;Totalt i retning Stavanger;35;100,0;1;1;0;35;0,00;-;-;-;-;-;-;-;-
99274B3204701;Sykkelstamvegen Forus nord;EV39 S1000D65 m24;2026-08-07T13:00+02:00;2026-08-07T14:00+02:00;2026-08-07;13:00;14:00;Totalt;64;100,0;1;1;0;64;0,00;-;-;-;-;-;-;-;-
99274B3204701;Sykkelstamvegen Forus nord;EV39 S1000D65 m24;2026-08-07T14:00+02:00;2026-08-07T15:00+02:00;2026-08-07;14:00;15:00;1;58;100,0;1;1;0;58;0,00;-;-;-;-;-;-;-;-
99274B3204701;Sykkelstamvegen Forus nord;EV39 S1000D65 m24;2026-08-07T14:00+02:00;2026-08-07T15:00+02:00;2026-08-07;14:00;15:00;2;44;100,0;1;1;0;44;0,00;-;-;-;-;-;-;-;-
99274B3204701;Sykkelstamvegen Forus nord;EV39 S1000D65 m24;2026-08-07T14:00+02:00;2026-08-07T15:00+02:00;2026-08-07;14:00;15:00;Totalt i retning Sandnes;58;100,0;1;1;0;58;0,00;-;-;-;-;-;-;-;-
99274B3204701;Sykkelstamvegen Forus nord;EV39 S1000D65 m24;2026-08-07T14:00+02:00;2026-08-07T15:00+02:00;2026-08-07;14:00;15:00;Totalt i retning Stavanger;44;100,0;1;1;0;44;0,00;-;-;-;-;-;-;-;-
99274B3204701;Sykkelstamvegen Forus nord;EV39 S1000D65 m24;2026-08-07T14:00+02:00;2026-08-07T15:00+02:00;2026-08-07;14:00;15:00;Totalt;102;100,0;1;1;0;102;0,00;-;-;-;-;-;-;-;-
99274B3204701;Sykkelstamvegen Forus nord;EV39 S1000D65 m24;2026-08-07T15:00+02:00;2026-08-07T16:00+02:00;2026-08-07;15:00;16:00;1;96;100,0;1;1;0;96;0,00;-;-;-;-;-;-;-;-
99274B3204701;Sykkelstamvegen Forus nord;EV39 S1000D65 m24;2026-08-07T15:00+02:00;2026-08-07T16:00+02:00;2026-08-07;15:00;16:00;2;39;100,0;1;1;0;39;0,00;-;-;-;-;-;-;-;-
99274B3204701;Sykkelstamvegen Forus nord;EV39 S1000D65 m24;2026-08-07T15:00+02:00;2026-08-07T16:00+02:00;2026-08-07;15:00;16:00;Totalt i retning Sandnes;94;100,0;1;1;0;94;0,00;-;-;-;-;-;-;-;-
99274B3204701;Sykkelstamvegen Forus nord;EV39 S1000D65 m24;2026-08-07T15:00+02:00;2026-08-07T16:00+02:00;2026-08-07;15:00;16:00;Totalt i retning Stavanger;41;100,0;1;1;0;41;0,00;-;-;-;-;-;-;-;-
99274B3204701;Sykkelstamvegen Forus nord;EV39 S1000D65 m24;2026-08-07T15:00+02:00;2026-08-07T16:00+02:00;2026-08-07;15:00;16:00;Totalt;135;100,0;1;1;0;135;0,00;-;-;-;-;-;-;-;-
99274B3204701;Sykkelstamvegen Forus nord;EV39 S1000D65 m24;2026-08-07T16:00+02:00;2026-08-07T17:00+02:00;2026-08-07;16:00;17:00;1;77;100,0;1;1;0;77;0,00;-;-;-;-;-;-;-;-
99274B3204701;Sykkelstamvegen Forus nord;EV39 S1000D65 m24;2026-08-07T16:00+02:00;2026-08-07T17:00+02:00;2026-08-07;16:00;17:00;2;43;100,0;1;1;0;43;0,00;-;-;-;-;-;-;-;-
99274B3204701;Sykkelstamvegen Forus nord;EV39 S1000D65 m24;2026-08-07T16:00+02:00;2026-08-07T17:00+02:00;2026-08-07;16:00;17:00;Totalt i retning Sandnes;80;100,0;1;1;0;80;0,00;-;-;-;-;-;-;-;-
99274B3204701;Sykkelstamvegen Forus nord;EV39 S1000D65 m24;2026-08-07T16:00+02:00;2026-08-07T17:00+02:00;2026-08-07;16:00;17:00;Totalt i retning Stavanger;40;100,0;1;1;0;40;0,00;-;-;-;-;-;-;-;-
99274B3204701;Sykkelstamvegen Forus nord;EV39 S1000D65 m24;2026-08-07T16:00+02:00;2026-08-07T17:00+02:00;2026-08-07;16:00;17:00;Totalt;120;100,0;1;1;0;120;0,00;-;-;-;-;-;-;-;-
99274B3204701;Sykkelstamvegen Forus nord;EV39 S1000D65 m24;2026-08-07T17:00+02:00;2026-08-07T18:00+02:00;2026-08-07;17:00;18:00;1;30;100,0;1;1;0;30;0,00;-;-;-;-;-;-;-;-
99274B3204701;Sykkelstamvegen Forus nord;EV39 S1000D65 m24;2026-08-07T17:00+02:00;2026-08-07T18:00+02:00;2026-08-07;17:00;18:00;2;16;100,0;1;1;0;16;0,00;-;-;-;-;-;-;-;-
99274B3204701;Sykkelstamvegen Forus nord;EV39 S1000D65 m24;2026-08-07T17:00+02:00;2026-08-07T18:00+02:00;2026-08-07;17:00;18:00;Totalt i retning Sandnes;29;100,0;1;1;0;29;0,00;-;-;-;-;-;-;-;-
99274B3204701;Sykkelstamvegen Forus nord;EV39 S1000D65 m24;2026-08-07T17:00+02:00;2026-08-07T18:00+02:00;2026-08-07;17:00;18:00;Totalt i retning Stavanger;17;100,0;1;1;0;17;0,00;-;-;-;-;-;-;-;-
99274B3204701;Sykkelstamvegen Forus nord;EV39 S1000D65 m24;2026-08-07T17:00+02:00;2026-08-07T18:00+02:00;2026-08-07;17:00;18:00;Totalt;46;100,0;1;1;0;46;0,00;-;-;-;-;-;-;-;-
99274B3204701;Sykkelstamvegen Forus nord;EV39 S1000D65 m24;2026-08-07T18:00+02:00;2026-08-07T19:00+02:00;2026-08-07;18:00;19:00;1;33;100,0;1;1;0;33;0,00;-;-;-;-;-;-;-;-
99274B3204701;Sykkelstamvegen Forus nord;EV39 S1000D65 m24;2026-08-07T18:00+02:00;2026-08-07T19:00+02:00;2026-08-07;18:00;19:00;2;14;100,0;1;1;0;14;0,00;-;-;-;-;-;-;-;-
99274B3204701;Sykkelstamvegen Forus nord;EV39 S1000D65 m24;2026-08-07T18:00+02:00;2026-08-07T19:00+02:00;2026-08-07;18:00;19:00;Totalt i retning Sandnes;34;100,0;1;1;0;34;0,00;-;-;-;-;-;-;-;-
99274B3204701;Sykkelstamvegen Forus nord;EV39 S1000D65 m24;2026-08-07T18:00+02:00;2026-08-07T19:00+02:00;2026-08-07;18:00;19:00;Totalt i retning Stavanger;13;100,0;1;1;0;13;0,00;-;-;-;-;-;-;-;-
99274B3204701;Sykkelstamvegen Forus nord;EV39 S1000D65 m24;2026-08-07T18:00+02:00;2026-08-07T19:00+02:00;2026-08-07;18:00;19:00;Totalt;47;100,0;1;1;0;47;0,00;-;-;-;-;-;-;-;-
99274B3204701;Sykkelstamvegen Forus nord;EV39 S1000D65 m24;2026-08-07T19:00+02:00;2026-08-07T20:00+02:00;2026-08-07;19:00;20:00;1;14;100,0;1;1;0;14;0,00;-;-;-;-;-;-;-;-
99274B3204701;Sykkelstamvegen Forus nord;EV39 S1000D65 m24;2026-08-07T19:00+02:00;2026-08-07T20:00+02:00;2026-08-07;19:00;20:00;2;9;100,0;1;1;0;9;0,00;-;-;-;-;-;-;-;-
99274B3204701;Sykkelstamvegen Forus nord;EV39 S1000D65 m24;2026-08-07T19:00+02:00;2026-08-07T20:00+02:00;2026-08-07;19:00;20:00;Totalt i retning Sandnes;14;100,0;1;1;0;14;0,00;-;-;-;-;-;-;-;-
99274B3204701;Sykkelstamvegen Forus nord;EV39 S1000D65 m24;2026-08-07T19:00+02:00;2026-08-07T20:00+02:00;2026-08-07;19:00;20:00;Totalt i retning Stavanger;9;100,0;1;1;0;9;0,00;-;-;-;-;-;-;-;-
99274B3204701;Sykkelstamvegen Forus nord;EV39 S1000D65 m24;2026-08-07T19:00+02:00;2026-08-07T20:00+02:00;2026-08-07;19:00;20:00;Totalt;23;100,0;1;1;0;23;0,00;-;-;-;-;-;-;-;-
99274B3204701;Sykkelstamvegen Forus nord;EV39 S1000D65 m24;2026-08-07T20:00+02:00;2026-08-07T21:00+02:00;2026-08-07;20:00;21:00;1;6;100,0;1;1;0;6;0,00;-;-;-;-;-;-;-;-
99274B3204701;Sykkelstamvegen Forus nord;EV39 S1000D65 m24;2026-08-07T20:00+02:00;2026-08-07T21:00+02:00;2026-08-07;20:00;21:00;2;7;100,0;1;1;0;7;0,00;-;-;-;-;-;-;-;-
99274B3204701;Sykkelstamvegen Forus nord;EV39 S1000D65 m24;2026-08-07T20:00+02:00;2026-08-07T21:00+02:00;2026-08-07;20:00;21:00;Totalt i retning Sandnes;6;100,0;1;1;0;6;0,00;-;-;-;-;-;-;-;-
99274B3204701;Sykkelstamvegen Forus nord;EV39 S1000D65 m24;2026-08-07T20:00+02:00;2026-08-07T21:00+02:00;2026-08-07;20:00;21:00;Totalt i retning Stavanger;7;100,0;1;1;0;7;0,00;-;-;-;-;-;-;-;-
99274B3204701;Sykkelstamvegen Forus nord;EV39 S1000D65 m24;2026-08-07T20:00+02:00;2026-08-07T21:00+02:00;2026-08-07;20:00;21:00;Totalt;13;100,0;1;1;0;13;0,00;-;-;-;-;-;-;-;-
99274B3204701;Sykkelstamvegen Forus nord;EV39 S1000D65 m24;2026-08-07T21:00+02:00;2026-08-07T22:00+02:00;2026-08-07;21:00;22:00;1;2;100,0;1;1;0;2;0,00;-;-;-;-;-;-;-;-
99274B3204701;Sykkelstamvegen Forus nord;EV39 S1000D65 m24;2026-08-07T21:00+02:00;2026-08-07T22:00+02:00;2026-08-07;21:00;22:00;2;2;100,0;1;1;0;2;0,00;-;-;-;-;-;-;-;-
99274B3204701;Sykkelstamvegen Forus nord;EV39 S1000D65 m24;2026-08-07T21:00+02:00;2026-08-07T22:00+02:00;2026-08-07;21:00;22:00;Totalt i retning Sandnes;2;100,0;1;1;0;2;0,00;-;-;-;-;-;-;-;-
99274B3204701;Sykkelstamvegen Forus nord;EV39 S1000D65 m24;2026-08-07T21:00+02:00;2026-08-07T22:00+02:00;2026-08-07;21:00;22:00;Totalt i retning Stavanger;2;100,0;1;1;0;2;0,00;-;-;-;-;-;-;-;-
99274B3204701;Sykkelstamvegen Forus nord;EV39 S1000D65 m24;2026-08-07T21:00+02:00;2026-08-07T22:00+02:00;2026-08-07;21:00;22:00;Totalt;4;100,0;1;1;0;4;0,00;-;-;-;-;-;-;-;-
99274B3204701;Sykkelstamvegen Forus nord;EV39 S1000D65 m24;2026-08-07T22:00+02:00;2026-08-07T23:00+02:00;2026-08-07;22:00;23:00;1;5;100,0;1;1;0;5;0,00;-;-;-;-;-;-;-;-
99274B3204701;Sykkelstamvegen Forus nord;EV39 S1000D65 m24;2026-08-07T22:00+02:00;2026-08-07T23:00+02:00;2026-08-07;22:00;23:00;2;1;100,0;1;1;0;1;0,00;-;-;-;-;-;-;-;-
99274B3204701;Sykkelstamvegen Forus nord;EV39 S1000D65 m24;2026-08-07T22:00+02:00;2026-08-07T23:00+02:00;2026-08-07;22:00;23:00;Totalt i retning Sandnes;5;100,0;1;1;0;5;0,00;-;-;-;-;-;-;-;-
99274B3204701;Sykkelstamvegen Forus nord;EV39 S1000D65 m24;2026-08-07T22:00+02:00;2026-08-07T23:00+02:00;2026-08-07;22:00;23:00;Totalt i retning Stavanger;1;100,0;1;1;0;1;0,00;-;-;-;-;-;-;-;-
99274B3204701;Sykkelstamvegen Forus nord;EV39 S1000D65 m24;2026-08-07T22:00+02:00;2026-08-07T23:00+02:00;2026-08-07;22:00;23:00;Totalt;6;100,0;1;1;0;6;0,00;-;-;-;-;-;-;-;-
99274B3204701;Sykkelstamvegen Forus nord;EV39 S1000D65 m24;2026-08-07T23:00+02:00;2026-08-08T00:00+02:00;2026-08-07;23:00;00:00;1;4;100,0;1;1;0;4;0,00;-;-;-;-;-;-;-;-
99274B3204701;Sykkelstamvegen Forus nord;EV39 S1000D65 m24;2026-08-07T23:00+02:00;2026-08-08T00:00+02:00;2026-08-07;23:00;00:00;2;1;100,0;1;1;0;1;0,00;-;-;-;-;-;-;-;-
99274B3204701;Sykkelstamvegen Forus nord;EV39 S1000D65 m24;2026-08-07T23:00+02:00;2026-08-08T00:00+02:00;2026-08-07;23:00;00:00;Totalt i retning Sandnes;4;100,0;1;1;0;4;0,00;-;-;-;-;-;-;-;-
99274B3204701;Sykkelstamvegen Forus nord;EV39 S1000D65 m24;2026-08-07T23:00+02:00;2026-08-08T00:00+02:00;2026-08-07;23:00;00:00;Totalt i retning Stavanger;1;100,0;1;1;0;1;0,00;-;-;-;-;-;-;-;-
99274B3204701;Sykkelstamvegen Forus nord;EV39 S1000D65 m24;2026-08-07T23:00+02:00;2026-08-08T00:00+02:00;2026-08-07;23:00;00:00;Totalt;5;100,0;1;1;0;5;0,00;-;-;-;-;-;-;-;-
99274B3204701;Sykkelstamvegen Forus nord;EV39 S1000D65 m24;2026-08-08T00:00+02:00;2026-08-08T01:00+02:00;2026-08-08;00:00;01:00;1;1;100,0;1;1;0;1;0,00;-;-;-;-;-;-;-;-
99274B3204701;Sykkelstamvegen Forus nord;EV39 S1000D65 m24;2026-08-08T00:00+02:00;2026-08-08T01:00+02:00;2026-08-08;00:00;01:00;2;1;100,0;1;1;0;1;0,00;-;-;-;-;-;-;-;-
99274B3204701;Sykkelstamvegen Forus nord;EV39 S1000D65 m24;2026-08-08T00:00+02:00;2026-08-08T01:00+02:00;2026-08-08;00:00;01:00;Totalt i retning Sandnes;1;100,0;1;1;0;1;0,00;-;-;-;-;-;-;-;-
99274B3204701;Sykkelstamvegen Forus nord;EV39 S1000D65 m24;2026-08-08T00:00+02:00;2026-08-08T01:00+02:00;2026-08-08;00:00;01:00;Totalt i retning Stavanger;1;100,0;1;1;0;1;0,00;-;-;-;-;-;-;-;-
99274B3204701;Sykkelstamvegen Forus nord;EV39 S1000D65 m24;2026-08-08T00:00+02:00;2026-08-08T01:00+02:00;2026-08-08;00:00;01:00;Totalt;2;100,0;1;1;0;2;0,00;-;-;-;-;-;-;-;-
99274B3204701;Sykkelstamvegen Forus nord;EV39 S1000D65 m24;2026-08-08T01:00+02:00;2026-08-08T02:00+02:00;2026-08-08;01:00;02:00;1;0;100,0;1;1;0;0;100,00;-;-;-;-;-;-;-;-
99274B3204701;Sykkelstamvegen Forus nord;EV39 S1000D65 m24;2026-08-08T01:00+02:00;2026-08-08T02:00+02:00;2026-08-08;01:00;02:00;2;1;100,0;1;1;0;1;0,00;-;-;-;-;-;-;-;-
99274B3204701;Sykkelstamvegen Forus nord;EV39 S1000D65 m24;2026-08-08T01:00+02:00;2026-08-08T02:00+02:00;2026-08-08;01:00;02:00;Totalt i retning Sandnes;0;100,0;1;1;0;0;100,00;-;-;-;-;-;-;-;-
99274B3204701;Sykkelstamvegen Forus nord;EV39 S1000D65 m24;2026-08-08T01:00+02:00;2026-08-08T02:00+02:00;2026-08-08;01:00;02:00;Totalt i retning Stavanger;1;100,0;1;1;0;1;0,00;-;-;-;-;-;-;-;-
99274B3204701;Sykkelstamvegen Forus nord;EV39 S1000D65 m24;2026-08-08T01:00+02:00;2026-08-08T02:00+02:00;2026-08-08;01:00;02:00;Totalt;1;100,0;1;1;0;1;0,00;-;-;-;-;-;-;-;-
99274B3204701;Sykkelstamvegen Forus nord;EV39 S1000D65 m24;2026-08-08T02:00+02:00;2026-08-08T03:00+02:00;2026-08-08;02:00;03:00;1;0;100,0;1;1;0;0;100,00;-;-;-;-;-;-;-;-
99274B3204701;Sykkelstamvegen Forus nord;EV39 S1000D65 m24;2026-08-08T02:00+02:00;2026-08-08T03:00+02:00;2026-08-08;02:00;03:00;2;0;100,0;1;1;0;0;100,00;-;-;-;-;-;-;-;-
99274B3204701;Sykkelstamvegen Forus nord;EV39 S1000D65 m24;2026-08-08T02:00+02:00;2026-08-08T03:00+02:00;2026-08-08;02:00;03:00;Totalt i retning Sandnes;0;100,0;1;1;0;0;100,00;-;-;-;-;-;-;-;-
99274B3204701;Sykkelstamvegen Forus nord;EV39 S1000D65 m24;2026-08-08T02:00+02:00;2026-08-08T03:00+02:00;2026-08-08;02:00;03:00;Totalt i retning Stavanger;0;100,0;1;1;0;0;100,00;-;-;-;-;-;-;-;-
99274B3204701;Sykkelstamvegen Forus nord;EV39 S1000D65 m24;2026-08-08T02:00+02:00;2026-08-08T03:00+02:00;2026-08-08;02:00;03:00;Totalt;0;100,0;1;1;0;0;100,00;-;-;-;-;-;-;-;-
99274B3204701;Sykkelstamvegen Forus nord;EV39 S1000D65 m24;2026-08-08T03:00+02:00;2026-08-08T04:00+02:00;2026-08-08;03:00;04:00;1;0;100,0;1;1;0;0;100,00;-;-;-;-;-;-;-;-
99274B3204701;Sykkelstamvegen Forus nord;EV39 S1000D65 m24;2026-08-08T03:00+02:00;2026-08-08T04:00+02:00;2026-08-08;03:00;04:00;2;0;100,0;1;1;0;0;100,00;-;-;-;-;-;-;-;-
99274B3204701;Sykkelstamvegen Forus nord;EV39 S1000D65 m24;2026-08-08T03:00+02:00;2026-08-08T04:00+02:00;2026-08-08;03:00;04:00;Totalt i retning Sandnes;0;100,0;1;1;0;0;100,00;-;-;-;-;-;-;-;-
99274B3204701;Sykkelstamvegen Forus nord;EV39 S1000D65 m24;2026-08-08T03:00+02:00;2026-08-08T04:00+02:00;2026-08-08;03:00;04:00;Totalt i retning Stavanger;0;100,0;1;1;0;0;100,00;-;-;-;-;-;-;-;-
99274B3204701;Sykkelstamvegen Forus nord;EV39 S1000D65 m24;2026-08-08T03:00+02:00;2026-08-08T04:00+02:00;2026-08-08;03:00;04:00;Totalt;0;100,0;1;1;0;0;100,00;-;-;-;-;-;-;-;-
99274B3204701;Sykkelstamvegen Forus nord;EV39 S1000D65 m24;2026-08-08T04:00+02:00;2026-08-08T05:00+02:00;2026-08-08;04:00;05:00;1;0;100,0;1;1;0;0;100,00;-;-;-;-;-;-;-;-
99274B3204701;Sykkelstamvegen Forus nord;EV39 S1000D65 m24;2026-08-08T04:00+02:00;2026-08-08T05:00+02:00;2026-08-08;04:00;05:00;2;0;100,0;1;1;0;0;100,00;-;-;-;-;-;-;-;-
99274B3204701;Sykkelstamvegen Forus nord;EV39 S1000D65 m24;2026-08-08T04:00+02:00;2026-08-08T05:00+02:00;2026-08-08;04:00;05:00;Totalt i retning Sandnes;0;100,0;1;1;0;0;100,00;-;-;-;-;-;-;-;-
99274B3204701;Sykkelstamvegen Forus nord;EV39 S1000D65 m24;2026-08-08T04:00+02:00;2026-08-08T05:00+02:00;2026-08-08;04:00;05:00;Totalt i retning Stavanger;0;100,0;1;1;0;0;100,00;-;-;-;-;-;-;-;-
99274B3204701;Sykkelstamvegen Forus nord;EV39 S1000D65 m24;2026-08-08T04:00+02:00;2026-08-08T05:00+02:00;2026-08-08;04:00;05:00;Totalt;0;100,0;1;1;0;0;100,00;-;-;-;-;-;-;-;-
99274B3204701;Sykkelstamvegen Forus nord;EV39 S1000D65 m24;2026-08-08T05:00+02:00;2026-08-08T06:00+02:00;2026-08-08;05:00;06:00;1;0;100,0;1;1;0;0;100,00;-;-;-;-;-;-;-;-
99274B3204701;Sykkelstamvegen Forus nord;EV39 S1000D65 m24;2026-08-08T05:00+02:00;2026-08-08T06:00+02:00;2026-08-08;05:00;06:00;2;1;100,0;1;1;0;1;0,00;-;-;-;-;-;-;-;-
99274B3204701;Sykkelstamvegen Forus nord;EV39 S1000D65 m24;2026-08-08T05:00+02:00;2026-08-08T06:00+02:00;2026-08-08;05:00;06:00;Totalt i retning Sandnes;0;100,0;1;1;0;0;100,00;-;-;-;-;-;-;-;-
99274B3204701;Sykkelstamvegen Forus nord;EV39 S1000D65 m24;2026-08-08T05:00+02:00;2026-08-08T06:00+02:00;2026-08-08;05:00;06:00;Totalt i retning Stavanger;1;100,0;1;1;0;1;0,00;-;-;-;-;-;-;-;-
99274B3204701;Sykkelstamvegen Forus nord;EV39 S1000D65 m24;2026-08-08T05:00+02:00;2026-08-08T06:00+02:00;2026-08-08;05:00;06:00;Totalt;1;100,0;1;1;0;1;0,00;-;-;-;-;-;-;-;-
99274B3204701;Sykkelstamvegen Forus nord;EV39 S1000D65 m24;2026-08-08T06:00+02:00;2026-08-08T07:00+02:00;2026-08-08;06:00;07:00;1;0;100,0;1;1;0;0;100,00;-;-;-;-;-;-;-;-
99274B3204701;Sykkelstamvegen Forus nord;EV39 S1000D65 m24;2026-08-08T06:00+02:00;2026-08-08T07:00+02:00;2026-08-08;06:00;07:00;2;2;100,0;1;1;0;2;0,00;-;-;-;-;-;-;-;-
99274B3204701;Sykkelstamvegen Forus nord;EV39 S1000D65 m24;2026-08-08T06:00+02:00;2026-08-08T07:00+02:00;2026-08-08;06:00;07:00;Totalt i retning Sandnes;0;100,0;1;1;0;0;100,00;-;-;-;-;-;-;-;-
99274B3204701;Sykkelstamvegen Forus nord;EV39 S1000D65 m24;2026-08-08T06:00+02:00;2026-08-08T07:00+02:00;2026-08-08;06:00;07:00;Totalt i retning Stavanger;2;100,0;1;1;0;2;0,00;-;-;-;-;-;-;-;-
99274B3204701;Sykkelstamvegen Forus nord;EV39 S1000D65 m24;2026-08-08T06:00+02:00;2026-08-08T07:00+02:00;2026-08-08;06:00;07:00;Totalt;2;100,0;1;1;0;2;0,00;-;-;-;-;-;-;-;-
99274B3204701;Sykkelstamvegen Forus nord;EV39 S1000D65 m24;2026-08-08T07:00+02:00;2026-08-08T08:00+02:00;2026-08-08;07:00;08:00;1;3;100,0;1;1;0;3;0,00;-;-;-;-;-;-;-;-
99274B3204701;Sykkelstamvegen Forus nord;EV39 S1000D65 m24;2026-08-08T07:00+02:00;2026-08-08T08:00+02:00;2026-08-08;07:00;08:00;2;2;100,0;1;1;0;2;0,00;-;-;-;-;-;-;-;-
99274B3204701;Sykkelstamvegen Forus nord;EV39 S1000D65 m24;2026-08-08T07:00+02:00;2026-08-08T08:00+02:00;2026-08-08;07:00;08:00;Totalt i retning Sandnes;3;100,0;1;1;0;3;0,00;-;-;-;-;-;-;-;-
99274B3204701;Sykkelstamvegen Forus nord;EV39 S1000D65 m24;2026-08-08T07:00+02:00;2026-08-08T08:00+02:00;2026-08-08;07:00;08:00;Totalt i retning Stavanger;2;100,0;1;1;0;2;0,00;-;-;-;-;-;-;-;-
99274B3204701;Sykkelstamvegen Forus nord;EV39 S1000D65 m24;2026-08-08T07:00+02:00;2026-08-08T08:00+02:00;2026-08-08;07:00;08:00;Totalt;5;100,0;1;1;0;5;0,00;-;-;-;-;-;-;-;-
99274B3204701;Sykkelstamvegen Forus nord;EV39 S1000D65 m24;2026-08-08T08:00+02:00;2026-08-08T09:00+02:00;2026-08-08;08:00;09:00;1;30;100,0;1;1;0;30;0,00;-;-;-;-;-;-;-;-
99274B3204701;Sykkelstamvegen Forus nord;EV39 S1000D65 m24;2026-08-08T08:00+02:00;2026-08-08T09:00+02:00;2026-08-08;08:00;09:00;2;5;100,0;1;1;0;5;0,00;-;-;-;-;-;-;-;-
99274B3204701;Sykkelstamvegen Forus nord;EV39 S1000D65 m24;2026-08-08T08:00+02:00;2026-08-08T09:00+02:00;2026-08-08;08:00;09:00;Totalt i retning Sandnes;25;100,0;1;1;0;25;0,00;-;-;-;-;-;-;-;-
99274B3204701;Sykkelstamvegen Forus nord;EV39 S1000D65 m24;2026-08-08T08:00+02:00;2026-08-08T09:00+02:00;2026-08-08;08:00;09:00;Totalt i retning Stavanger;10;100,0;1;1;0;10;0,00;-;-;-;-;-;-;-;-
99274B3204701;Sykkelstamvegen Forus nord;EV39 S1000D65 m24;2026-08-08T08:00+02:00;2026-08-08T09:00+02:00;2026-08-08;08:00;09:00;Totalt;35;100,0;1;1;0;35;0,00;-;-;-;-;-;-;-;-
99274B3204701;Sykkelstamvegen Forus nord;EV39 S1000D65 m24;2026-08-08T09:00+02:00;2026-08-08T10:00+02:00;2026-08-08;09:00;10:00;1;24;100,0;1;1;0;24;0,00;-;-;-;-;-;-;-;-
99274B3204701;Sykkelstamvegen Forus nord;EV39 S1000D65 m24;2026-08-08T09:00+02:00;2026-08-08T10:00+02:00;2026-08-08;09:00;10:00;2;7;100,0;1;1;0;7;0,00;-;-;-;-;-;-;-;-
99274B3204701;Sykkelstamvegen Forus nord;EV39 S1000D65 m24;2026-08-08T09:00+02:00;2026-08-08T10:00+02:00;2026-08-08;09:00;10:00;Totalt i retning Sandnes;24;100,0;1;1;0;24;0,00;-;-;-;-;-;-;-;-
99274B3204701;Sykkelstamvegen Forus nord;EV39 S1000D65 m24;2026-08-08T09:00+02:00;2026-08-08T10:00+02:00;2026-08-08;09:00;10:00;Totalt i retning Stavanger;7;100,0;1;1;0;7;0,00;-;-;-;-;-;-;-;-
99274B3204701;Sykkelstamvegen Forus nord;EV39 S1000D65 m24;2026-08-08T09:00+02:00;2026-08-08T10:00+02:00;2026-08-08;09:00;10:00;Totalt;31;100,0;1;1;0;31;0,00;-;-;-;-;-;-;-;-
99274B3204701;Sykkelstamvegen Forus nord;EV39 S1000D65 m24;2026-08-08T10:00+02:00;2026-08-08T11:00+02:00;2026-08-08;10:00;11:00;1;19;100,0;1;1;0;19;0,00;-;-;-;-;-;-;-;-
99274B3204701;Sykkelstamvegen Forus nord;EV39 S1000D65 m24;2026-08-08T10:00+02:00;2026-08-08T11:00+02:00;2026-08-08;10:00;11:00;2;12;100,0;1;1;0;12;0,00;-;-;-;-;-;-;-;-
99274B3204701;Sykkelstamvegen Forus nord;EV39 S1000D65 m24;2026-08-08T10:00+02:00;2026-08-08T11:00+02:00;2026-08-08;10:00;11:00;Totalt i retning Sandnes;20;100,0;1;1;0;20;0,00;-;-;-;-;-;-;-;-
99274B3204701;Sykkelstamvegen Forus nord;EV39 S1000D65 m24;2026-08-08T10:00+02:00;2026-08-08T11:00+02:00;2026-08-08;10:00;11:00;Totalt i retning Stavanger;11;100,0;1;1;0;11;0,00;-;-;-;-;-;-;-;-
99274B3204701;Sykkelstamvegen Forus nord;EV39 S1000D65 m24;2026-08-08T10:00+02:00;2026-08-08T11:00+02:00;2026-08-08;10:00;11:00;Totalt;31;100,0;1;1;0;31;0,00;-;-;-;-;-;-;-;-
99274B3204701;Sykkelstamvegen Forus nord;EV39 S1000D65 m24;2026-08-08T11:00+02:00;2026-08-08T12:00+02:00;2026-08-08;11:00;12:00;1;47;100,0;1;1;0;47;0,00;-;-;-;-;-;-;-;-
99274B3204701;Sykkelstamvegen Forus nord;EV39 S1000D65 m24;2026-08-08T11:00+02:00;2026-08-08T12:00+02:00;2026-08-08;11:00;12:00;2;38;100,0;1;1;0;38;0,00;-;-;-;-;-;-;-;-
99274B3204701;Sykkelstamvegen Forus nord;EV39 S1000D65 m24;2026-08-08T11:00+02:00;2026-08-08T12:00+02:00;2026-08-08;11:00;12:00;Totalt i retning Sandnes;56;100,0;1;1;0;56;0,00;-;-;-;-;-;-;-;-
99274B3204701;Sykkelstamvegen Forus nord;EV39 S1000D65 m24;2026-08-08T11:00+02:00;2026-08-08T12:00+02:00;2026-08-08;11:00;12:00;Totalt i retning Stavanger;29;100,0;1;1;0;29;0,00;-;-;-;-;-;-;-;-
99274B3204701;Sykkelstamvegen Forus nord;EV39 S1000D65 m24;2026-08-08T11:00+02:00;2026-08-08T12:00+02:00;2026-08-08;11:00;12:00;Totalt;85;100,0;1;1;0;85;0,00;-;-;-;-;-;-;-;-
99274B3204701;Sykkelstamvegen Forus nord;EV39 S1000D65 m24;2026-08-08T12:00+02:00;2026-08-08T13:00+02:00;2026-08-08;12:00;13:00;1;37;100,0;1;1;0;37;0,00;-;-;-;-;-;-;-;-
99274B3204701;Sykkelstamvegen Forus nord;EV39 S1000D65 m24;2026-08-08T12:00+02:00;2026-08-08T13:00+02:00;2026-08-08;12:00;13:00;2;33;100,0;1;1;0;33;0,00;-;-;-;-;-;-;-;-
99274B3204701;Sykkelstamvegen Forus nord;EV39 S1000D65 m24;2026-08-08T12:00+02:00;2026-08-08T13:00+02:00;2026-08-08;12:00;13:00;Totalt i retning Sandnes;36;100,0;1;1;0;36;0,00;-;-;-;-;-;-;-;-
99274B3204701;Sykkelstamvegen Forus nord;EV39 S1000D65 m24;2026-08-08T12:00+02:00;2026-08-08T13:00+02:00;2026-08-08;12:00;13:00;Totalt i retning Stavanger;34;100,0;1;1;0;34;0,00;-;-;-;-;-;-;-;-
99274B3204701;Sykkelstamvegen Forus nord;EV39 S1000D65 m24;2026-08-08T12:00+02:00;2026-08-08T13:00+02:00;2026-08-08;12:00;13:00;Totalt;70;100,0;1;1;0;70;0,00;-;-;-;-;-;-;-;-
99274B3204701;Sykkelstamvegen Forus nord;EV39 S1000D65 m24;2026-08-08T13:00+02:00;2026-08-08T14:00+02:00;2026-08-08;13:00;14:00;1;38;100,0;1;1;0;38;0,00;-;-;-;-;-;-;-;-
99274B3204701;Sykkelstamvegen Forus nord;EV39 S1000D65 m24;2026-08-08T13:00+02:00;2026-08-08T14:00+02:00;2026-08-08;13:00;14:00;2;29;100,0;1;1;0;29;0,00;-;-;-;-;-;-;-;-
99274B3204701;Sykkelstamvegen Forus nord;EV39 S1000D65 m24;2026-08-08T13:00+02:00;2026-08-08T14:00+02:00;2026-08-08;13:00;14:00;Totalt i retning Sandnes;36;100,0;1;1;0;36;0,00;-;-;-;-;-;-;-;-
99274B3204701;Sykkelstamvegen Forus nord;EV39 S1000D65 m24;2026-08-08T13:00+02:00;2026-08-08T14:00+02:00;2026-08-08;13:00;14:00;Totalt i retning Stavanger;31;100,0;1;1;0;31;0,00;-;-;-;-;-;-;-;-
99274B3204701;Sykkelstamvegen Forus nord;EV39 S1000D65 m24;2026-08-08T13:00+02:00;2026-08-08T14:00+02:00;2026-08-08;13:00;14:00;Totalt;67;100,0;1;1;0;67;0,00;-;-;-;-;-;-;-;-
99274B3204701;Sykkelstamvegen Forus nord;EV39 S1000D65 m24;2026-08-08T14:00+02:00;2026-08-08T15:00+02:00;2026-08-08;14:00;15:00;1;23;100,0;1;1;0;23;0,00;-;-;-;-;-;-;-;-
99274B3204701;Sykkelstamvegen Forus nord;EV39 S1000D65 m24;2026-08-08T14:00+02:00;2026-08-08T15:00+02:00;2026-08-08;14:00;15:00;2;22;100,0;1;1;0;22;0,00;-;-;-;-;-;-;-;-
99274B3204701;Sykkelstamvegen Forus nord;EV39 S1000D65 m24;2026-08-08T14:00+02:00;2026-08-08T15:00+02:00;2026-08-08;14:00;15:00;Totalt i retning Sandnes;24;100,0;1;1;0;24;0,00;-;-;-;-;-;-;-;-
99274B3204701;Sykkelstamvegen Forus nord;EV39 S1000D65 m24;2026-08-08T14:00+02:00;2026-08-08T15:00+02:00;2026-08-08;14:00;15:00;Totalt i retning Stavanger;21;100,0;1;1;0;21;0,00;-;-;-;-;-;-;-;-
99274B3204701;Sykkelstamvegen Forus nord;EV39 S1000D65 m24;2026-08-08T14:00+02:00;2026-08-08T15:00+02:00;2026-08-08;14:00;15:00;Totalt;45;100,0;1;1;0;45;0,00;-;-;-;-;-;-;-;-
99274B3204701;Sykkelstamvegen Forus nord;EV39 S1000D65 m24;2026-08-08T15:00+02:00;2026-08-08T16:00+02:00;2026-08-08;15:00;16:00;1;14;100,0;1;1;0;14;0,00;-;-;-;-;-;-;-;-
99274B3204701;Sykkelstamvegen Forus nord;EV39 S1000D65 m24;2026-08-08T15:00+02:00;2026-08-08T16:00+02:00;2026-08-08;15:00;16:00;2;20;100,0;1;1;0;20;0,00;-;-;-;-;-;-;-;-
99274B3204701;Sykkelstamvegen Forus nord;EV39 S1000D65 m24;2026-08-08T15:00+02:00;2026-08-08T16:00+02:00;2026-08-08;15:00;16:00;Totalt i retning Sandnes;14;100,0;1;1;0;14;0,00;-;-;-;-;-;-;-;-
99274B3204701;Sykkelstamvegen Forus nord;EV39 S1000D65 m24;2026-08-08T15:00+02:00;2026-08-08T16:00+02:00;2026-08-08;15:00;16:00;Totalt i retning Stavanger;20;100,0;1;1;0;20;0,00;-;-;-;-;-;-;-;-
99274B3204701;Sykkelstamvegen Forus nord;EV39 S1000D65 m24;2026-08-08T15:00+02:00;2026-08-08T16:00+02:00;2026-08-08;15:00;16:00;Totalt;34;100,0;1;1;0;34;0,00;-;-;-;-;-;-;-;-
99274B3204701;Sykkelstamvegen Forus nord;EV39 S1000D65 m24;2026-08-08T16:00+02:00;2026-08-08T17:00+02:00;2026-08-08;16:00;17:00;1;12;100,0;1;1;0;12;0,00;-;-;-;-;-;-;-;-
99274B3204701;Sykkelstamvegen Forus nord;EV39 S1000D65 m24;2026-08-08T16:00+02:00;2026-08-08T17:00+02:00;2026-08-08;16:00;17:00;2;30;100,0;1;1;0;30;0,00;-;-;-;-;-;-;-;-
99274B3204701;Sykkelstamvegen Forus nord;EV39 S1000D65 m24;2026-08-08T16:00+02:00;2026-08-08T17:00+02:00;2026-08-08;16:00;17:00;Totalt i retning Sandnes;11;100,0;1;1;0;11;0,00;-;-;-;-;-;-;-;-
99274B3204701;Sykkelstamvegen Forus nord;EV39 S1000D65 m24;2026-08-08T16:00+02:00;2026-08-08T17:00+02:00;2026-08-08;16:00;17:00;Totalt i retning Stavanger;31;100,0;1;1;0;31;0,00;-;-;-;-;-;-;-;-
99274B3204701;Sykkelstamvegen Forus nord;EV39 S1000D65 m24;2026-08-08T16:00+02:00;2026-08-08T17:00+02:00;2026-08-08;16:00;17:00;Totalt;42;100,0;1;1;0;42;0,00;-;-;-;-;-;-;-;-
99274B3204701;Sykkelstamvegen Forus nord;EV39 S1000D65 m24;2026-08-08T17:00+02:00;2026-08-08T18:00+02:00;2026-08-08;17:00;18:00;1;25;100,0;1;1;0;25;0,00;-;-;-;-;-;-;-;-
99274B3204701;Sykkelstamvegen Forus nord;EV39 S1000D65 m24;2026-08-08T17:00+02:00;2026-08-08T18:00+02:00;2026-08-08;17:00;18:00;2;14;100,0;1;1;0;14;0,00;-;-;-;-;-;-;-;-
99274B3204701;Sykkelstamvegen Forus nord;EV39 S1000D65 m24;2026-08-08T17:00+02:00;2026-08-08T18:00+02:00;2026-08-08;17:00;18:00;Totalt i retning Sandnes;23;100,0;1;1;0;23;0,00;-;-;-;-;-;-;-;-
99274B3204701;Sykkelstamvegen Forus nord;EV39 S1000D65 m24;2026-08-08T17:00+02:00;2026-08-08T18:00+02:00;2026-08-08;17:00;18:00;Totalt i retning Stavanger;16;100,0;1;1;0;16;0,00;-;-;-;-;-;-;-;-
99274B3204701;Sykkelstamvegen Forus nord;EV39 S1000D65 m24;2026-08-08T17:00+02:00;2026-08-08T18:00+02:00;2026-08-08;17:00;18:00;Totalt;39;100,0;1;1;0;39;0,00;-;-;-;-;-;-;-;-
99274B3204701;Sykkelstamvegen Forus nord;EV39 S1000D65 m24;2026-08-08T18:00+02:00;2026-08-08T19:00+02:00;2026-08-08;18:00;19:00;1;12;100,0;1;1;0;12;0,00;-;-;-;-;-;-;-;-
99274B3204701;Sykkelstamvegen Forus nord;EV39 S1000D65 m24;2026-08-08T18:00+02:00;2026-08-08T19:00+02:00;2026-08-08;18:00;19:00;2;14;100,0;1;1;0;14;0,00;-;-;-;-;-;-;-;-
99274B3204701;Sykkelstamvegen Forus nord;EV39 S1000D65 m24;2026-08-08T18:00+02:00;2026-08-08T19:00+02:00;2026-08-08;18:00;19:00;Totalt i retning Sandnes;13;100,0;1;1;0;13;0,00;-;-;-;-;-;-;-;-
99274B3204701;Sykkelstamvegen Forus nord;EV39 S1000D65 m24;2026-08-08T18:00+02:00;2026-08-08T19:00+02:00;2026-08-08;18:00;19:00;Totalt i retning Stavanger;13;100,0;1;1;0;13;0,00;-;-;-;-;-;-;-;-
99274B3204701;Sykkelstamvegen Forus nord;EV39 S1000D65 m24;2026-08-08T18:00+02:00;2026-08-08T19:00+02:00;2026-08-08;18:00;19:00;Totalt;26;100,0;1;1;0;26;0,00;-;-;-;-;-;-;-;-
99274B3204701;Sykkelstamvegen Forus nord;EV39 S1000D65 m24;2026-08-08T19:00+02:00;2026-08-08T20:00+02:00;2026-08-08;19:00;20:00;1;15;100,0;1;1;0;15;0,00;-;-;-;-;-;-;-;-
99274B3204701;Sykkelstamvegen Forus nord;EV39 S1000D65 m24;2026-08-08T19:00+02:00;2026-08-08T20:00+02:00;2026-08-08;19:00;20:00;2;8;100,0;1;1;0;8;0,00;-;-;-;-;-;-;-;-
99274B3204701;Sykkelstamvegen Forus nord;EV39 S1000D65 m24;2026-08-08T19:00+02:00;2026-08-08T20:00+02:00;2026-08-08;19:00;20:00;Totalt i retning Sandnes;16;100,0;1;1;0;16;0,00;-;-;-;-;-;-;-;-
99274B3204701;Sykkelstamvegen Forus nord;EV39 S1000D65 m24;2026-08-08T19:00+02:00;2026-08-08T20:00+02:00;2026-08-08;19:00;20:00;Totalt i retning Stavanger;7;100,0;1;1;0;7;0,00;-;-;-;-;-;-;-;-
99274B3204701;Sykkelstamvegen Forus nord;EV39 S1000D65 m24;2026-08-08T19:00+02:00;2026-08-08T20:00+02:00;2026-08-08;19:00;20:00;Totalt;23;100,0;1;1;0;23;0,00;-;-;-;-;-;-;-;-
99274B3204701;Sykkelstamvegen Forus nord;EV39 S1000D65 m24;2026-08-08T20:00+02:00;2026-08-08T21:00+02:00;2026-08-08;20:00;21:00;1;4;100,0;1;1;0;4;0,00;-;-;-;-;-;-;-;-
99274B3204701;Sykkelstamvegen Forus nord;EV39 S1000D65 m24;2026-08-08T20:00+02:00;2026-08-08T21:00+02:00;2026-08-08;20:00;21:00;2;6;100,0;1;1;0;6;0,00;-;-;-;-;-;-;-;-
99274B3204701;Sykkelstamvegen Forus nord;EV39 S1000D65 m24;2026-08-08T20:00+02:00;2026-08-08T21:00+02:00;2026-08-08;20:00;21:00;Totalt i retning Sandnes;4;100,0;1;1;0;4;0,00;-;-;-;-;-;-;-;-
99274B3204701;Sykkelstamvegen Forus nord;EV39 S1000D65 m24;2026-08-08T20:00+02:00;2026-08-08T21:00+02:00;2026-08-08;20:00;21:00;Totalt i retning Stavanger;6;100,0;1;1;0;6;0,00;-;-;-;-;-;-;-;-
99274B3204701;Sykkelstamvegen Forus nord;EV39 S1000D65 m24;2026-08-08T20:00+02:00;2026-08-08T21:00+02:00;2026-08-08;20:00;21:00;Totalt;10;100,0;1;1;0;10;0,00;-;-;-;-;-;-;-;-
99274B3204701;Sykkelstamvegen Forus nord;EV39 S1000D65 m24;2026-08-08T21:00+02:00;2026-08-08T22:00+02:00;2026-08-08;21:00;22:00;1;2;100,0;1;1;0;2;0,00;-;-;-;-;-;-;-;-
99274B3204701;Sykkelstamvegen Forus nord;EV39 S1000D65 m24;2026-08-08T21:00+02:00;2026-08-08T22:00+02:00;2026-08-08;21:00;22:00;2;5;100,0;1;1;0;5;0,00;-;-;-;-;-;-;-;-
99274B3204701;Sykkelstamvegen Forus nord;EV39 S1000D65 m24;2026-08-08T21:00+02:00;2026-08-08T22:00+02:00;2026-08-08;21:00;22:00;Totalt i retning Sandnes;3;100,0;1;1;0;3;0,00;-;-;-;-;-;-;-;-
99274B3204701;Sykkelstamvegen Forus nord;EV39 S1000D65 m24;2026-08-08T21:00+02:00;2026-08-08T22:00+02:00;2026-08-08;21:00;22:00;Totalt i retning Stavanger;4;100,0;1;1;0;4;0,00;-;-;-;-;-;-;-;-
99274B3204701;Sykkelstamvegen Forus nord;EV39 S1000D65 m24;2026-08-08T21:00+02:00;2026-08-08T22:00+02:00;2026-08-08;21:00;22:00;Totalt;7;100,0;1;1;0;7;0,00;-;-;-;-;-;-;-;-
99274B3204701;Sykkelstamvegen Forus nord;EV39 S1000D65 m24;2026-08-08T22:00+02:00;2026-08-08T23:00+02:00;2026-08-08;22:00;23:00;1;6;100,0;1;1;0;6;0,00;-;-;-;-;-;-;-;-
99274B3204701;Sykkelstamvegen Forus nord;EV39 S1000D65 m24;2026-08-08T22:00+02:00;2026-08-08T23:00+02:00;2026-08-08;22:00;23:00;2;6;100,0;1;1;0;6;0,00;-;-;-;-;-;-;-;-
99274B3204701;Sykkelstamvegen Forus nord;EV39 S1000D65 m24;2026-08-08T22:00+02:00;2026-08-08T23:00+02:00;2026-08-08;22:00;23:00;Totalt i retning Sandnes;8;100,0;1;1;0;8;0,00;-;-;-;-;-;-;-;-
99274B3204701;Sykkelstamvegen Forus nord;EV39 S1000D65 m24;2026-08-08T22:00+02:00;2026-08-08T23:00+02:00;2026-08-08;22:00;23:00;Totalt i retning Stavanger;4;100,0;1;1;0;4;0,00;-;-;-;-;-;-;-;-
99274B3204701;Sykkelstamvegen Forus nord;EV39 S1000D65 m24;2026-08-08T22:00+02:00;2026-08-08T23:00+02:00;2026-08-08;22:00;23:00;Totalt;12;100,0;1;1;0;12;0,00;-;-;-;-;-;-;-;-
99274B3204701;Sykkelstamvegen Forus nord;EV39 S1000D65 m24;2026-08-08T23:00+02:00;2026-08-09T00:00+02:00;2026-08-08;23:00;00:00;1;1;100,0;1;1;0;1;0,00;-;-;-;-;-;-;-;-
99274B3204701;Sykkelstamvegen Forus nord;EV39 S1000D65 m24;2026-08-08T23:00+02:00;2026-08-09T00:00+02:00;2026-08-08;23:00;00:00;2;2;100,0;1;1;0;2;0,00;-;-;-;-;-;-;-;-
99274B3204701;Sykkelstamvegen Forus nord;EV39 S1000D65 m24;2026-08-08T23:00+02:00;2026-08-09T00:00+02:00;2026-08-08;23:00;00:00;Totalt i retning Sandnes;1;100,0;1;1;0;1;0,00;-;-;-;-;-;-;-;-
99274B3204701;Sykkelstamvegen Forus nord;EV39 S1000D65 m24;2026-08-08T23:00+02:00;2026-08-09T00:00+02:00;2026-08-08;23:00;00:00;Totalt i retning Stavanger;2;100,0;1;1;0;2;0,00;-;-;-;-;-;-;-;-
99274B3204701;Sykkelstamvegen Forus nord;EV39 S1000D65 m24;2026-08-08T23:00+02:00;2026-08-09T00:00+02:00;2026-08-08;23:00;00:00;Totalt;3;100,0;1;1;0;3;0,00;-;-;-;-;-;-;-;-
99274B3204701;Sykkelstamvegen Forus nord;EV39 S1000D65 m24;2026-08-09T00:00+02:00;2026-08-09T01:00+02:00;2026-08-09;00:00;01:00;1;0;100,0;1;1;0;0;100,00;-;-;-;-;-;-;-;-
99274B3204701;Sykkelstamvegen Forus nord;EV39 S1000D65 m24;2026-08-09T00:00+02:00;2026-08-09T01:00+02:00;2026-08-09;00:00;01:00;2;0;100,0;1;1;0;0;100,00;-;-;-;-;-;-;-;-
99274B3204701;Sykkelstamvegen Forus nord;EV39 S1000D65 m24;2026-08-09T00:00+02:00;2026-08-09T01:00+02:00;2026-08-09;00:00;01:00;Totalt i retning Sandnes;0;100,0;1;1;0;0;100,00;-;-;-;-;-;-;-;-
99274B3204701;Sykkelstamvegen Forus nord;EV39 S1000D65 m24;2026-08-09T00:00+02:00;2026-08-09T01:00+02:00;2026-08-09;00:00;01:00;Totalt i retning Stavanger;0;100,0;1;1;0;0;100,00;-;-;-;-;-;-;-;-
99274B3204701;Sykkelstamvegen Forus nord;EV39 S1000D65 m24;2026-08-09T00:00+02:00;2026-08-09T01:00+02:00;2026-08-09;00:00;01:00;Totalt;0;100,0;1;1;0;0;100,00;-;-;-;-;-;-;-;-
99274B3204701;Sykkelstamvegen Forus nord;EV39 S1000D65 m24;2026-08-09T01:00+02:00;2026-08-09T02:00+02:00;2026-08-09;01:00;02:00;1;2;100,0;1;1;0;2;0,00;-;-;-;-;-;-;-;-
99274B3204701;Sykkelstamvegen Forus nord;EV39 S1000D65 m24;2026-08-09T01:00+02:00;2026-08-09T02:00+02:00;2026-08-09;01:00;02:00;2;3;100,0;1;1;0;3;0,00;-;-;-;-;-;-;-;-
99274B3204701;Sykkelstamvegen Forus nord;EV39 S1000D65 m24;2026-08-09T01:00+02:00;2026-08-09T02:00+02:00;2026-08-09;01:00;02:00;Totalt i retning Sandnes;1;100,0;1;1;0;1;0,00;-;-;-;-;-;-;-;-
99274B3204701;Sykkelstamvegen Forus nord;EV39 S1000D65 m24;2026-08-09T01:00+02:00;2026-08-09T02:00+02:00;2026-08-09;01:00;02:00;Totalt i retning Stavanger;4;100,0;1;1;0;4;0,00;-;-;-;-;-;-;-;-
99274B3204701;Sykkelstamvegen Forus nord;EV39 S1000D65 m24;2026-08-09T01:00+02:00;2026-08-09T02:00+02:00;2026-08-09;01:00;02:00;Totalt;5;100,0;1;1;0;5;0,00;-;-;-;-;-;-;-;-
99274B3204701;Sykkelstamvegen Forus nord;EV39 S1000D65 m24;2026-08-09T02:00+02:00;2026-08-09T03:00+02:00;2026-08-09;02:00;03:00;1;0;100,0;1;1;0;0;100,00;-;-;-;-;-;-;-;-
99274B3204701;Sykkelstamvegen Forus nord;EV39 S1000D65 m24;2026-08-09T02:00+02:00;2026-08-09T03:00+02:00;2026-08-09;02:00;03:00;2;0;100,0;1;1;0;0;100,00;-;-;-;-;-;-;-;-
99274B3204701;Sykkelstamvegen Forus nord;EV39 S1000D65 m24;2026-08-09T02:00+02:00;2026-08-09T03:00+02:00;2026-08-09;02:00;03:00;Totalt i retning Sandnes;0;100,0;1;1;0;0;100,00;-;-;-;-;-;-;-;-
99274B3204701;Sykkelstamvegen Forus nord;EV39 S1000D65 m24;2026-08-09T02:00+02:00;2026-08-09T03:00+02:00;2026-08-09;02:00;03:00;Totalt i retning Stavanger;0;100,0;1;1;0;0;100,00;-;-;-;-;-;-;-;-
99274B3204701;Sykkelstamvegen Forus nord;EV39 S1000D65 m24;2026-08-09T02:00+02:00;2026-08-09T03:00+02:00;2026-08-09;02:00;03:00;Totalt;0;100,0;1;1;0;0;100,00;-;-;-;-;-;-;-;-
99274B3204701;Sykkelstamvegen Forus nord;EV39 S1000D65 m24;2026-08-09T03:00+02:00;2026-08-09T04:00+02:00;2026-08-09;03:00;04:00;1;0;100,0;1;1;0;0;100,00;-;-;-;-;-;-;-;-
99274B3204701;Sykkelstamvegen Forus nord;EV39 S1000D65 m24;2026-08-09T03:00+02:00;2026-08-09T04:00+02:00;2026-08-09;03:00;04:00;2;0;100,0;1;1;0;0;100,00;-;-;-;-;-;-;-;-
99274B3204701;Sykkelstamvegen Forus nord;EV39 S1000D65 m24;2026-08-09T03:00+02:00;2026-08-09T04:00+02:00;2026-08-09;03:00;04:00;Totalt i retning Sandnes;0;100,0;1;1;0;0;100,00;-;-;-;-;-;-;-;-
99274B3204701;Sykkelstamvegen Forus nord;EV39 S1000D65 m24;2026-08-09T03:00+02:00;2026-08-09T04:00+02:00;2026-08-09;03:00;04:00;Totalt i retning Stavanger;0;100,0;1;1;0;0;100,00;-;-;-;-;-;-;-;-
99274B3204701;Sykkelstamvegen Forus nord;EV39 S1000D65 m24;2026-08-09T03:00+02:00;2026-08-09T04:00+02:00;2026-08-09;03:00;04:00;Totalt;0;100,0;1;1;0;0;100,00;-;-;-;-;-;-;-;-
99274B3204701;Sykkelstamvegen Forus nord;EV39 S1000D65 m24;2026-08-09T04:00+02:00;2026-08-09T05:00+02:00;2026-08-09;04:00;05:00;1;0;100,0;1;1;0;0;100,00;-;-;-;-;-;-;-;-
99274B3204701;Sykkelstamvegen Forus nord;EV39 S1000D65 m24;2026-08-09T04:00+02:00;2026-08-09T05:00+02:00;2026-08-09;04:00;05:00;2;0;100,0;1;1;0;0;100,00;-;-;-;-;-;-;-;-
99274B3204701;Sykkelstamvegen Forus nord;EV39 S1000D65 m24;2026-08-09T04:00+02:00;2026-08-09T05:00+02:00;2026-08-09;04:00;05:00;Totalt i retning Sandnes;0;100,0;1;1;0;0;100,00;-;-;-;-;-;-;-;-
99274B3204701;Sykkelstamvegen Forus nord;EV39 S1000D65 m24;2026-08-09T04:00+02:00;2026-08-09T05:00+02:00;2026-08-09;04:00;05:00;Totalt i retning Stavanger;0;100,0;1;1;0;0;100,00;-;-;-;-;-;-;-;-
99274B3204701;Sykkelstamvegen Forus nord;EV39 S1000D65 m24;2026-08-09T04:00+02:00;2026-08-09T05:00+02:00;2026-08-09;04:00;05:00;Totalt;0;100,0;1;1;0;0;100,00;-;-;-;-;-;-;-;-
99274B3204701;Sykkelstamvegen Forus nord;EV39 S1000D65 m24;2026-08-09T05:00+02:00;2026-08-09T06:00+02:00;2026-08-09;05:00;06:00;1;0;100,0;1;1;0;0;100,00;-;-;-;-;-;-;-;-
99274B3204701;Sykkelstamvegen Forus nord;EV39 S1000D65 m24;2026-08-09T05:00+02:00;2026-08-09T06:00+02:00;2026-08-09;05:00;06:00;2;0;100,0;1;1;0;0;100,00;-;-;-;-;-;-;-;-
99274B3204701;Sykkelstamvegen Forus nord;EV39 S1000D65 m24;2026-08-09T05:00+02:00;2026-08-09T06:00+02:00;2026-08-09;05:00;06:00;Totalt i retning Sandnes;0;100,0;1;1;0;0;100,00;-;-;-;-;-;-;-;-
99274B3204701;Sykkelstamvegen Forus nord;EV39 S1000D65 m24;2026-08-09T05:00+02:00;2026-08-09T06:00+02:00;2026-08-09;05:00;06:00;Totalt i retning Stavanger;0;100,0;1;1;0;0;100,00;-;-;-;-;-;-;-;-
99274B3204701;Sykkelstamvegen Forus nord;EV39 S1000D65 m24;2026-08-09T05:00+02:00;2026-08-09T06:00+02:00;2026-08-09;05:00;06:00;Totalt;0;100,0;1;1;0;0;100,00;-;-;-;-;-;-;-;-
99274B3204701;Sykkelstamvegen Forus nord;EV39 S1000D65 m24;2026-08-09T06:00+02:00;2026-08-09T07:00+02:00;2026-08-09;06:00;07:00;1;0;100,0;1;1;0;0;100,00;-;-;-;-;-;-;-;-
99274B3204701;Sykkelstamvegen Forus nord;EV39 S1000D65 m24;2026-08-09T06:00+02:00;2026-08-09T07:00+02:00;2026-08-09;06:00;07:00;2;3;100,0;1;1;0;3;0,00;-;-;-;-;-;-;-;-
99274B3204701;Sykkelstamvegen Forus nord;EV39 S1000D65 m24;2026-08-09T06:00+02:00;2026-08-09T07:00+02:00;2026-08-09;06:00;07:00;Totalt i retning Sandnes;0;100,0;1;1;0;0;100,00;-;-;-;-;-;-;-;-
99274B3204701;Sykkelstamvegen Forus nord;EV39 S1000D65 m24;2026-08-09T06:00+02:00;2026-08-09T07:00+02:00;2026-08-09;06:00;07:00;Totalt i retning Stavanger;3;100,0;1;1;0;3;0,00;-;-;-;-;-;-;-;-
99274B3204701;Sykkelstamvegen Forus nord;EV39 S1000D65 m24;2026-08-09T06:00+02:00;2026-08-09T07:00+02:00;2026-08-09;06:00;07:00;Totalt;3;100,0;1;1;0;3;0,00;-;-;-;-;-;-;-;-
99274B3204701;Sykkelstamvegen Forus nord;EV39 S1000D65 m24;2026-08-09T07:00+02:00;2026-08-09T08:00+02:00;2026-08-09;07:00;08:00;1;0;100,0;1;1;0;0;100,00;-;-;-;-;-;-;-;-
99274B3204701;Sykkelstamvegen Forus nord;EV39 S1000D65 m24;2026-08-09T07:00+02:00;2026-08-09T08:00+02:00;2026-08-09;07:00;08:00;2;0;100,0;1;1;0;0;100,00;-;-;-;-;-;-;-;-
99274B3204701;Sykkelstamvegen Forus nord;EV39 S1000D65 m24;2026-08-09T07:00+02:00;2026-08-09T08:00+02:00;2026-08-09;07:00;08:00;Totalt i retning Sandnes;0;100,0;1;1;0;0;100,00;-;-;-;-;-;-;-;-
99274B3204701;Sykkelstamvegen Forus nord;EV39 S1000D65 m24;2026-08-09T07:00+02:00;2026-08-09T08:00+02:00;2026-08-09;07:00;08:00;Totalt i retning Stavanger;0;100,0;1;1;0;0;100,00;-;-;-;-;-;-;-;-
99274B3204701;Sykkelstamvegen Forus nord;EV39 S1000D65 m24;2026-08-09T07:00+02:00;2026-08-09T08:00+02:00;2026-08-09;07:00;08:00;Totalt;0;100,0;1;1;0;0;100,00;-;-;-;-;-;-;-;-
99274B3204701;Sykkelstamvegen Forus nord;EV39 S1000D65 m24;2026-08-09T08:00+02:00;2026-08-09T09:00+02:00;2026-08-09;08:00;09:00;1;1;100,0;1;1;0;1;0,00;-;-;-;-;-;-;-;-
99274B3204701;Sykkelstamvegen Forus nord;EV39 S1000D65 m24;2026-08-09T08:00+02:00;2026-08-09T09:00+02:00;2026-08-09;08:00;09:00;2;2;100,0;1;1;0;2;0,00;-;-;-;-;-;-;-;-
99274B3204701;Sykkelstamvegen Forus nord;EV39 S1000D65 m24;2026-08-09T08:00+02:00;2026-08-09T09:00+02:00;2026-08-09;08:00;09:00;Totalt i retning Sandnes;1;100,0;1;1;0;1;0,00;-;-;-;-;-;-;-;-
99274B3204701;Sykkelstamvegen Forus nord;EV39 S1000D65 m24;2026-08-09T08:00+02:00;2026-08-09T09:00+02:00;2026-08-09;08:00;09:00;Totalt i retning Stavanger;2;100,0;1;1;0;2;0,00;-;-;-;-;-;-;-;-
99274B3204701;Sykkelstamvegen Forus nord;EV39 S1000D65 m24;2026-08-09T08:00+02:00;2026-08-09T09:00+02:00;2026-08-09;08:00;09:00;Totalt;3;100,0;1;1;0;3;0,00;-;-;-;-;-;-;-;-
99274B3204701;Sykkelstamvegen Forus nord;EV39 S1000D65 m24;2026-08-09T09:00+02:00;2026-08-09T10:00+02:00;2026-08-09;09:00;10:00;1;3;100,0;1;1;0;3;0,00;-;-;-;-;-;-;-;-
99274B3204701;Sykkelstamvegen Forus nord;EV39 S1000D65 m24;2026-08-09T09:00+02:00;2026-08-09T10:00+02:00;2026-08-09;09:00;10:00;2;7;100,0;1;1;0;7;0,00;-;-;-;-;-;-;-;-
99274B3204701;Sykkelstamvegen Forus nord;EV39 S1000D65 m24;2026-08-09T09:00+02:00;2026-08-09T10:00+02:00;2026-08-09;09:00;10:00;Totalt i retning Sandnes;2;100,0;1;1;0;2;0,00;-;-;-;-;-;-;-;-
99274B3204701;Sykkelstamvegen Forus nord;EV39 S1000D65 m24;2026-08-09T09:00+02:00;2026-08-09T10:00+02:00;2026-08-09;09:00;10:00;Totalt i retning Stavanger;8;100,0;1;1;0;8;0,00;-;-;-;-;-;-;-;-
99274B3204701;Sykkelstamvegen Forus nord;EV39 S1000D65 m24;2026-08-09T09:00+02:00;2026-08-09T10:00+02:00;2026-08-09;09:00;10:00;Totalt;10;100,0;1;1;0;10;0,00;-;-;-;-;-;-;-;-
99274B3204701;Sykkelstamvegen Forus nord;EV39 S1000D65 m24;2026-08-09T10:00+02:00;2026-08-09T11:00+02:00;2026-08-09;10:00;11:00;1;7;100,0;1;1;0;7;0,00;-;-;-;-;-;-;-;-
99274B3204701;Sykkelstamvegen Forus nord;EV39 S1000D65 m24;2026-08-09T10:00+02:00;2026-08-09T11:00+02:00;2026-08-09;10:00;11:00;2;9;100,0;1;1;0;9;0,00;-;-;-;-;-;-;-;-
99274B3204701;Sykkelstamvegen Forus nord;EV39 S1000D65 m24;2026-08-09T10:00+02:00;2026-08-09T11:00+02:00;2026-08-09;10:00;11:00;Totalt i retning Sandnes;7;100,0;1;1;0;7;0,00;-;-;-;-;-;-;-;-
99274B3204701;Sykkelstamvegen Forus nord;EV39 S1000D65 m24;2026-08-09T10:00+02:00;2026-08-09T11:00+02:00;2026-08-09;10:00;11:00;Totalt i retning Stavanger;9;100,0;1;1;0;9;0,00;-;-;-;-;-;-;-;-
99274B3204701;Sykkelstamvegen Forus nord;EV39 S1000D65 m24;2026-08-09T10:00+02:00;2026-08-09T11:00+02:00;2026-08-09;10:00;11:00;Totalt;16;100,0;1;1;0;16;0,00;-;-;-;-;-;-;-;-
99274B3204701;Sykkelstamvegen Forus nord;EV39 S1000D65 m24;2026-08-09T11:00+02:00;2026-08-09T12:00+02:00;2026-08-09;11:00;12:00;1;9;100,0;1;1;0;9;0,00;-;-;-;-;-;-;-;-
99274B3204701;Sykkelstamvegen Forus nord;EV39 S1000D65 m24;2026-08-09T11:00+02:00;2026-08-09T12:00+02:00;2026-08-09;11:00;12:00;2;9;100,0;1;1;0;9;0,00;-;-;-;-;-;-;-;-
99274B3204701;Sykkelstamvegen Forus nord;EV39 S1000D65 m24;2026-08-09T11:00+02:00;2026-08-09T12:00+02:00;2026-08-09;11:00;12:00;Totalt i retning Sandnes;9;100,0;1;1;0;9;0,00;-;-;-;-;-;-;-;-
99274B3204701;Sykkelstamvegen Forus nord;EV39 S1000D65 m24;2026-08-09T11:00+02:00;2026-08-09T12:00+02:00;2026-08-09;11:00;12:00;Totalt i retning Stavanger;9;100,0;1;1;0;9;0,00;-;-;-;-;-;-;-;-
99274B3204701;Sykkelstamvegen Forus nord;EV39 S1000D65 m24;2026-08-09T11:00+02:00;2026-08-09T12:00+02:00;2026-08-09;11:00;12:00;Totalt;18;100,0;1;1;0;18;0,00;-;-;-;-;-;-;-;-
99274B3204701;Sykkelstamvegen Forus nord;EV39 S1000D65 m24;2026-08-09T12:00+02:00;2026-08-09T13:00+02:00;2026-08-09;12:00;13:00;1;6;100,0;1;1;0;6;0,00;-;-;-;-;-;-;-;-
99274B3204701;Sykkelstamvegen Forus nord;EV39 S1000D65 m24;2026-08-09T12:00+02:00;2026-08-09T13:00+02:00;2026-08-09;12:00;13:00;2;4;100,0;1;1;0;4;0,00;-;-;-;-;-;-;-;-
99274B3204701;Sykkelstamvegen Forus nord;EV39 S1000D65 m24;2026-08-09T12:00+02:00;2026-08-09T13:00+02:00;2026-08-09;12:00;13:00;Totalt i retning Sandnes;6;100,0;1;1;0;6;0,00;-;-;-;-;-;-;-;-
99274B3204701;Sykkelstamvegen Forus nord;EV39 S1000D65 m24;2026-08-09T12:00+02:00;2026-08-09T13:00+02:00;2026-08-09;12:00;13:00;Totalt i retning Stavanger;4;100,0;1;1;0;4;0,00;-;-;-;-;-;-;-;-
99274B3204701;Sykkelstamvegen Forus nord;EV39 S1000D65 m24;2026-08-09T12:00+02:00;2026-08-09T13:00+02:00;2026-08-09;12:00;13:00;Totalt;10;100,0;1;1;0;10;0,00;-;-;-;-;-;-;-;-
99274B3204701;Sykkelstamvegen Forus nord;EV39 S1000D65 m24;2026-08-09T13:00+02:00;2026-08-09T14:00+02:00;2026-08-09;13:00;14:00;1;4;100,0;1;1;0;4;0,00;-;-;-;-;-;-;-;-
99274B3204701;Sykkelstamvegen Forus nord;EV39 S1000D65 m24;2026-08-09T13:00+02:00;2026-08-09T14:00+02:00;2026-08-09;13:00;14:00;2;7;100,0;1;1;0;7;0,00;-;-;-;-;-;-;-;-
99274B3204701;Sykkelstamvegen Forus nord;EV39 S1000D65 m24;2026-08-09T13:00+02:00;2026-08-09T14:00+02:00;2026-08-09;13:00;14:00;Totalt i retning Sandnes;4;100,0;1;1;0;4;0,00;-;-;-;-;-;-;-;-
99274B3204701;Sykkelstamvegen Forus nord;EV39 S1000D65 m24;2026-08-09T13:00+02:00;2026-08-09T14:00+02:00;2026-08-09;13:00;14:00;Totalt i retning Stavanger;7;100,0;1;1;0;7;0,00;-;-;-;-;-;-;-;-
99274B3204701;Sykkelstamvegen Forus nord;EV39 S1000D65 m24;2026-08-09T13:00+02:00;2026-08-09T14:00+02:00;2026-08-09;13:00;14:00;Totalt;11;100,0;1;1;0;11;0,00;-;-;-;-;-;-;-;-
99274B3204701;Sykkelstamvegen Forus nord;EV39 S1000D65 m24;2026-08-09T14:00+02:00;2026-08-09T15:00+02:00;2026-08-09;14:00;15:00;1;3;100,0;1;1;0;3;0,00;-;-;-;-;-;-;-;-
99274B3204701;Sykkelstamvegen Forus nord;EV39 S1000D65 m24;2026-08-09T14:00+02:00;2026-08-09T15:00+02:00;2026-08-09;14:00;15:00;2;5;100,0;1;1;0;5;0,00;-;-;-;-;-;-;-;-
99274B3204701;Sykkelstamvegen Forus nord;EV39 S1000D65 m24;2026-08-09T14:00+02:00;2026-08-09T15:00+02:00;2026-08-09;14:00;15:00;Totalt i retning Sandnes;3;100,0;1;1;0;3;0,00;-;-;-;-;-;-;-;-
99274B3204701;Sykkelstamvegen Forus nord;EV39 S1000D65 m24;2026-08-09T14:00+02:00;2026-08-09T15:00+02:00;2026-08-09;14:00;15:00;Totalt i retning Stavanger;5;100,0;1;1;0;5;0,00;-;-;-;-;-;-;-;-
99274B3204701;Sykkelstamvegen Forus nord;EV39 S1000D65 m24;2026-08-09T14:00+02:00;2026-08-09T15:00+02:00;2026-08-09;14:00;15:00;Totalt;8;100,0;1;1;0;8;0,00;-;-;-;-;-;-;-;-
99274B3204701;Sykkelstamvegen Forus nord;EV39 S1000D65 m24;2026-08-09T15:00+02:00;2026-08-09T16:00+02:00;2026-08-09;15:00;16:00;1;6;100,0;1;1;0;6;0,00;-;-;-;-;-;-;-;-
99274B3204701;Sykkelstamvegen Forus nord;EV39 S1000D65 m24;2026-08-09T15:00+02:00;2026-08-09T16:00+02:00;2026-08-09;15:00;16:00;2;5;100,0;1;1;0;5;0,00;-;-;-;-;-;-;-;-
99274B3204701;Sykkelstamvegen Forus nord;EV39 S1000D65 m24;2026-08-09T15:00+02:00;2026-08-09T16:00+02:00;2026-08-09;15:00;16:00;Totalt i retning Sandnes;6;100,0;1;1;0;6;0,00;-;-;-;-;-;-;-;-
99274B3204701;Sykkelstamvegen Forus nord;EV39 S1000D65 m24;2026-08-09T15:00+02:00;2026-08-09T16:00+02:00;2026-08-09;15:00;16:00;Totalt i retning Stavanger;5;100,0;1;1;0;5;0,00;-;-;-;-;-;-;-;-
99274B3204701;Sykkelstamvegen Forus nord;EV39 S1000D65 m24;2026-08-09T15:00+02:00;2026-08-09T16:00+02:00;2026-08-09;15:00;16:00;Totalt;11;100,0;1;1;0;11;0,00;-;-;-;-;-;-;-;-
99274B3204701;Sykkelstamvegen Forus nord;EV39 S1000D65 m24;2026-08-09T16:00+02:00;2026-08-09T17:00+02:00;2026-08-09;16:00;17:00;1;0;100,0;1;1;0;0;100,00;-;-;-;-;-;-;-;-
99274B3204701;Sykkelstamvegen Forus nord;EV39 S1000D65 m24;2026-08-09T16:00+02:00;2026-08-09T17:00+02:00;2026-08-09;16:00;17:00;2;3;100,0;1;1;0;3;0,00;-;-;-;-;-;-;-;-
99274B3204701;Sykkelstamvegen Forus nord;EV39 S1000D65 m24;2026-08-09T16:00+02:00;2026-08-09T17:00+02:00;2026-08-09;16:00;17:00;Totalt i retning Sandnes;0;100,0;1;1;0;0;100,00;-;-;-;-;-;-;-;-
99274B3204701;Sykkelstamvegen Forus nord;EV39 S1000D65 m24;2026-08-09T16:00+02:00;2026-08-09T17:00+02:00;2026-08-09;16:00;17:00;Totalt i retning Stavanger;3;100,0;1;1;0;3;0,00;-;-;-;-;-;-;-;-
99274B3204701;Sykkelstamvegen Forus nord;EV39 S1000D65 m24;2026-08-09T16:00+02:00;2026-08-09T17:00+02:00;2026-08-09;16:00;17:00;Totalt;3;100,0;1;1;0;3;0,00;-;-;-;-;-;-;-;-
99274B3204701;Sykkelstamvegen Forus nord;EV39 S1000D65 m24;2026-08-09T17:00+02:00;2026-08-09T18:00+02:00;2026-08-09;17:00;18:00;1;3;100,0;1;1;0;3;0,00;-;-;-;-;-;-;-;-
99274B3204701;Sykkelstamvegen Forus nord;EV39 S1000D65 m24;2026-08-09T17:00+02:00;2026-08-09T18:00+02:00;2026-08-09;17:00;18:00;2;0;100,0;1;1;0;0;100,00;-;-;-;-;-;-;-;-
99274B3204701;Sykkelstamvegen Forus nord;EV39 S1000D65 m24;2026-08-09T17:00+02:00;2026-08-09T18:00+02:00;2026-08-09;17:00;18:00;Totalt i retning Sandnes;3;100,0;1;1;0;3;0,00;-;-;-;-;-;-;-;-
99274B3204701;Sykkelstamvegen Forus nord;EV39 S1000D65 m24;2026-08-09T17:00+02:00;2026-08-09T18:00+02:00;2026-08-09;17:00;18:00;Totalt i retning Stavanger;0;100,0;1;1;0;0;100,00;-;-;-;-;-;-;-;-
99274B3204701;Sykkelstamvegen Forus nord;EV39 S1000D65 m24;2026-08-09T17:00+02:00;2026-08-09T18:00+02:00;2026-08-09;17:00;18:00;Totalt;3;100,0;1;1;0;3;0,00;-;-;-;-;-;-;-;-
99274B3204701;Sykkelstamvegen Forus nord;EV39 S1000D65 m24;2026-08-09T18:00+02:00;2026-08-09T19:00+02:00;2026-08-09;18:00;19:00;1;1;100,0;1;1;0;1;0,00;-;-;-;-;-;-;-;-
99274B3204701;Sykkelstamvegen Forus nord;EV39 S1000D65 m24;2026-08-09T18:00+02:00;2026-08-09T19:00+02:00;2026-08-09;18:00;19:00;2;1;100,0;1;1;0;1;0,00;-;-;-;-;-;-;-;-
99274B3204701;Sykkelstamvegen Forus nord;EV39 S1000D65 m24;2026-08-09T18:00+02:00;2026-08-09T19:00+02:00;2026-08-09;18:00;19:00;Totalt i retning Sandnes;1;100,0;1;1;0;1;0,00;-;-;-;-;-;-;-;-
99274B3204701;Sykkelstamvegen Forus nord;EV39 S1000D65 m24;2026-08-09T18:00+02:00;2026-08-09T19:00+02:00;2026-08-09;18:00;19:00;Totalt i retning Stavanger;1;100,0;1;1;0;1;0,00;-;-;-;-;-;-;-;-
99274B3204701;Sykkelstamvegen Forus nord;EV39 S1000D65 m24;2026-08-09T18:00+02:00;2026-08-09T19:00+02:00;2026-08-09;18:00;19:00;Totalt;2;100,0;1;1;0;2;0,00;-;-;-;-;-;-;-;-
99274B3204701;Sykkelstamvegen Forus nord;EV39 S1000D65 m24;2026-08-09T19:00+02:00;2026-08-09T20:00+02:00;2026-08-09;19:00;20:00;1;4;100,0;1;1;0;4;0,00;-;-;-;-;-;-;-;-
99274B3204701;Sykkelstamvegen Forus nord;EV39 S1000D65 m24;2026-08-09T19:00+02:00;2026-08-09T20:00+02:00;2026-08-09;19:00;20:00;2;1;100,0;1;1;0;1;0,00;-;-;-;-;-;-;-;-
99274B3204701;Sykkelstamvegen Forus nord;EV39 S1000D65 m24;2026-08-09T19:00+02:00;2026-08-09T20:00+02:00;2026-08-09;19:00;20:00;Totalt i retning Sandnes;4;100,0;1;1;0;4;0,00;-;-;-;-;-;-;-;-
99274B3204701;Sykkelstamvegen Forus nord;EV39 S1000D65 m24;2026-08-09T19:00+02:00;2026-08-09T20:00+02:00;2026-08-09;19:00;20:00;Totalt i retning Stavanger;1;100,0;1;1;0;1;0,00;-;-;-;-;-;-;-;-
99274B3204701;Sykkelstamvegen Forus nord;EV39 S1000D65 m24;2026-08-09T19:00+02:00;2026-08-09T20:00+02:00;2026-08-09;19:00;20:00;Totalt;5;100,0;1;1;0;5;0,00;-;-;-;-;-;-;-;-
99274B3204701;Sykkelstamvegen Forus nord;EV39 S1000D65 m24;2026-08-09T20:00+02:00;2026-08-09T21:00+02:00;2026-08-09;20:00;21:00;1;1;100,0;1;1;0;1;0,00;-;-;-;-;-;-;-;-
99274B3204701;Sykkelstamvegen Forus nord;EV39 S1000D65 m24;2026-08-09T20:00+02:00;2026-08-09T21:00+02:00;2026-08-09;20:00;21:00;2;2;100,0;1;1;0;2;0,00;-;-;-;-;-;-;-;-
99274B3204701;Sykkelstamvegen Forus nord;EV39 S1000D65 m24;2026-08-09T20:00+02:00;2026-08-09T21:00+02:00;2026-08-09;20:00;21:00;Totalt i retning Sandnes;1;100,0;1;1;0;1;0,00;-;-;-;-;-;-;-;-
99274B3204701;Sykkelstamvegen Forus nord;EV39 S1000D65 m24;2026-08-09T20:00+02:00;2026-08-09T21:00+02:00;2026-08-09;20:00;21:00;Totalt i retning Stavanger;2;100,0;1;1;0;2;0,00;-;-;-;-;-;-;-;-
99274B3204701;Sykkelstamvegen Forus nord;EV39 S1000D65 m24;2026-08-09T20:00+02:00;2026-08-09T21:00+02:00;2026-08-09;20:00;21:00;Totalt;3;100,0;1;1;0;3;0,00;-;-;-;-;-;-;-;-
99274B3204701;Sykkelstamvegen Forus nord;EV39 S1000D65 m24;2026-08-09T21:00+02:00;2026-08-09T22:00+02:00;2026-08-09;21:00;22:00;1;4;100,0;1;1;0;4;0,00;-;-;-;-;-;-;-;-
99274B3204701;Sykkelstamvegen Forus nord;EV39 S1000D65 m24;2026-08-09T21:00+02:00;2026-08-09T22:00+02:00;2026-08-09;21:00;22:00;2;2;100,0;1;1;0;2;0,00;-;-;-;-;-;-;-;-
99274B3204701;Sykkelstamvegen Forus nord;EV39 S1000D65 m24;2026-08-09T21:00+02:00;2026-08-09T22:00+02:00;2026-08-09;21:00;22:00;Totalt i retning Sandnes;4;100,0;1;1;0;4;0,00;-;-;-;-;-;-;-;-
99274B3204701;Sykkelstamvegen Forus nord;EV39 S1000D65 m24;2026-08-09T21:00+02:00;2026-08-09T22:00+02:00;2026-08-09;21:00;22:00;Totalt i retning Stavanger;2;100,0;1;1;0;2;0,00;-;-;-;-;-;-;-;-
99274B3204701;Sykkelstamvegen Forus nord;EV39 S1000D65 m24;2026-08-09T21:00+02:00;2026-08-09T22:00+02:00;2026-08-09;21:00;22:00;Totalt;6;100,0;1;1;0;6;0,00;-;-;-;-;-;-;-;-
99274B3204701;Sykkelstamvegen Forus nord;EV39 S1000D65 m24;2026-08-09T22:00+02:00;2026-08-09T23:00+02:00;2026-08-09;22:00;23:00;1;1;100,0;1;1;0;1;0,00;-;-;-;-;-;-;-;-
99274B3204701;Sykkelstamvegen Forus nord;EV39 S1000D65 m24;2026-08-09T22:00+02:00;2026-08-09T23:00+02:00;2026-08-09;22:00;23:00;2;0;100,0;1;1;0;0;100,00;-;-;-;-;-;-;-;-
99274B3204701;Sykkelstamvegen Forus nord;EV39 S1000D65 m24;2026-08-09T22:00+02:00;2026-08-09T23:00+02:00;2026-08-09;22:00;23:00;Totalt i retning Sandnes;1;100,0;1;1;0;1;0,00;-;-;-;-;-;-;-;-
99274B3204701;Sykkelstamvegen Forus nord;EV39 S1000D65 m24;2026-08-09T22:00+02:00;2026-08-09T23:00+02:00;2026-08-09;22:00;23:00;Totalt i retning Stavanger;0;100,0;1;1;0;0;100,00;-;-;-;-;-;-;-;-
99274B3204701;Sykkelstamvegen Forus nord;EV39 S1000D65 m24;2026-08-09T22:00+02:00;2026-08-09T23:00+02:00;2026-08-09;22:00;23:00;Totalt;1;100,0;1;1;0;1;0,00;-;-;-;-;-;-;-;-
99274B3204701;Sykkelstamvegen Forus nord;EV39 S1000D65 m24;2026-08-09T23:00+02:00;2026-08-10T00:00+02:00;2026-08-09;23:00;00:00;1;1;100,0;1;1;0;1;0,00;-;-;-;-;-;-;-;-
99274B3204701;Sykkelstamvegen Forus nord;EV39 S1000D65 m24;2026-08-09T23:00+02:00;2026-08-10T00:00+02:00;2026-08-09;23:00;00:00;2;0;100,0;1;1;0;0;100,00;-;-;-;-;-;-;-;-
99274B3204701;Sykkelstamvegen Forus nord;EV39 S1000D65 m24;2026-08-09T23:00+02:00;2026-08-10T00:00+02:00;2026-08-09;23:00;00:00;Totalt i retning Sandnes;1;100,0;1;1;0;1;0,00;-;-;-;-;-;-;-;-
99274B3204701;Sykkelstamvegen Forus nord;EV39 S1000D65 m24;2026-08-09T23:00+02:00;2026-08-10T00:00+02:00;2026-08-09;23:00;00:00;Totalt i retning Stavanger;0;100,0;1;1;0;0;100,00;-;-;-;-;-;-;-;-
99274B3204701;Sykkelstamvegen Forus nord;EV39 S1000D65 m24;2026-08-09T23:00+02:00;2026-08-10T00:00+02:00;2026-08-09;23:00;00:00;Totalt;1;100,0;1;1;0;1;0,00;-;-;-;-;-;-;-;-
99274B3204701;Sykkelstamvegen Forus nord;EV39 S1000D65 m24;2026-08-10T00:00+02:00;2026-08-10T01:00+02:00;2026-08-10;00:00;01:00;1;0;100,0;1;1;0;0;100,00;-;-;-;-;-;-;-;-
99274B3204701;Sykkelstamvegen Forus nord;EV39 S1000D65 m24;2026-08-10T00:00+02:00;2026-08-10T01:00+02:00;2026-08-10;00:00;01:00;2;0;100,0;1;1;0;0;100,00;-;-;-;-;-;-;-;-
99274B3204701;Sykkelstamvegen Forus nord;EV39 S1000D65 m24;2026-08-10T00:00+02:00;2026-08-10T01:00+02:00;2026-08-10;00:00;01:00;Totalt i retning Sandnes;0;100,0;1;1;0;0;100,00;-;-;-;-;-;-;-;-
99274B3204701;Sykkelstamvegen Forus nord;EV39 S1000D65 m24;2026-08-10T00:00+02:00;2026-08-10T01:00+02:00;2026-08-10;00:00;01:00;Totalt i retning Stavanger;0;100,0;1;1;0;0;100,00;-;-;-;-;-;-;-;-
99274B3204701;Sykkelstamvegen Forus nord;EV39 S1000D65 m24;2026-08-10T00:00+02:00;2026-08-10T01:00+02:00;2026-08-10;00:00;01:00;Totalt;0;100,0;1;1;0;0;100,00;-;-;-;-;-;-;-;-
99274B3204701;Sykkelstamvegen Forus nord;EV39 S1000D65 m24;2026-08-10T01:00+02:00;2026-08-10T02:00+02:00;2026-08-10;01:00;02:00;1;0;100,0;1;1;0;0;100,00;-;-;-;-;-;-;-;-
99274B3204701;Sykkelstamvegen Forus nord;EV39 S1000D65 m24;2026-08-10T01:00+02:00;2026-08-10T02:00+02:00;2026-08-10;01:00;02:00;2;0;100,0;1;1;0;0;100,00;-;-;-;-;-;-;-;-
99274B3204701;Sykkelstamvegen Forus nord;EV39 S1000D65 m24;2026-08-10T01:00+02:00;2026-08-10T02:00+02:00;2026-08-10;01:00;02:00;Totalt i retning Sandnes;0;100,0;1;1;0;0;100,00;-;-;-;-;-;-;-;-
99274B3204701;Sykkelstamvegen Forus nord;EV39 S1000D65 m24;2026-08-10T01:00+02:00;2026-08-10T02:00+02:00;2026-08-10;01:00;02:00;Totalt i retning Stavanger;0;100,0;1;1;0;0;100,00;-;-;-;-;-;-;-;-
99274B3204701;Sykkelstamvegen Forus nord;EV39 S1000D65 m24;2026-08-10T01:00+02:00;2026-08-10T02:00+02:00;2026-08-10;01:00;02:00;Totalt;0;100,0;1;1;0;0;100,00;-;-;-;-;-;-;-;-
99274B3204701;Sykkelstamvegen Forus nord;EV39 S1000D65 m24;2026-08-10T02:00+02:00;2026-08-10T03:00+02:00;2026-08-10;02:00;03:00;1;0;100,0;1;1;0;0;100,00;-;-;-;-;-;-;-;-
99274B3204701;Sykkelstamvegen Forus nord;EV39 S1000D65 m24;2026-08-10T02:00+02:00;2026-08-10T03:00+02:00;2026-08-10;02:00;03:00;2;0;100,0;1;1;0;0;100,00;-;-;-;-;-;-;-;-
99274B3204701;Sykkelstamvegen Forus nord;EV39 S1000D65 m24;2026-08-10T02:00+02:00;2026-08-10T03:00+02:00;2026-08-10;02:00;03:00;Totalt i retning Sandnes;0;100,0;1;1;0;0;100,00;-;-;-;-;-;-;-;-
99274B3204701;Sykkelstamvegen Forus nord;EV39 S1000D65 m24;2026-08-10T02:00+02:00;2026-08-10T03:00+02:00;2026-08-10;02:00;03:00;Totalt i retning Stavanger;0;100,0;1;1;0;0;100,00;-;-;-;-;-;-;-;-
99274B3204701;Sykkelstamvegen Forus nord;EV39 S1000D65 m24;2026-08-10T02:00+02:00;2026-08-10T03:00+02:00;2026-08-10;02:00;03:00;Totalt;0;100,0;1;1;0;0;100,00;-;-;-;-;-;-;-;-
99274B3204701;Sykkelstamvegen Forus nord;EV39 S1000D65 m24;2026-08-10T03:00+02:00;2026-08-10T04:00+02:00;2026-08-10;03:00;04:00;1;0;100,0;1;1;0;0;100,00;-;-;-;-;-;-;-;-
99274B3204701;Sykkelstamvegen Forus nord;EV39 S1000D65 m24;2026-08-10T03:00+02:00;2026-08-10T04:00+02:00;2026-08-10;03:00;04:00;2;1;100,0;1;1;0;1;0,00;-;-;-;-;-;-;-;-
99274B3204701;Sykkelstamvegen Forus nord;EV39 S1000D65 m24;2026-08-10T03:00+02:00;2026-08-10T04:00+02:00;2026-08-10;03:00;04:00;Totalt i retning Sandnes;0;100,0;1;1;0;0;100,00;-;-;-;-;-;-;-;-
99274B3204701;Sykkelstamvegen Forus nord;EV39 S1000D65 m24;2026-08-10T03:00+02:00;2026-08-10T04:00+02:00;2026-08-10;03:00;04:00;Totalt i retning Stavanger;1;100,0;1;1;0;1;0,00;-;-;-;-;-;-;-;-
99274B3204701;Sykkelstamvegen Forus nord;EV39 S1000D65 m24;2026-08-10T03:00+02:00;2026-08-10T04:00+02:00;2026-08-10;03:00;04:00;Totalt;1;100,0;1;1;0;1;0,00;-;-;-;-;-;-;-;-
99274B3204701;Sykkelstamvegen Forus nord;EV39 S1000D65 m24;2026-08-10T04:00+02:00;2026-08-10T05:00+02:00;2026-08-10;04:00;05:00;1;1;100,0;1;1;0;1;0,00;-;-;-;-;-;-;-;-
99274B3204701;Sykkelstamvegen Forus nord;EV39 S1000D65 m24;2026-08-10T04:00+02:00;2026-08-10T05:00+02:00;2026-08-10;04:00;05:00;2;2;100,0;1;1;0;2;0,00;-;-;-;-;-;-;-;-
99274B3204701;Sykkelstamvegen Forus nord;EV39 S1000D65 m24;2026-08-10T04:00+02:00;2026-08-10T05:00+02:00;2026-08-10;04:00;05:00;Totalt i retning Sandnes;1;100,0;1;1;0;1;0,00;-;-;-;-;-;-;-;-
99274B3204701;Sykkelstamvegen Forus nord;EV39 S1000D65 m24;2026-08-10T04:00+02:00;2026-08-10T05:00+02:00;2026-08-10;04:00;05:00;Totalt i retning Stavanger;2;100,0;1;1;0;2;0,00;-;-;-;-;-;-;-;-
99274B3204701;Sykkelstamvegen Forus nord;EV39 S1000D65 m24;2026-08-10T04:00+02:00;2026-08-10T05:00+02:00;2026-08-10;04:00;05:00;Totalt;3;100,0;1;1;0;3;0,00;-;-;-;-;-;-;-;-
99274B3204701;Sykkelstamvegen Forus nord;EV39 S1000D65 m24;2026-08-10T05:00+02:00;2026-08-10T06:00+02:00;2026-08-10;05:00;06:00;1;4;100,0;1;1;0;4;0,00;-;-;-;-;-;-;-;-
99274B3204701;Sykkelstamvegen Forus nord;EV39 S1000D65 m24;2026-08-10T05:00+02:00;2026-08-10T06:00+02:00;2026-08-10;05:00;06:00;2;6;100,0;1;1;0;6;0,00;-;-;-;-;-;-;-;-
99274B3204701;Sykkelstamvegen Forus nord;EV39 S1000D65 m24;2026-08-10T05:00+02:00;2026-08-10T06:00+02:00;2026-08-10;05:00;06:00;Totalt i retning Sandnes;4;100,0;1;1;0;4;0,00;-;-;-;-;-;-;-;-
99274B3204701;Sykkelstamvegen Forus nord;EV39 S1000D65 m24;2026-08-10T05:00+02:00;2026-08-10T06:00+02:00;2026-08-10;05:00;06:00;Totalt i retning Stavanger;6;100,0;1;1;0;6;0,00;-;-;-;-;-;-;-;-
99274B3204701;Sykkelstamvegen Forus nord;EV39 S1000D65 m24;2026-08-10T05:00+02:00;2026-08-10T06:00+02:00;2026-08-10;05:00;06:00;Totalt;10;100,0;1;1;0;10;0,00;-;-;-;-;-;-;-;-
99274B3204701;Sykkelstamvegen Forus nord;EV39 S1000D65 m24;2026-08-10T06:00+02:00;2026-08-10T07:00+02:00;2026-08-10;06:00;07:00;1;24;100,0;1;1;0;24;0,00;-;-;-;-;-;-;-;-
99274B3204701;Sykkelstamvegen Forus nord;EV39 S1000D65 m24;2026-08-10T06:00+02:00;2026-08-10T07:00+02:00;2026-08-10;06:00;07:00;2;51;100,0;1;1;0;51;0,00;-;-;-;-;-;-;-;-
99274B3204701;Sykkelstamvegen Forus nord;EV39 S1000D65 m24;2026-08-10T06:00+02:00;2026-08-10T07:00+02:00;2026-08-10;06:00;07:00;Totalt i retning Sandnes;24;100,0;1;1;0;24;0,00;-;-;-;-;-;-;-;-
99274B3204701;Sykkelstamvegen Forus nord;EV39 S1000D65 m24;2026-08-10T06:00+02:00;2026-08-10T07:00+02:00;2026-08-10;06:00;07:00;Totalt i retning Stavanger;51;100,0;1;1;0;51;0,00;-;-;-;-;-;-;-;-
99274B3204701;Sykkelstamvegen Forus nord;EV39 S1000D65 m24;2026-08-10T06:00+02:00;2026-08-10T07:00+02:00;2026-08-10;06:00;07:00;Totalt;75;100,0;1;1;0;75;0,00;-;-;-;-;-;-;-;-
99274B3204701;Sykkelstamvegen Forus nord;EV39 S1000D65 m24;2026-08-10T07:00+02:00;2026-08-10T08:00+02:00;2026-08-10;07:00;08:00;1;46;100,0;1;1;0;46;0,00;-;-;-;-;-;-;-;-
99274B3204701;Sykkelstamvegen Forus nord;EV39 S1000D65 m24;2026-08-10T07:00+02:00;2026-08-10T08:00+02:00;2026-08-10;07:00;08:00;2;92;100,0;1;1;0;92;0,00;-;-;-;-;-;-;-;-
99274B3204701;Sykkelstamvegen Forus nord;EV39 S1000D65 m24;2026-08-10T07:00+02:00;2026-08-10T08:00+02:00;2026-08-10;07:00;08:00;Totalt i retning Sandnes;45;100,0;1;1;0;45;0,00;-;-;-;-;-;-;-;-
99274B3204701;Sykkelstamvegen Forus nord;EV39 S1000D65 m24;2026-08-10T07:00+02:00;2026-08-10T08:00+02:00;2026-08-10;07:00;08:00;Totalt i retning Stavanger;93;100,0;1;1;0;93;0,00;-;-;-;-;-;-;-;-
99274B3204701;Sykkelstamvegen Forus nord;EV39 S1000D65 m24;2026-08-10T07:00+02:00;2026-08-10T08:00+02:00;2026-08-10;07:00;08:00;Totalt;138;100,0;1;1;0;138;0,00;-;-;-;-;-;-;-;-
99274B3204701;Sykkelstamvegen Forus nord;EV39 S1000D65 m24;2026-08-10T08:00+02:00;2026-08-10T09:00+02:00;2026-08-10;08:00;09:00;1;16;100,0;1;1;0;16;0,00;-;-;-;-;-;-;-;-
99274B3204701;Sykkelstamvegen Forus nord;EV39 S1000D65 m24;2026-08-10T08:00+02:00;2026-08-10T09:00+02:00;2026-08-10;08:00;09:00;2;49;100,0;1;1;0;49;0,00;-;-;-;-;-;-;-;-
99274B3204701;Sykkelstamvegen Forus nord;EV39 S1000D65 m24;2026-08-10T08:00+02:00;2026-08-10T09:00+02:00;2026-08-10;08:00;09:00;Totalt i retning Sandnes;16;100,0;1;1;0;16;0,00;-;-;-;-;-;-;-;-
99274B3204701;Sykkelstamvegen Forus nord;EV39 S1000D65 m24;2026-08-10T08:00+02:00;2026-08-10T09:00+02:00;2026-08-10;08:00;09:00;Totalt i retning Stavanger;49;100,0;1;1;0;49;0,00;-;-;-;-;-;-;-;-
99274B3204701;Sykkelstamvegen Forus nord;EV39 S1000D65 m24;2026-08-10T08:00+02:00;2026-08-10T09:00+02:00;2026-08-10;08:00;09:00;Totalt;65;100,0;1;1;0;65;0,00;-;-;-;-;-;-;-;-
99274B3204701;Sykkelstamvegen Forus nord;EV39 S1000D65 m24;2026-08-10T09:00+02:00;2026-08-10T10:00+02:00;2026-08-10;09:00;10:00;1;7;100,0;1;1;0;7;0,00;-;-;-;-;-;-;-;-
99274B3204701;Sykkelstamvegen Forus nord;EV39 S1000D65 m24;2026-08-10T09:00+02:00;2026-08-10T10:00+02:00;2026-08-10;09:00;10:00;2;12;100,0;1;1;0;12;0,00;-;-;-;-;-;-;-;-
99274B3204701;Sykkelstamvegen Forus nord;EV39 S1000D65 m24;2026-08-10T09:00+02:00;2026-08-10T10:00+02:00;2026-08-10;09:00;10:00;Totalt i retning Sandnes;7;100,0;1;1;0;7;0,00;-;-;-;-;-;-;-;-
99274B3204701;Sykkelstamvegen Forus nord;EV39 S1000D65 m24;2026-08-10T09:00+02:00;2026-08-10T10:00+02:00;2026-08-10;09:00;10:00;Totalt i retning Stavanger;12;100,0;1;1;0;12;0,00;-;-;-;-;-;-;-;-
99274B3204701;Sykkelstamvegen Forus nord;EV39 S1000D65 m24;2026-08-10T09:00+02:00;2026-08-10T10:00+02:00;2026-08-10;09:00;10:00;Totalt;19;100,0;1;1;0;19;0,00;-;-;-;-;-;-;-;-
99274B3204701;Sykkelstamvegen Forus nord;EV39 S1000D65 m24;2026-08-10T10:00+02:00;2026-08-10T11:00+02:00;2026-08-10;10:00;11:00;1;10;100,0;1;1;0;10;0,00;-;-;-;-;-;-;-;-
99274B3204701;Sykkelstamvegen Forus nord;EV39 S1000D65 m24;2026-08-10T10:00+02:00;2026-08-10T11:00+02:00;2026-08-10;10:00;11:00;2;17;100,0;1;1;0;17;0,00;-;-;-;-;-;-;-;-
99274B3204701;Sykkelstamvegen Forus nord;EV39 S1000D65 m24;2026-08-10T10:00+02:00;2026-08-10T11:00+02:00;2026-08-10;10:00;11:00;Totalt i retning Sandnes;11;100,0;1;1;0;11;0,00;-;-;-;-;-;-;-;-
99274B3204701;Sykkelstamvegen Forus nord;EV39 S1000D65 m24;2026-08-10T10:00+02:00;2026-08-10T11:00+02:00;2026-08-10;10:00;11:00;Totalt i retning Stavanger;16;100,0;1;1;0;16;0,00;-;-;-;-;-;-;-;-
99274B3204701;Sykkelstamvegen Forus nord;EV39 S1000D65 m24;2026-08-10T10:00+02:00;2026-08-10T11:00+02:00;2026-08-10;10:00;11:00;Totalt;27;100,0;1;1;0;27;0,00;-;-;-;-;-;-;-;-
99274B3204701;Sykkelstamvegen Forus nord;EV39 S1000D65 m24;2026-08-10T11:00+02:00;2026-08-10T12:00+02:00;2026-08-10;11:00;12:00;1;16;100,0;1;1;0;16;0,00;-;-;-;-;-;-;-;-
99274B3204701;Sykkelstamvegen Forus nord;EV39 S1000D65 m24;2026-08-10T11:00+02:00;2026-08-10T12:00+02:00;2026-08-10;11:00;12:00;2;11;100,0;1;1;0;11;0,00;-;-;-;-;-;-;-;-
99274B3204701;Sykkelstamvegen Forus nord;EV39 S1000D65 m24;2026-08-10T11:00+02:00;2026-08-10T12:00+02:00;2026-08-10;11:00;12:00;Totalt i retning Sandnes;16;100,0;1;1;0;16;0,00;-;-;-;-;-;-;-;-
99274B3204701;Sykkelstamvegen Forus nord;EV39 S1000D65 m24;2026-08-10T11:00+02:00;2026-08-10T12:00+02:00;2026-08-10;11:00;12:00;Totalt i retning Stavanger;11;100,0;1;1;0;11;0,00;-;-;-;-;-;-;-;-
99274B3204701;Sykkelstamvegen Forus nord;EV39 S1000D65 m24;2026-08-10T11:00+02:00;2026-08-10T12:00+02:00;2026-08-10;11:00;12:00;Totalt;27;100,0;1;1;0;27;0,00;-;-;-;-;-;-;-;-
99274B3204701;Sykkelstamvegen Forus nord;EV39 S1000D65 m24;2026-08-10T12:00+02:00;2026-08-10T13:00+02:00;2026-08-10;12:00;13:00;1;11;100,0;1;1;0;11;0,00;-;-;-;-;-;-;-;-
99274B3204701;Sykkelstamvegen Forus nord;EV39 S1000D65 m24;2026-08-10T12:00+02:00;2026-08-10T13:00+02:00;2026-08-10;12:00;13:00;2;8;100,0;1;1;0;8;0,00;-;-;-;-;-;-;-;-
99274B3204701;Sykkelstamvegen Forus nord;EV39 S1000D65 m24;2026-08-10T12:00+02:00;2026-08-10T13:00+02:00;2026-08-10;12:00;13:00;Totalt i retning Sandnes;10;100,0;1;1;0;10;0,00;-;-;-;-;-;-;-;-
99274B3204701;Sykkelstamvegen Forus nord;EV39 S1000D65 m24;2026-08-10T12:00+02:00;2026-08-10T13:00+02:00;2026-08-10;12:00;13:00;Totalt i retning Stavanger;9;100,0;1;1;0;9;0,00;-;-;-;-;-;-;-;-
99274B3204701;Sykkelstamvegen Forus nord;EV39 S1000D65 m24;2026-08-10T12:00+02:00;2026-08-10T13:00+02:00;2026-08-10;12:00;13:00;Totalt;19;100,0;1;1;0;19;0,00;-;-;-;-;-;-;-;-
99274B3204701;Sykkelstamvegen Forus nord;EV39 S1000D65 m24;2026-08-10T13:00+02:00;2026-08-10T14:00+02:00;2026-08-10;13:00;14:00;1;23;100,0;1;1;0;23;0,00;-;-;-;-;-;-;-;-
99274B3204701;Sykkelstamvegen Forus nord;EV39 S1000D65 m24;2026-08-10T13:00+02:00;2026-08-10T14:00+02:00;2026-08-10;13:00;14:00;2;15;100,0;1;1;0;15;0,00;-;-;-;-;-;-;-;-
99274B3204701;Sykkelstamvegen Forus nord;EV39 S1000D65 m24;2026-08-10T13:00+02:00;2026-08-10T14:00+02:00;2026-08-10;13:00;14:00;Totalt i retning Sandnes;23;100,0;1;1;0;23;0,00;-;-;-;-;-;-;-;-
99274B3204701;Sykkelstamvegen Forus nord;EV39 S1000D65 m24;2026-08-10T13:00+02:00;2026-08-10T14:00+02:00;2026-08-10;13:00;14:00;Totalt i retning Stavanger;15;100,0;1;1;0;15;0,00;-;-;-;-;-;-;-;-
99274B3204701;Sykkelstamvegen Forus nord;EV39 S1000D65 m24;2026-08-10T13:00+02:00;2026-08-10T14:00+02:00;2026-08-10;13:00;14:00;Totalt;38;100,0;1;1;0;38;0,00;-;-;-;-;-;-;-;-
99274B3204701;Sykkelstamvegen Forus nord;EV39 S1000D65 m24;2026-08-10T14:00+02:00;2026-08-10T15:00+02:00;2026-08-10;14:00;15:00;1;35;100,0;1;1;0;35;0,00;-;-;-;-;-;-;-;-
99274B3204701;Sykkelstamvegen Forus nord;EV39 S1000D65 m24;2026-08-10T14:00+02:00;2026-08-10T15:00+02:00;2026-08-10;14:00;15:00;2;26;100,0;1;1;0;26;0,00;-;-;-;-;-;-;-;-
99274B3204701;Sykkelstamvegen Forus nord;EV39 S1000D65 m24;2026-08-10T14:00+02:00;2026-08-10T15:00+02:00;2026-08-10;14:00;15:00;Totalt i retning Sandnes;38;100,0;1;1;0;38;0,00;-;-;-;-;-;-;-;-
99274B3204701;Sykkelstamvegen Forus nord;EV39 S1000D65 m24;2026-08-10T14:00+02:00;2026-08-10T15:00+02:00;2026-08-10;14:00;15:00;Totalt i retning Stavanger;23;100,0;1;1;0;23;0,00;-;-;-;-;-;-;-;-
99274B3204701;Sykkelstamvegen Forus nord;EV39 S1000D65 m24;2026-08-10T14:00+02:00;2026-08-10T15:00+02:00;2026-08-10;14:00;15:00;Totalt;61;100,0;1;1;0;61;0,00;-;-;-;-;-;-;-;-
99274B3204701;Sykkelstamvegen Forus nord;EV39 S1000D65 m24;2026-08-10T15:00+02:00;2026-08-10T16:00+02:00;2026-08-10;15:00;16:00;1;124;100,0;1;1;0;124;0,00;-;-;-;-;-;-;-;-
99274B3204701;Sykkelstamvegen Forus nord;EV39 S1000D65 m24;2026-08-10T15:00+02:00;2026-08-10T16:00+02:00;2026-08-10;15:00;16:00;2;45;100,0;1;1;0;45;0,00;-;-;-;-;-;-;-;-
99274B3204701;Sykkelstamvegen Forus nord;EV39 S1000D65 m24;2026-08-10T15:00+02:00;2026-08-10T16:00+02:00;2026-08-10;15:00;16:00;Totalt i retning Sandnes;124;100,0;1;1;0;124;0,00;-;-;-;-;-;-;-;-
99274B3204701;Sykkelstamvegen Forus nord;EV39 S1000D65 m24;2026-08-10T15:00+02:00;2026-08-10T16:00+02:00;2026-08-10;15:00;16:00;Totalt i retning Stavanger;45;100,0;1;1;0;45;0,00;-;-;-;-;-;-;-;-
99274B3204701;Sykkelstamvegen Forus nord;EV39 S1000D65 m24;2026-08-10T15:00+02:00;2026-08-10T16:00+02:00;2026-08-10;15:00;16:00;Totalt;169;100,0;1;1;0;169;0,00;-;-;-;-;-;-;-;-
99274B3204701;Sykkelstamvegen Forus nord;EV39 S1000D65 m24;2026-08-10T16:00+02:00;2026-08-10T17:00+02:00;2026-08-10;16:00;17:00;1;77;100,0;1;1;0;77;0,00;-;-;-;-;-;-;-;-
99274B3204701;Sykkelstamvegen Forus nord;EV39 S1000D65 m24;2026-08-10T16:00+02:00;2026-08-10T17:00+02:00;2026-08-10;16:00;17:00;2;38;100,0;1;1;0;38;0,00;-;-;-;-;-;-;-;-
99274B3204701;Sykkelstamvegen Forus nord;EV39 S1000D65 m24;2026-08-10T16:00+02:00;2026-08-10T17:00+02:00;2026-08-10;16:00;17:00;Totalt i retning Sandnes;83;100,0;1;1;0;83;0,00;-;-;-;-;-;-;-;-
99274B3204701;Sykkelstamvegen Forus nord;EV39 S1000D65 m24;2026-08-10T16:00+02:00;2026-08-10T17:00+02:00;2026-08-10;16:00;17:00;Totalt i retning Stavanger;32;100,0;1;1;0;32;0,00;-;-;-;-;-;-;-;-
99274B3204701;Sykkelstamvegen Forus nord;EV39 S1000D65 m24;2026-08-10T16:00+02:00;2026-08-10T17:00+02:00;2026-08-10;16:00;17:00;Totalt;115;100,0;1;1;0;115;0,00;-;-;-;-;-;-;-;-
99274B3204701;Sykkelstamvegen Forus nord;EV39 S1000D65 m24;2026-08-10T17:00+02:00;2026-08-10T18:00+02:00;2026-08-10;17:00;18:00;1;25;100,0;1;1;0;25;0,00;-;-;-;-;-;-;-;-
99274B3204701;Sykkelstamvegen Forus nord;EV39 S1000D65 m24;2026-08-10T17:00+02:00;2026-08-10T18:00+02:00;2026-08-10;17:00;18:00;2;31;100,0;1;1;0;31;0,00;-;-;-;-;-;-;-;-
99274B3204701;Sykkelstamvegen Forus nord;EV39 S1000D65 m24;2026-08-10T17:00+02:00;2026-08-10T18:00+02:00;2026-08-10;17:00;18:00;Totalt i retning Sandnes;23;100,0;1;1;0;23;0,00;-;-;-;-;-;-;-;-
99274B3204701;Sykkelstamvegen Forus nord;EV39 S1000D65 m24;2026-08-10T17:00+02:00;2026-08-10T18:00+02:00;2026-08-10;17:00;18:00;Totalt i retning Stavanger;33;100,0;1;1;0;33;0,00;-;-;-;-;-;-;-;-
99274B3204701;Sykkelstamvegen Forus nord;EV39 S1000D65 m24;2026-08-10T17:00+02:00;2026-08-10T18:00+02:00;2026-08-10;17:00;18:00;Totalt;56;100,0;1;1;0;56;0,00;-;-;-;-;-;-;-;-
99274B3204701;Sykkelstamvegen Forus nord;EV39 S1000D65 m24;2026-08-10T18:00+02:00;2026-08-10T19:00+02:00;2026-08-10;18:00;19:00;1;32;100,0;1;1;0;32;0,00;-;-;-;-;-;-;-;-
99274B3204701;Sykkelstamvegen Forus nord;EV39 S1000D65 m24;2026-08-10T18:00+02:00;2026-08-10T19:00+02:00;2026-08-10;18:00;19:00;2;21;100,0;1;1;0;21;0,00;-;-;-;-;-;-;-;-
99274B3204701;Sykkelstamvegen Forus nord;EV39 S1000D65 m24;2026-08-10T18:00+02:00;2026-08-10T19:00+02:00;2026-08-10;18:00;19:00;Totalt i retning Sandnes;33;100,0;1;1;0;33;0,00;-;-;-;-;-;-;-;-
99274B3204701;Sykkelstamvegen Forus nord;EV39 S1000D65 m24;2026-08-10T18:00+02:00;2026-08-10T19:00+02:00;2026-08-10;18:00;19:00;Totalt i retning Stavanger;20;100,0;1;1;0;20;0,00;-;-;-;-;-;-;-;-
99274B3204701;Sykkelstamvegen Forus nord;EV39 S1000D65 m24;2026-08-10T18:00+02:00;2026-08-10T19:00+02:00;2026-08-10;18:00;19:00;Totalt;53;100,0;1;1;0;53;0,00;-;-;-;-;-;-;-;-
99274B3204701;Sykkelstamvegen Forus nord;EV39 S1000D65 m24;2026-08-10T19:00+02:00;2026-08-10T20:00+02:00;2026-08-10;19:00;20:00;1;21;100,0;1;1;0;21;0,00;-;-;-;-;-;-;-;-
99274B3204701;Sykkelstamvegen Forus nord;EV39 S1000D65 m24;2026-08-10T19:00+02:00;2026-08-10T20:00+02:00;2026-08-10;19:00;20:00;2;21;100,0;1;1;0;21;0,00;-;-;-;-;-;-;-;-
99274B3204701;Sykkelstamvegen Forus nord;EV39 S1000D65 m24;2026-08-10T19:00+02:00;2026-08-10T20:00+02:00;2026-08-10;19:00;20:00;Totalt i retning Sandnes;22;100,0;1;1;0;22;0,00;-;-;-;-;-;-;-;-
99274B3204701;Sykkelstamvegen Forus nord;EV39 S1000D65 m24;2026-08-10T19:00+02:00;2026-08-10T20:00+02:00;2026-08-10;19:00;20:00;Totalt i retning Stavanger;20;100,0;1;1;0;20;0,00;-;-;-;-;-;-;-;-
99274B3204701;Sykkelstamvegen Forus nord;EV39 S1000D65 m24;2026-08-10T19:00+02:00;2026-08-10T20:00+02:00;2026-08-10;19:00;20:00;Totalt;42;100,0;1;1;0;42;0,00;-;-;-;-;-;-;-;-
99274B3204701;Sykkelstamvegen Forus nord;EV39 S1000D65 m24;2026-08-10T20:00+02:00;2026-08-10T21:00+02:00;2026-08-10;20:00;21:00;1;8;100,0;1;1;0;8;0,00;-;-;-;-;-;-;-;-
99274B3204701;Sykkelstamvegen Forus nord;EV39 S1000D65 m24;2026-08-10T20:00+02:00;2026-08-10T21:00+02:00;2026-08-10;20:00;21:00;2;14;100,0;1;1;0;14;0,00;-;-;-;-;-;-;-;-
99274B3204701;Sykkelstamvegen Forus nord;EV39 S1000D65 m24;2026-08-10T20:00+02:00;2026-08-10T21:00+02:00;2026-08-10;20:00;21:00;Totalt i retning Sandnes;7;100,0;1;1;0;7;0,00;-;-;-;-;-;-;-;-
99274B3204701;Sykkelstamvegen Forus nord;EV39 S1000D65 m24;2026-08-10T20:00+02:00;2026-08-10T21:00+02:00;2026-08-10;20:00;21:00;Totalt i retning Stavanger;15;100,0;1;1;0;15;0,00;-;-;-;-;-;-;-;-
99274B3204701;Sykkelstamvegen Forus nord;EV39 S1000D65 m24;2026-08-10T20:00+02:00;2026-08-10T21:00+02:00;2026-08-10;20:00;21:00;Totalt;22;100,0;1;1;0;22;0,00;-;-;-;-;-;-;-;-
99274B3204701;Sykkelstamvegen Forus nord;EV39 S1000D65 m24;2026-08-10T21:00+02:00;2026-08-10T22:00+02:00;2026-08-10;21:00;22:00;1;6;100,0;1;1;0;6;0,00;-;-;-;-;-;-;-;-
99274B3204701;Sykkelstamvegen Forus nord;EV39 S1000D65 m24;2026-08-10T21:00+02:00;2026-08-10T22:00+02:00;2026-08-10;21:00;22:00;2;5;100,0;1;1;0;5;0,00;-;-;-;-;-;-;-;-
99274B3204701;Sykkelstamvegen Forus nord;EV39 S1000D65 m24;2026-08-10T21:00+02:00;2026-08-10T22:00+02:00;2026-08-10;21:00;22:00;Totalt i retning Sandnes;5;100,0;1;1;0;5;0,00;-;-;-;-;-;-;-;-
99274B3204701;Sykkelstamvegen Forus nord;EV39 S1000D65 m24;2026-08-10T21:00+02:00;2026-08-10T22:00+02:00;2026-08-10;21:00;22:00;Totalt i retning Stavanger;6;100,0;1;1;0;6;0,00;-;-;-;-;-;-;-;-
99274B3204701;Sykkelstamvegen Forus nord;EV39 S1000D65 m24;2026-08-10T21:00+02:00;2026-08-10T22:00+02:00;2026-08-10;21:00;22:00;Totalt;11;100,0;1;1;0;11;0,00;-;-;-;-;-;-;-;-
99274B3204701;Sykkelstamvegen Forus nord;EV39 S1000D65 m24;2026-08-10T22:00+02:00;2026-08-10T23:00+02:00;2026-08-10;22:00;23:00;1;4;100,0;1;1;0;4;0,00;-;-;-;-;-;-;-;-
99274B3204701;Sykkelstamvegen Forus nord;EV39 S1000D65 m24;2026-08-10T22:00+02:00;2026-08-10T23:00+02:00;2026-08-10;22:00;23:00;2;4;100,0;1;1;0;4;0,00;-;-;-;-;-;-;-;-
99274B3204701;Sykkelstamvegen Forus nord;EV39 S1000D65 m24;2026-08-10T22:00+02:00;2026-08-10T23:00+02:00;2026-08-10;22:00;23:00;Totalt i retning Sandnes;5;100,0;1;1;0;5;0,00;-;-;-;-;-;-;-;-
99274B3204701;Sykkelstamvegen Forus nord;EV39 S1000D65 m24;2026-08-10T22:00+02:00;2026-08-10T23:00+02:00;2026-08-10;22:00;23:00;Totalt i retning Stavanger;3;100,0;1;1;0;3;0,00;-;-;-;-;-;-;-;-
99274B3204701;Sykkelstamvegen Forus nord;EV39 S1000D65 m24;2026-08-10T22:00+02:00;2026-08-10T23:00+02:00;2026-08-10;22:00;23:00;Totalt;8;100,0;1;1;0;8;0,00;-;-;-;-;-;-;-;-
99274B3204701;Sykkelstamvegen Forus nord;EV39 S1000D65 m24;2026-08-10T23:00+02:00;2026-08-11T00:00+02:00;2026-08-10;23:00;00:00;1;2;100,0;1;1;0;2;0,00;-;-;-;-;-;-;-;-
99274B3204701;Sykkelstamvegen Forus nord;EV39 S1000D65 m24;2026-08-10T23:00+02:00;2026-08-11T00:00+02:00;2026-08-10;23:00;00:00;2;0;100,0;1;1;0;0;100,00;-;-;-;-;-;-;-;-
99274B3204701;Sykkelstamvegen Forus nord;EV39 S1000D65 m24;2026-08-10T23:00+02:00;2026-08-11T00:00+02:00;2026-08-10;23:00;00:00;Totalt i retning Sandnes;2;100,0;1;1;0;2;0,00;-;-;-;-;-;-;-;-
99274B3204701;Sykkelstamvegen Forus nord;EV39 S1000D65 m24;2026-08-10T23:00+02:00;2026-08-11T00:00+02:00;2026-08-10;23:00;00:00;Totalt i retning Stavanger;0;100,0;1;1;0;0;100,00;-;-;-;-;-;-;-;-
99274B3204701;Sykkelstamvegen Forus nord;EV39 S1000D65 m24;2026-08-10T23:00+02:00;2026-08-11T00:00+02:00;2026-08-10;23:00;00:00;Totalt;2;100,0;1;1;0;2;0,00;-;-;-;-;-;-;-;-
99274B3204701;Sykkelstamvegen Forus nord;EV39 S1000D65 m24;2026-08-11T00:00+02:00;2026-08-11T01:00+02:00;2026-08-11;00:00;01:00;1;2;100,0;1;1;0;2;0,00;-;-;-;-;-;-;-;-
99274B3204701;Sykkelstamvegen Forus nord;EV39 S1000D65 m24;2026-08-11T00:00+02:00;2026-08-11T01:00+02:00;2026-08-11;00:00;01:00;2;0;100,0;1;1;0;0;100,00;-;-;-;-;-;-;-;-
99274B3204701;Sykkelstamvegen Forus nord;EV39 S1000D65 m24;2026-08-11T00:00+02:00;2026-08-11T01:00+02:00;2026-08-11;00:00;01:00;Totalt i retning Sandnes;2;100,0;1;1;0;2;0,00;-;-;-;-;-;-;-;-
99274B3204701;Sykkelstamvegen Forus nord;EV39 S1000D65 m24;2026-08-11T00:00+02:00;2026-08-11T01:00+02:00;2026-08-11;00:00;01:00;Totalt i retning Stavanger;0;100,0;1;1;0;0;100,00;-;-;-;-;-;-;-;-
99274B3204701;Sykkelstamvegen Forus nord;EV39 S1000D65 m24;2026-08-11T00:00+02:00;2026-08-11T01:00+02:00;2026-08-11;00:00;01:00;Totalt;2;100,0;1;1;0;2;0,00;-;-;-;-;-;-;-;-
99274B3204701;Sykkelstamvegen Forus nord;EV39 S1000D65 m24;2026-08-11T01:00+02:00;2026-08-11T02:00+02:00;2026-08-11;01:00;02:00;1;1;100,0;1;1;0;1;0,00;-;-;-;-;-;-;-;-
99274B3204701;Sykkelstamvegen Forus nord;EV39 S1000D65 m24;2026-08-11T01:00+02:00;2026-08-11T02:00+02:00;2026-08-11;01:00;02:00;2;0;100,0;1;1;0;0;100,00;-;-;-;-;-;-;-;-
99274B3204701;Sykkelstamvegen Forus nord;EV39 S1000D65 m24;2026-08-11T01:00+02:00;2026-08-11T02:00+02:00;2026-08-11;01:00;02:00;Totalt i retning Sandnes;1;100,0;1;1;0;1;0,00;-;-;-;-;-;-;-;-
99274B3204701;Sykkelstamvegen Forus nord;EV39 S1000D65 m24;2026-08-11T01:00+02:00;2026-08-11T02:00+02:00;2026-08-11;01:00;02:00;Totalt i retning Stavanger;0;100,0;1;1;0;0;100,00;-;-;-;-;-;-;-;-
99274B3204701;Sykkelstamvegen Forus nord;EV39 S1000D65 m24;2026-08-11T01:00+02:00;2026-08-11T02:00+02:00;2026-08-11;01:00;02:00;Totalt;1;100,0;1;1;0;1;0,00;-;-;-;-;-;-;-;-
99274B3204701;Sykkelstamvegen Forus nord;EV39 S1000D65 m24;2026-08-11T02:00+02:00;2026-08-11T03:00+02:00;2026-08-11;02:00;03:00;1;0;100,0;1;1;0;0;100,00;-;-;-;-;-;-;-;-
99274B3204701;Sykkelstamvegen Forus nord;EV39 S1000D65 m24;2026-08-11T02:00+02:00;2026-08-11T03:00+02:00;2026-08-11;02:00;03:00;2;0;100,0;1;1;0;0;100,00;-;-;-;-;-;-;-;-
99274B3204701;Sykkelstamvegen Forus nord;EV39 S1000D65 m24;2026-08-11T02:00+02:00;2026-08-11T03:00+02:00;2026-08-11;02:00;03:00;Totalt i retning Sandnes;0;100,0;1;1;0;0;100,00;-;-;-;-;-;-;-;-
99274B3204701;Sykkelstamvegen Forus nord;EV39 S1000D65 m24;2026-08-11T02:00+02:00;2026-08-11T03:00+02:00;2026-08-11;02:00;03:00;Totalt i retning Stavanger;0;100,0;1;1;0;0;100,00;-;-;-;-;-;-;-;-
99274B3204701;Sykkelstamvegen Forus nord;EV39 S1000D65 m24;2026-08-11T02:00+02:00;2026-08-11T03:00+02:00;2026-08-11;02:00;03:00;Totalt;0;100,0;1;1;0;0;100,00;-;-;-;-;-;-;-;-
99274B3204701;Sykkelstamvegen Forus nord;EV39 S1000D65 m24;2026-08-11T03:00+02:00;2026-08-11T04:00+02:00;2026-08-11;03:00;04:00;1;0;100,0;1;1;0;0;100,00;-;-;-;-;-;-;-;-
99274B3204701;Sykkelstamvegen Forus nord;EV39 S1000D65 m24;2026-08-11T03:00+02:00;2026-08-11T04:00+02:00;2026-08-11;03:00;04:00;2;0;100,0;1;1;0;0;100,00;-;-;-;-;-;-;-;-
99274B3204701;Sykkelstamvegen Forus nord;EV39 S1000D65 m24;2026-08-11T03:00+02:00;2026-08-11T04:00+02:00;2026-08-11;03:00;04:00;Totalt i retning Sandnes;0;100,0;1;1;0;0;100,00;-;-;-;-;-;-;-;-
99274B3204701;Sykkelstamvegen Forus nord;EV39 S1000D65 m24;2026-08-11T03:00+02:00;2026-08-11T04:00+02:00;2026-08-11;03:00;04:00;Totalt i retning Stavanger;0;100,0;1;1;0;0;100,00;-;-;-;-;-;-;-;-
99274B3204701;Sykkelstamvegen Forus nord;EV39 S1000D65 m24;2026-08-11T03:00+02:00;2026-08-11T04:00+02:00;2026-08-11;03:00;04:00;Totalt;0;100,0;1;1;0;0;100,00;-;-;-;-;-;-;-;-
99274B3204701;Sykkelstamvegen Forus nord;EV39 S1000D65 m24;2026-08-11T04:00+02:00;2026-08-11T05:00+02:00;2026-08-11;04:00;05:00;1;1;100,0;1;1;0;1;0,00;-;-;-;-;-;-;-;-
99274B3204701;Sykkelstamvegen Forus nord;EV39 S1000D65 m24;2026-08-11T04:00+02:00;2026-08-11T05:00+02:00;2026-08-11;04:00;05:00;2;1;100,0;1;1;0;1;0,00;-;-;-;-;-;-;-;-
99274B3204701;Sykkelstamvegen Forus nord;EV39 S1000D65 m24;2026-08-11T04:00+02:00;2026-08-11T05:00+02:00;2026-08-11;04:00;05:00;Totalt i retning Sandnes;1;100,0;1;1;0;1;0,00;-;-;-;-;-;-;-;-
99274B3204701;Sykkelstamvegen Forus nord;EV39 S1000D65 m24;2026-08-11T04:00+02:00;2026-08-11T05:00+02:00;2026-08-11;04:00;05:00;Totalt i retning Stavanger;1;100,0;1;1;0;1;0,00;-;-;-;-;-;-;-;-
99274B3204701;Sykkelstamvegen Forus nord;EV39 S1000D65 m24;2026-08-11T04:00+02:00;2026-08-11T05:00+02:00;2026-08-11;04:00;05:00;Totalt;2;100,0;1;1;0;2;0,00;-;-;-;-;-;-;-;-
99274B3204701;Sykkelstamvegen Forus nord;EV39 S1000D65 m24;2026-08-11T05:00+02:00;2026-08-11T06:00+02:00;2026-08-11;05:00;06:00;1;5;100,0;1;1;0;5;0,00;-;-;-;-;-;-;-;-
99274B3204701;Sykkelstamvegen Forus nord;EV39 S1000D65 m24;2026-08-11T05:00+02:00;2026-08-11T06:00+02:00;2026-08-11;05:00;06:00;2;13;100,0;1;1;0;13;0,00;-;-;-;-;-;-;-;-
99274B3204701;Sykkelstamvegen Forus nord;EV39 S1000D65 m24;2026-08-11T05:00+02:00;2026-08-11T06:00+02:00;2026-08-11;05:00;06:00;Totalt i retning Sandnes;5;100,0;1;1;0;5;0,00;-;-;-;-;-;-;-;-
99274B3204701;Sykkelstamvegen Forus nord;EV39 S1000D65 m24;2026-08-11T05:00+02:00;2026-08-11T06:00+02:00;2026-08-11;05:00;06:00;Totalt i retning Stavanger;13;100,0;1;1;0;13;0,00;-;-;-;-;-;-;-;-
99274B3204701;Sykkelstamvegen Forus nord;EV39 S1000D65 m24;2026-08-11T05:00+02:00;2026-08-11T06:00+02:00;2026-08-11;05:00;06:00;Totalt;18;100,0;1;1;0;18;0,00;-;-;-;-;-;-;-;-
99274B3204701;Sykkelstamvegen Forus nord;EV39 S1000D65 m24;2026-08-11T06:00+02:00;2026-08-11T07:00+02:00;2026-08-11;06:00;07:00;1;27;100,0;1;1;0;27;0,00;-;-;-;-;-;-;-;-
99274B3204701;Sykkelstamvegen Forus nord;EV39 S1000D65 m24;2026-08-11T06:00+02:00;2026-08-11T07:00+02:00;2026-08-11;06:00;07:00;2;78;100,0;1;1;0;78;0,00;-;-;-;-;-;-;-;-
99274B3204701;Sykkelstamvegen Forus nord;EV39 S1000D65 m24;2026-08-11T06:00+02:00;2026-08-11T07:00+02:00;2026-08-11;06:00;07:00;Totalt i retning Sandnes;27;100,0;1;1;0;27;0,00;-;-;-;-;-;-;-;-
99274B3204701;Sykkelstamvegen Forus nord;EV39 S1000D65 m24;2026-08-11T06:00+02:00;2026-08-11T07:00+02:00;2026-08-11;06:00;07:00;Totalt i retning Stavanger;78;100,0;1;1;0;78;0,00;-;-;-;-;-;-;-;-
99274B3204701;Sykkelstamvegen Forus nord;EV39 S1000D65 m24;2026-08-11T06:00+02:00;2026-08-11T07:00+02:00;2026-08-11;06:00;07:00;Totalt;105;100,0;1;1;0;105;0,00;-;-;-;-;-;-;-;-
99274B3204701;Sykkelstamvegen Forus nord;EV39 S1000D65 m24;2026-08-11T07:00+02:00;2026-08-11T08:00+02:00;2026-08-11;07:00;08:00;1;53;100,0;1;1;0;53;0,00;-;-;-;-;-;-;-;-
99274B3204701;Sykkelstamvegen Forus nord;EV39 S1000D65 m24;2026-08-11T07:00+02:00;2026-08-11T08:00+02:00;2026-08-11;07:00;08:00;2;112;100,0;1;1;0;112;0,00;-;-;-;-;-;-;-;-
99274B3204701;Sykkelstamvegen Forus nord;EV39 S1000D65 m24;2026-08-11T07:00+02:00;2026-08-11T08:00+02:00;2026-08-11;07:00;08:00;Totalt i retning Sandnes;55;100,0;1;1;0;55;0,00;-;-;-;-;-;-;-;-
99274B3204701;Sykkelstamvegen Forus nord;EV39 S1000D65 m24;2026-08-11T07:00+02:00;2026-08-11T08:00+02:00;2026-08-11;07:00;08:00;Totalt i retning Stavanger;110;100,0;1;1;0;110;0,00;-;-;-;-;-;-;-;-
99274B3204701;Sykkelstamvegen Forus nord;EV39 S1000D65 m24;2026-08-11T07:00+02:00;2026-08-11T08:00+02:00;2026-08-11;07:00;08:00;Totalt;165;100,0;1;1;0;165;0,00;-;-;-;-;-;-;-;-
99274B3204701;Sykkelstamvegen Forus nord;EV39 S1000D65 m24;2026-08-11T08:00+02:00;2026-08-11T09:00+02:00;2026-08-11;08:00;09:00;1;24;100,0;1;1;0;24;0,00;-;-;-;-;-;-;-;-
99274B3204701;Sykkelstamvegen Forus nord;EV39 S1000D65 m24;2026-08-11T08:00+02:00;2026-08-11T09:00+02:00;2026-08-11;08:00;09:00;2;53;100,0;1;1;0;53;0,00;-;-;-;-;-;-;-;-
99274B3204701;Sykkelstamvegen Forus nord;EV39 S1000D65 m24;2026-08-11T08:00+02:00;2026-08-11T09:00+02:00;2026-08-11;08:00;09:00;Totalt i retning Sandnes;24;100,0;1;1;0;24;0,00;-;-;-;-;-;-;-;-
99274B3204701;Sykkelstamvegen Forus nord;EV39 S1000D65 m24;2026-08-11T08:00+02:00;2026-08-11T09:00+02:00;2026-08-11;08:00;09:00;Totalt i retning Stavanger;53;100,0;1;1;0;53;0,00;-;-;-;-;-;-;-;-
99274B3204701;Sykkelstamvegen Forus nord;EV39 S1000D65 m24;2026-08-11T08:00+02:00;2026-08-11T09:00+02:00;2026-08-11;08:00;09:00;Totalt;77;100,0;1;1;0;77;0,00;-;-;-;-;-;-;-;-
99274B3204701;Sykkelstamvegen Forus nord;EV39 S1000D65 m24;2026-08-11T09:00+02:00;2026-08-11T10:00+02:00;2026-08-11;09:00;10:00;1;15;100,0;1;1;0;15;0,00;-;-;-;-;-;-;-;-
99274B3204701;Sykkelstamvegen Forus nord;EV39 S1000D65 m24;2026-08-11T09:00+02:00;2026-08-11T10:00+02:00;2026-08-11;09:00;10:00;2;20;100,0;1;1;0;20;0,00;-;-;-;-;-;-;-;-
99274B3204701;Sykkelstamvegen Forus nord;EV39 S1000D65 m24;2026-08-11T09:00+02:00;2026-08-11T10:00+02:00;2026-08-11;09:00;10:00;Totalt i retning Sandnes;15;100,0;1;1;0;15;0,00;-;-;-;-;-;-;-;-
99274B3204701;Sykkelstamvegen Forus nord;EV39 S1000D65 m24;2026-08-11T09:00+02:00;2026-08-11T10:00+02:00;2026-08-11;09:00;10:00;Totalt i retning Stavanger;20;100,0;1;1;0;20;0,00;-;-;-;-;-;-;-;-
99274B3204701;Sykkelstamvegen Forus nord;EV39 S1000D65 m24;2026-08-11T09:00+02:00;2026-08-11T10:00+02:00;2026-08-11;09:00;10:00;Totalt;35;100,0;1;1;0;35;0,00;-;-;-;-;-;-;-;-
99274B3204701;Sykkelstamvegen Forus nord;EV39 S1000D65 m24;2026-08-11T10:00+02:00;2026-08-11T11:00+02:00;2026-08-11;10:00;11:00;1;23;100,0;1;1;0;23;0,00;-;-;-;-;-;-;-;-
99274B3204701;Sykkelstamvegen Forus nord;EV39 S1000D65 m24;2026-08-11T10:00+02:00;2026-08-11T11:00+02:00;2026-08-11;10:00;11:00;2;15;100,0;1;1;0;15;0,00;-;-;-;-;-;-;-;-
99274B3204701;Sykkelstamvegen Forus nord;EV39 S1000D65 m24;2026-08-11T10:00+02:00;2026-08-11T11:00+02:00;2026-08-11;10:00;11:00;Totalt i retning Sandnes;24;100,0;1;1;0;24;0,00;-;-;-;-;-;-;-;-
99274B3204701;Sykkelstamvegen Forus nord;EV39 S1000D65 m24;2026-08-11T10:00+02:00;2026-08-11T11:00+02:00;2026-08-11;10:00;11:00;Totalt i retning Stavanger;14;100,0;1;1;0;14;0,00;-;-;-;-;-;-;-;-
99274B3204701;Sykkelstamvegen Forus nord;EV39 S1000D65 m24;2026-08-11T10:00+02:00;2026-08-11T11:00+02:00;2026-08-11;10:00;11:00;Totalt;38;100,0;1;1;0;38;0,00;-;-;-;-;-;-;-;-
99274B3204701;Sykkelstamvegen Forus nord;EV39 S1000D65 m24;2026-08-11T11:00+02:00;2026-08-11T12:00+02:00;2026-08-11;11:00;12:00;1;19;100,0;1;1;0;19;0,00;-;-;-;-;-;-;-;-
99274B3204701;Sykkelstamvegen Forus nord;EV39 S1000D65 m24;2026-08-11T11:00+02:00;2026-08-11T12:00+02:00;2026-08-11;11:00;12:00;2;22;100,0;1;1;0;22;0,00;-;-;-;-;-;-;-;-
99274B3204701;Sykkelstamvegen Forus nord;EV39 S1000D65 m24;2026-08-11T11:00+02:00;2026-08-11T12:00+02:00;2026-08-11;11:00;12:00;Totalt i retning Sandnes;19;100,0;1;1;0;19;0,00;-;-;-;-;-;-;-;-
99274B3204701;Sykkelstamvegen Forus nord;EV39 S1000D65 m24;2026-08-11T11:00+02:00;2026-08-11T12:00+02:00;2026-08-11;11:00;12:00;Totalt i retning Stavanger;22;100,0;1;1;0;22;0,00;-;-;-;-;-;-;-;-
99274B3204701;Sykkelstamvegen Forus nord;EV39 S1000D65 m24;2026-08-11T11:00+02:00;2026-08-11T12:00+02:00;2026-08-11;11:00;12:00;Totalt;41;100,0;1;1;0;41;0,00;-;-;-;-;-;-;-;-
99274B3204701;Sykkelstamvegen Forus nord;EV39 S1000D65 m24;2026-08-11T12:00+02:00;2026-08-11T13:00+02:00;2026-08-11;12:00;13:00;1;44;100,0;1;1;0;44;0,00;-;-;-;-;-;-;-;-
99274B3204701;Sykkelstamvegen Forus nord;EV39 S1000D65 m24;2026-08-11T12:00+02:00;2026-08-11T13:00+02:00;2026-08-11;12:00;13:00;2;23;100,0;1;1;0;23;0,00;-;-;-;-;-;-;-;-
99274B3204701;Sykkelstamvegen Forus nord;EV39 S1000D65 m24;2026-08-11T12:00+02:00;2026-08-11T13:00+02:00;2026-08-11;12:00;13:00;Totalt i retning Sandnes;44;100,0;1;1;0;44;0,00;-;-;-;-;-;-;-;-
99274B3204701;Sykkelstamvegen Forus nord;EV39 S1000D65 m24;2026-08-11T12:00+02:00;2026-08-11T13:00+02:00;2026-08-11;12:00;13:00;Totalt i retning Stavanger;23;100,0;1;1;0;23;0,00;-;-;-;-;-;-;-;-
99274B3204701;Sykkelstamvegen Forus nord;EV39 S1000D65 m24;2026-08-11T12:00+02:00;2026-08-11T13:00+02:00;2026-08-11;12:00;13:00;Totalt;67;100,0;1;1;0;67;0,00;-;-;-;-;-;-;-;-
99274B3204701;Sykkelstamvegen Forus nord;EV39 S1000D65 m24;2026-08-11T13:00+02:00;2026-08-11T14:00+02:00;2026-08-11;13:00;14:00;1;35;100,0;1;1;0;35;0,00;-;-;-;-;-;-;-;-
99274B3204701;Sykkelstamvegen Forus nord;EV39 S1000D65 m24;2026-08-11T13:00+02:00;2026-08-11T14:00+02:00;2026-08-11;13:00;14:00;2;29;100,0;1;1;0;29;0,00;-;-;-;-;-;-;-;-
99274B3204701;Sykkelstamvegen Forus nord;EV39 S1000D65 m24;2026-08-11T13:00+02:00;2026-08-11T14:00+02:00;2026-08-11;13:00;14:00;Totalt i retning Sandnes;34;100,0;1;1;0;34;0,00;-;-;-;-;-;-;-;-
99274B3204701;Sykkelstamvegen Forus nord;EV39 S1000D65 m24;2026-08-11T13:00+02:00;2026-08-11T14:00+02:00;2026-08-11;13:00;14:00;Totalt i retning Stavanger;30;100,0;1;1;0;30;0,00;-;-;-;-;-;-;-;-
99274B3204701;Sykkelstamvegen Forus nord;EV39 S1000D65 m24;2026-08-11T13:00+02:00;2026-08-11T14:00+02:00;2026-08-11;13:00;14:00;Totalt;64;100,0;1;1;0;64;0,00;-;-;-;-;-;-;-;-
99274B3204701;Sykkelstamvegen Forus nord;EV39 S1000D65 m24;2026-08-11T14:00+02:00;2026-08-11T15:00+02:00;2026-08-11;14:00;15:00;1;45;100,0;1;1;0;45;0,00;-;-;-;-;-;-;-;-
99274B3204701;Sykkelstamvegen Forus nord;EV39 S1000D65 m24;2026-08-11T14:00+02:00;2026-08-11T15:00+02:00;2026-08-11;14:00;15:00;2;36;100,0;1;1;0;36;0,00;-;-;-;-;-;-;-;-
99274B3204701;Sykkelstamvegen Forus nord;EV39 S1000D65 m24;2026-08-11T14:00+02:00;2026-08-11T15:00+02:00;2026-08-11;14:00;15:00;Totalt i retning Sandnes;44;100,0;1;1;0;44;0,00;-;-;-;-;-;-;-;-
99274B3204701;Sykkelstamvegen Forus nord;EV39 S1000D65 m24;2026-08-11T14:00+02:00;2026-08-11T15:00+02:00;2026-08-11;14:00;15:00;Totalt i retning Stavanger;37;100,0;1;1;0;37;0,00;-;-;-;-;-;-;-;-
99274B3204701;Sykkelstamvegen Forus nord;EV39 S1000D65 m24;2026-08-11T14:00+02:00;2026-08-11T15:00+02:00;2026-08-11;14:00;15:00;Totalt;81;100,0;1;1;0;81;0,00;-;-;-;-;-;-;-;-
99274B3204701;Sykkelstamvegen Forus nord;EV39 S1000D65 m24;2026-08-11T15:00+02:00;2026-08-11T16:00+02:00;2026-08-11;15:00;16:00;1;149;100,0;1;1;0;149;0,00;-;-;-;-;-;-;-;-
99274B3204701;Sykkelstamvegen Forus nord;EV39 S1000D65 m24;2026-08-11T15:00+02:00;2026-08-11T16:00+02:00;2026-08-11;15:00;16:00;2;60;100,0;1;1;0;60;0,00;-;-;-;-;-;-;-;-
99274B3204701;Sykkelstamvegen Forus nord;EV39 S1000D65 m24;2026-08-11T15:00+02:00;2026-08-11T16:00+02:00;2026-08-11;15:00;16:00;Totalt i retning Sandnes;151;100,0;1;1;0;151;0,00;-;-;-;-;-;-;-;-
99274B3204701;Sykkelstamvegen Forus nord;EV39 S1000D65 m24;2026-08-11T15:00+02:00;2026-08-11T16:00+02:00;2026-08-11;15:00;16:00;Totalt i retning Stavanger;58;100,0;1;1;0;58;0,00;-;-;-;-;-;-;-;-
99274B3204701;Sykkelstamvegen Forus nord;EV39 S1000D65 m24;2026-08-11T15:00+02:00;2026-08-11T16:00+02:00;2026-08-11;15:00;16:00;Totalt;209;100,0;1;1;0;209;0,00;-;-;-;-;-;-;-;-
99274B3204701;Sykkelstamvegen Forus nord;EV39 S1000D65 m24;2026-08-11T16:00+02:00;2026-08-11T17:00+02:00;2026-08-11;16:00;17:00;1;112;100,0;1;1;0;112;0,00;-;-;-;-;-;-;-;-
99274B3204701;Sykkelstamvegen Forus nord;EV39 S1000D65 m24;2026-08-11T16:00+02:00;2026-08-11T17:00+02:00;2026-08-11;16:00;17:00;2;57;100,0;1;1;0;57;0,00;-;-;-;-;-;-;-;-
99274B3204701;Sykkelstamvegen Forus nord;EV39 S1000D65 m24;2026-08-11T16:00+02:00;2026-08-11T17:00+02:00;2026-08-11;16:00;17:00;Totalt i retning Sandnes;111;100,0;1;1;0;111;0,00;-;-;-;-;-;-;-;-
99274B3204701;Sykkelstamvegen Forus nord;EV39 S1000D65 m24;2026-08-11T16:00+02:00;2026-08-11T17:00+02:00;2026-08-11;16:00;17:00;Totalt i retning Stavanger;58;100,0;1;1;0;58;0,00;-;-;-;-;-;-;-;-
99274B3204701;Sykkelstamvegen Forus nord;EV39 S1000D65 m24;2026-08-11T16:00+02:00;2026-08-11T17:00+02:00;2026-08-11;16:00;17:00;Totalt;169;100,0;1;1;0;169;0,00;-;-;-;-;-;-;-;-
99274B3204701;Sykkelstamvegen Forus nord;EV39 S1000D65 m24;2026-08-11T17:00+02:00;2026-08-11T18:00+02:00;2026-08-11;17:00;18:00;1;56;100,0;1;1;0;56;0,00;-;-;-;-;-;-;-;-
99274B3204701;Sykkelstamvegen Forus nord;EV39 S1000D65 m24;2026-08-11T17:00+02:00;2026-08-11T18:00+02:00;2026-08-11;17:00;18:00;2;41;100,0;1;1;0;41;0,00;-;-;-;-;-;-;-;-
99274B3204701;Sykkelstamvegen Forus nord;EV39 S1000D65 m24;2026-08-11T17:00+02:00;2026-08-11T18:00+02:00;2026-08-11;17:00;18:00;Totalt i retning Sandnes;57;100,0;1;1;0;57;0,00;-;-;-;-;-;-;-;-
99274B3204701;Sykkelstamvegen Forus nord;EV39 S1000D65 m24;2026-08-11T17:00+02:00;2026-08-11T18:00+02:00;2026-08-11;17:00;18:00;Totalt i retning Stavanger;40;100,0;1;1;0;40;0,00;-;-;-;-;-;-;-;-
99274B3204701;Sykkelstamvegen Forus nord;EV39 S1000D65 m24;2026-08-11T17:00+02:00;2026-08-11T18:00+02:00;2026-08-11;17:00;18:00;Totalt;97;100,0;1;1;0;97;0,00;-;-;-;-;-;-;-;-
99274B3204701;Sykkelstamvegen Forus nord;EV39 S1000D65 m24;2026-08-11T18:00+02:00;2026-08-11T19:00+02:00;2026-08-11;18:00;19:00;1;39;100,0;1;1;0;39;0,00;-;-;-;-;-;-;-;-
99274B3204701;Sykkelstamvegen Forus nord;EV39 S1000D65 m24;2026-08-11T18:00+02:00;2026-08-11T19:00+02:00;2026-08-11;18:00;19:00;2;40;100,0;1;1;0;40;0,00;-;-;-;-;-;-;-;-
99274B3204701;Sykkelstamvegen Forus nord;EV39 S1000D65 m24;2026-08-11T18:00+02:00;2026-08-11T19:00+02:00;2026-08-11;18:00;19:00;Totalt i retning Sandnes;37;100,0;1;1;0;37;0,00;-;-;-;-;-;-;-;-
99274B3204701;Sykkelstamvegen Forus nord;EV39 S1000D65 m24;2026-08-11T18:00+02:00;2026-08-11T19:00+02:00;2026-08-11;18:00;19:00;Totalt i retning Stavanger;42;100,0;1;1;0;42;0,00;-;-;-;-;-;-;-;-
99274B3204701;Sykkelstamvegen Forus nord;EV39 S1000D65 m24;2026-08-11T18:00+02:00;2026-08-11T19:00+02:00;2026-08-11;18:00;19:00;Totalt;79;100,0;1;1;0;79;0,00;-;-;-;-;-;-;-;-
99274B3204701;Sykkelstamvegen Forus nord;EV39 S1000D65 m24;2026-08-11T19:00+02:00;2026-08-11T20:00+02:00;2026-08-11;19:00;20:00;1;22;100,0;1;1;0;22;0,00;-;-;-;-;-;-;-;-
99274B3204701;Sykkelstamvegen Forus nord;EV39 S1000D65 m24;2026-08-11T19:00+02:00;2026-08-11T20:00+02:00;2026-08-11;19:00;20:00;2;22;100,0;1;1;0;22;0,00;-;-;-;-;-;-;-;-
99274B3204701;Sykkelstamvegen Forus nord;EV39 S1000D65 m24;2026-08-11T19:00+02:00;2026-08-11T20:00+02:00;2026-08-11;19:00;20:00;Totalt i retning Sandnes;22;100,0;1;1;0;22;0,00;-;-;-;-;-;-;-;-
99274B3204701;Sykkelstamvegen Forus nord;EV39 S1000D65 m24;2026-08-11T19:00+02:00;2026-08-11T20:00+02:00;2026-08-11;19:00;20:00;Totalt i retning Stavanger;22;100,0;1;1;0;22;0,00;-;-;-;-;-;-;-;-
99274B3204701;Sykkelstamvegen Forus nord;EV39 S1000D65 m24;2026-08-11T19:00+02:00;2026-08-11T20:00+02:00;2026-08-11;19:00;20:00;Totalt;44;100,0;1;1;0;44;0,00;-;-;-;-;-;-;-;-
99274B3204701;Sykkelstamvegen Forus nord;EV39 S1000D65 m24;2026-08-11T20:00+02:00;2026-08-11T21:00+02:00;2026-08-11;20:00;21:00;1;14;100,0;1;1;0;14;0,00;-;-;-;-;-;-;-;-
99274B3204701;Sykkelstamvegen Forus nord;EV39 S1000D65 m24;2026-08-11T20:00+02:00;2026-08-11T21:00+02:00;2026-08-11;20:00;21:00;2;19;100,0;1;1;0;19;0,00;-;-;-;-;-;-;-;-
99274B3204701;Sykkelstamvegen Forus nord;EV39 S1000D65 m24;2026-08-11T20:00+02:00;2026-08-11T21:00+02:00;2026-08-11;20:00;21:00;Totalt i retning Sandnes;14;100,0;1;1;0;14;0,00;-;-;-;-;-;-;-;-
99274B3204701;Sykkelstamvegen Forus nord;EV39 S1000D65 m24;2026-08-11T20:00+02:00;2026-08-11T21:00+02:00;2026-08-11;20:00;21:00;Totalt i retning Stavanger;19;100,0;1;1;0;19;0,00;-;-;-;-;-;-;-;-
99274B3204701;Sykkelstamvegen Forus nord;EV39 S1000D65 m24;2026-08-11T20:00+02:00;2026-08-11T21:00+02:00;2026-08-11;20:00;21:00;Totalt;33;100,0;1;1;0;33;0,00;-;-;-;-;-;-;-;-
99274B3204701;Sykkelstamvegen Forus nord;EV39 S1000D65 m24;2026-08-11T21:00+02:00;2026-08-11T22:00+02:00;2026-08-11;21:00;22:00;1;7;100,0;1;1;0;7;0,00;-;-;-;-;-;-;-;-
99274B3204701;Sykkelstamvegen Forus nord;EV39 S1000D65 m24;2026-08-11T21:00+02:00;2026-08-11T22:00+02:00;2026-08-11;21:00;22:00;2;6;100,0;1;1;0;6;0,00;-;-;-;-;-;-;-;-
99274B3204701;Sykkelstamvegen Forus nord;EV39 S1000D65 m24;2026-08-11T21:00+02:00;2026-08-11T22:00+02:00;2026-08-11;21:00;22:00;Totalt i retning Sandnes;7;100,0;1;1;0;7;0,00;-;-;-;-;-;-;-;-
99274B3204701;Sykkelstamvegen Forus nord;EV39 S1000D65 m24;2026-08-11T21:00+02:00;2026-08-11T22:00+02:00;2026-08-11;21:00;22:00;Totalt i retning Stavanger;6;100,0;1;1;0;6;0,00;-;-;-;-;-;-;-;-
99274B3204701;Sykkelstamvegen Forus nord;EV39 S1000D65 m24;2026-08-11T21:00+02:00;2026-08-11T22:00+02:00;2026-08-11;21:00;22:00;Totalt;13;100,0;1;1;0;13;0,00;-;-;-;-;-;-;-;-
99274B3204701;Sykkelstamvegen Forus nord;EV39 S1000D65 m24;2026-08-11T22:00+02:00;2026-08-11T23:00+02:00;2026-08-11;22:00;23:00;1;4;100,0;1;1;0;4;0,00;-;-;-;-;-;-;-;-
99274B3204701;Sykkelstamvegen Forus nord;EV39 S1000D65 m24;2026-08-11T22:00+02:00;2026-08-11T23:00+02:00;2026-08-11;22:00;23:00;2;1;100,0;1;1;0;1;0,00;-;-;-;-;-;-;-;-
99274B3204701;Sykkelstamvegen Forus nord;EV39 S1000D65 m24;2026-08-11T22:00+02:00;2026-08-11T23:00+02:00;2026-08-11;22:00;23:00;Totalt i retning Sandnes;3;100,0;1;1;0;3;0,00;-;-;-;-;-;-;-;-
99274B3204701;Sykkelstamvegen Forus nord;EV39 S1000D65 m24;2026-08-11T22:00+02:00;2026-08-11T23:00+02:00;2026-08-11;22:00;23:00;Totalt i retning Stavanger;2;100,0;1;1;0;2;0,00;-;-;-;-;-;-;-;-
99274B3204701;Sykkelstamvegen Forus nord;EV39 S1000D65 m24;2026-08-11T22:00+02:00;2026-08-11T23:00+02:00;2026-08-11;22:00;23:00;Totalt;5;100,0;1;1;0;5;0,00;-;-;-;-;-;-;-;-
99274B3204701;Sykkelstamvegen Forus nord;EV39 S1000D65 m24;2026-08-11T23:00+02:00;2026-08-12T00:00+02:00;2026-08-11;23:00;00:00;1;5;100,0;1;1;0;5;0,00;-;-;-;-;-;-;-;-
99274B3204701;Sykkelstamvegen Forus nord;EV39 S1000D65 m24;2026-08-11T23:00+02:00;2026-08-12T00:00+02:00;2026-08-11;23:00;00:00;2;0;100,0;1;1;0;0;100,00;-;-;-;-;-;-;-;-
99274B3204701;Sykkelstamvegen Forus nord;EV39 S1000D65 m24;2026-08-11T23:00+02:00;2026-08-12T00:00+02:00;2026-08-11;23:00;00:00;Totalt i retning Sandnes;4;100,0;1;1;0;4;0,00;-;-;-;-;-;-;-;-
99274B3204701;Sykkelstamvegen Forus nord;EV39 S1000D65 m24;2026-08-11T23:00+02:00;2026-08-12T00:00+02:00;2026-08-11;23:00;00:00;Totalt i retning Stavanger;1;100,0;1;1;0;1;0,00;-;-;-;-;-;-;-;-
99274B3204701;Sykkelstamvegen Forus nord;EV39 S1000D65 m24;2026-08-11T23:00+02:00;2026-08-12T00:00+02:00;2026-08-11;23:00;00:00;Totalt;5;100,0;1;1;0;5;0,00;-;-;-;-;-;-;-;-
99274B3204701;Sykkelstamvegen Forus nord;EV39 S1000D65 m24;2026-08-12T00:00+02:00;2026-08-12T01:00+02:00;2026-08-12;00:00;01:00;1;0;100,0;1;1;0;0;100,00;-;-;-;-;-;-;-;-
99274B3204701;Sykkelstamvegen Forus nord;EV39 S1000D65 m24;2026-08-12T00:00+02:00;2026-08-12T01:00+02:00;2026-08-12;00:00;01:00;2;1;100,0;1;1;0;1;0,00;-;-;-;-;-;-;-;-
99274B3204701;Sykkelstamvegen Forus nord;EV39 S1000D65 m24;2026-08-12T00:00+02:00;2026-08-12T01:00+02:00;2026-08-12;00:00;01:00;Totalt i retning Sandnes;0;100,0;1;1;0;0;100,00;-;-;-;-;-;-;-;-
99274B3204701;Sykkelstamvegen Forus nord;EV39 S1000D65 m24;2026-08-12T00:00+02:00;2026-08-12T01:00+02:00;2026-08-12;00:00;01:00;Totalt i retning Stavanger;1;100,0;1;1;0;1;0,00;-;-;-;-;-;-;-;-
99274B3204701;Sykkelstamvegen Forus nord;EV39 S1000D65 m24;2026-08-12T00:00+02:00;2026-08-12T01:00+02:00;2026-08-12;00:00;01:00;Totalt;1;100,0;1;1;0;1;0,00;-;-;-;-;-;-;-;-
99274B3204701;Sykkelstamvegen Forus nord;EV39 S1000D65 m24;2026-08-12T01:00+02:00;2026-08-12T02:00+02:00;2026-08-12;01:00;02:00;1;0;100,0;1;1;0;0;100,00;-;-;-;-;-;-;-;-
99274B3204701;Sykkelstamvegen Forus nord;EV39 S1000D65 m24;2026-08-12T01:00+02:00;2026-08-12T02:00+02:00;2026-08-12;01:00;02:00;2;0;100,0;1;1;0;0;100,00;-;-;-;-;-;-;-;-
99274B3204701;Sykkelstamvegen Forus nord;EV39 S1000D65 m24;2026-08-12T01:00+02:00;2026-08-12T02:00+02:00;2026-08-12;01:00;02:00;Totalt i retning Sandnes;0;100,0;1;1;0;0;100,00;-;-;-;-;-;-;-;-
99274B3204701;Sykkelstamvegen Forus nord;EV39 S1000D65 m24;2026-08-12T01:00+02:00;2026-08-12T02:00+02:00;2026-08-12;01:00;02:00;Totalt i retning Stavanger;0;100,0;1;1;0;0;100,00;-;-;-;-;-;-;-;-
99274B3204701;Sykkelstamvegen Forus nord;EV39 S1000D65 m24;2026-08-12T01:00+02:00;2026-08-12T02:00+02:00;2026-08-12;01:00;02:00;Totalt;0;100,0;1;1;0;0;100,00;-;-;-;-;-;-;-;-
99274B3204701;Sykkelstamvegen Forus nord;EV39 S1000D65 m24;2026-08-12T02:00+02:00;2026-08-12T03:00+02:00;2026-08-12;02:00;03:00;1;0;100,0;1;1;0;0;100,00;-;-;-;-;-;-;-;-
99274B3204701;Sykkelstamvegen Forus nord;EV39 S1000D65 m24;2026-08-12T02:00+02:00;2026-08-12T03:00+02:00;2026-08-12;02:00;03:00;2;0;100,0;1;1;0;0;100,00;-;-;-;-;-;-;-;-
99274B3204701;Sykkelstamvegen Forus nord;EV39 S1000D65 m24;2026-08-12T02:00+02:00;2026-08-12T03:00+02:00;2026-08-12;02:00;03:00;Totalt i retning Sandnes;0;100,0;1;1;0;0;100,00;-;-;-;-;-;-;-;-
99274B3204701;Sykkelstamvegen Forus nord;EV39 S1000D65 m24;2026-08-12T02:00+02:00;2026-08-12T03:00+02:00;2026-08-12;02:00;03:00;Totalt i retning Stavanger;0;100,0;1;1;0;0;100,00;-;-;-;-;-;-;-;-
99274B3204701;Sykkelstamvegen Forus nord;EV39 S1000D65 m24;2026-08-12T02:00+02:00;2026-08-12T03:00+02:00;2026-08-12;02:00;03:00;Totalt;0;100,0;1;1;0;0;100,00;-;-;-;-;-;-;-;-
99274B3204701;Sykkelstamvegen Forus nord;EV39 S1000D65 m24;2026-08-12T03:00+02:00;2026-08-12T04:00+02:00;2026-08-12;03:00;04:00;1;0;100,0;1;1;0;0;100,00;-;-;-;-;-;-;-;-
99274B3204701;Sykkelstamvegen Forus nord;EV39 S1000D65 m24;2026-08-12T03:00+02:00;2026-08-12T04:00+02:00;2026-08-12;03:00;04:00;2;0;100,0;1;1;0;0;100,00;-;-;-;-;-;-;-;-
99274B3204701;Sykkelstamvegen Forus nord;EV39 S1000D65 m24;2026-08-12T03:00+02:00;2026-08-12T04:00+02:00;2026-08-12;03:00;04:00;Totalt i retning Sandnes;0;100,0;1;1;0;0;100,00;-;-;-;-;-;-;-;-
99274B3204701;Sykkelstamvegen Forus nord;EV39 S1000D65 m24;2026-08-12T03:00+02:00;2026-08-12T04:00+02:00;2026-08-12;03:00;04:00;Totalt i retning Stavanger;0;100,0;1;1;0;0;100,00;-;-;-;-;-;-;-;-
99274B3204701;Sykkelstamvegen Forus nord;EV39 S1000D65 m24;2026-08-12T03:00+02:00;2026-08-12T04:00+02:00;2026-08-12;03:00;04:00;Totalt;0;100,0;1;1;0;0;100,00;-;-;-;-;-;-;-;-
99274B3204701;Sykkelstamvegen Forus nord;EV39 S1000D65 m24;2026-08-12T04:00+02:00;2026-08-12T05:00+02:00;2026-08-12;04:00;05:00;1;0;100,0;1;1;0;0;100,00;-;-;-;-;-;-;-;-
99274B3204701;Sykkelstamvegen Forus nord;EV39 S1000D65 m24;2026-08-12T04:00+02:00;2026-08-12T05:00+02:00;2026-08-12;04:00;05:00;2;0;100,0;1;1;0;0;100,00;-;-;-;-;-;-;-;-
99274B3204701;Sykkelstamvegen Forus nord;EV39 S1000D65 m24;2026-08-12T04:00+02:00;2026-08-12T05:00+02:00;2026-08-12;04:00;05:00;Totalt i retning Sandnes;0;100,0;1;1;0;0;100,00;-;-;-;-;-;-;-;-
99274B3204701;Sykkelstamvegen Forus nord;EV39 S1000D65 m24;2026-08-12T04:00+02:00;2026-08-12T05:00+02:00;2026-08-12;04:00;05:00;Totalt i retning Stavanger;0;100,0;1;1;0;0;100,00;-;-;-;-;-;-;-;-
99274B3204701;Sykkelstamvegen Forus nord;EV39 S1000D65 m24;2026-08-12T04:00+02:00;2026-08-12T05:00+02:00;2026-08-12;04:00;05:00;Totalt;0;100,0;1;1;0;0;100,00;-;-;-;-;-;-;-;-
99274B3204701;Sykkelstamvegen Forus nord;EV39 S1000D65 m24;2026-08-12T05:00+02:00;2026-08-12T06:00+02:00;2026-08-12;05:00;06:00;1;6;100,0;1;1;0;6;0,00;-;-;-;-;-;-;-;-
99274B3204701;Sykkelstamvegen Forus nord;EV39 S1000D65 m24;2026-08-12T05:00+02:00;2026-08-12T06:00+02:00;2026-08-12;05:00;06:00;2;13;100,0;1;1;0;13;0,00;-;-;-;-;-;-;-;-
99274B3204701;Sykkelstamvegen Forus nord;EV39 S1000D65 m24;2026-08-12T05:00+02:00;2026-08-12T06:00+02:00;2026-08-12;05:00;06:00;Totalt i retning Sandnes;6;100,0;1;1;0;6;0,00;-;-;-;-;-;-;-;-
99274B3204701;Sykkelstamvegen Forus nord;EV39 S1000D65 m24;2026-08-12T05:00+02:00;2026-08-12T06:00+02:00;2026-08-12;05:00;06:00;Totalt i retning Stavanger;13;100,0;1;1;0;13;0,00;-;-;-;-;-;-;-;-
99274B3204701;Sykkelstamvegen Forus nord;EV39 S1000D65 m24;2026-08-12T05:00+02:00;2026-08-12T06:00+02:00;2026-08-12;05:00;06:00;Totalt;19;100,0;1;1;0;19;0,00;-;-;-;-;-;-;-;-
99274B3204701;Sykkelstamvegen Forus nord;EV39 S1000D65 m24;2026-08-12T06:00+02:00;2026-08-12T07:00+02:00;2026-08-12;06:00;07:00;1;30;100,0;1;1;0;30;0,00;-;-;-;-;-;-;-;-
99274B3204701;Sykkelstamvegen Forus nord;EV39 S1000D65 m24;2026-08-12T06:00+02:00;2026-08-12T07:00+02:00;2026-08-12;06:00;07:00;2;69;100,0;1;1;0;69;0,00;-;-;-;-;-;-;-;-
99274B3204701;Sykkelstamvegen Forus nord;EV39 S1000D65 m24;2026-08-12T06:00+02:00;2026-08-12T07:00+02:00;2026-08-12;06:00;07:00;Totalt i retning Sandnes;29;100,0;1;1;0;29;0,00;-;-;-;-;-;-;-;-
99274B3204701;Sykkelstamvegen Forus nord;EV39 S1000D65 m24;2026-08-12T06:00+02:00;2026-08-12T07:00+02:00;2026-08-12;06:00;07:00;Totalt i retning Stavanger;70;100,0;1;1;0;70;0,00;-;-;-;-;-;-;-;-
99274B3204701;Sykkelstamvegen Forus nord;EV39 S1000D65 m24;2026-08-12T06:00+02:00;2026-08-12T07:00+02:00;2026-08-12;06:00;07:00;Totalt;99;100,0;1;1;0;99;0,00;-;-;-;-;-;-;-;-
99274B3204701;Sykkelstamvegen Forus nord;EV39 S1000D65 m24;2026-08-12T07:00+02:00;2026-08-12T08:00+02:00;2026-08-12;07:00;08:00;1;68;100,0;1;1;0;68;0,00;-;-;-;-;-;-;-;-
99274B3204701;Sykkelstamvegen Forus nord;EV39 S1000D65 m24;2026-08-12T07:00+02:00;2026-08-12T08:00+02:00;2026-08-12;07:00;08:00;2;115;100,0;1;1;0;115;0,00;-;-;-;-;-;-;-;-
99274B3204701;Sykkelstamvegen Forus nord;EV39 S1000D65 m24;2026-08-12T07:00+02:00;2026-08-12T08:00+02:00;2026-08-12;07:00;08:00;Totalt i retning Sandnes;68;100,0;1;1;0;68;0,00;-;-;-;-;-;-;-;-
99274B3204701;Sykkelstamvegen Forus nord;EV39 S1000D65 m24;2026-08-12T07:00+02:00;2026-08-12T08:00+02:00;2026-08-12;07:00;08:00;Totalt i retning Stavanger;115;100,0;1;1;0;115;0,00;-;-;-;-;-;-;-;-
99274B3204701;Sykkelstamvegen Forus nord;EV39 S1000D65 m24;2026-08-12T07:00+02:00;2026-08-12T08:00+02:00;2026-08-12;07:00;08:00;Totalt;183;100,0;1;1;0;183;0,00;-;-;-;-;-;-;-;-
99274B3204701;Sykkelstamvegen Forus nord;EV39 S1000D65 m24;2026-08-12T08:00+02:00;2026-08-12T09:00+02:00;2026-08-12;08:00;09:00;1;25;100,0;1;1;0;25;0,00;-;-;-;-;-;-;-;-
99274B3204701;Sykkelstamvegen Forus nord;EV39 S1000D65 m24;2026-08-12T08:00+02:00;2026-08-12T09:00+02:00;2026-08-12;08:00;09:00;2;49;100,0;1;1;0;49;0,00;-;-;-;-;-;-;-;-
99274B3204701;Sykkelstamvegen Forus nord;EV39 S1000D65 m24;2026-08-12T08:00+02:00;2026-08-12T09:00+02:00;2026-08-12;08:00;09:00;Totalt i retning Sandnes;25;100,0;1;1;0;25;0,00;-;-;-;-;-;-;-;-
99274B3204701;Sykkelstamvegen Forus nord;EV39 S1000D65 m24;2026-08-12T08:00+02:00;2026-08-12T09:00+02:00;2026-08-12;08:00;09:00;Totalt i retning Stavanger;49;100,0;1;1;0;49;0,00;-;-;-;-;-;-;-;-
99274B3204701;Sykkelstamvegen Forus nord;EV39 S1000D65 m24;2026-08-12T08:00+02:00;2026-08-12T09:00+02:00;2026-08-12;08:00;09:00;Totalt;74;100,0;1;1;0;74;0,00;-;-;-;-;-;-;-;-
99274B3204701;Sykkelstamvegen Forus nord;EV39 S1000D65 m24;2026-08-12T09:00+02:00;2026-08-12T10:00+02:00;2026-08-12;09:00;10:00;1;12;100,0;1;1;0;12;0,00;-;-;-;-;-;-;-;-
99274B3204701;Sykkelstamvegen Forus nord;EV39 S1000D65 m24;2026-08-12T09:00+02:00;2026-08-12T10:00+02:00;2026-08-12;09:00;10:00;2;13;100,0;1;1;0;13;0,00;-;-;-;-;-;-;-;-
99274B3204701;Sykkelstamvegen Forus nord;EV39 S1000D65 m24;2026-08-12T09:00+02:00;2026-08-12T10:00+02:00;2026-08-12;09:00;10:00;Totalt i retning Sandnes;12;100,0;1;1;0;12;0,00;-;-;-;-;-;-;-;-
99274B3204701;Sykkelstamvegen Forus nord;EV39 S1000D65 m24;2026-08-12T09:00+02:00;2026-08-12T10:00+02:00;2026-08-12;09:00;10:00;Totalt i retning Stavanger;13;100,0;1;1;0;13;0,00;-;-;-;-;-;-;-;-
99274B3204701;Sykkelstamvegen Forus nord;EV39 S1000D65 m24;2026-08-12T09:00+02:00;2026-08-12T10:00+02:00;2026-08-12;09:00;10:00;Totalt;25;100,0;1;1;0;25;0,00;-;-;-;-;-;-;-;-
99274B3204701;Sykkelstamvegen Forus nord;EV39 S1000D65 m24;2026-08-12T10:00+02:00;2026-08-12T11:00+02:00;2026-08-12;10:00;11:00;1;17;100,0;1;1;0;17;0,00;-;-;-;-;-;-;-;-
99274B3204701;Sykkelstamvegen Forus nord;EV39 S1000D65 m24;2026-08-12T10:00+02:00;2026-08-12T11:00+02:00;2026-08-12;10:00;11:00;2;10;100,0;1;1;0;10;0,00;-;-;-;-;-;-;-;-
99274B3204701;Sykkelstamvegen Forus nord;EV39 S1000D65 m24;2026-08-12T10:00+02:00;2026-08-12T11:00+02:00;2026-08-12;10:00;11:00;Totalt i retning Sandnes;14;100,0;1;1;0;14;0,00;-;-;-;-;-;-;-;-
99274B3204701;Sykkelstamvegen Forus nord;EV39 S1000D65 m24;2026-08-12T10:00+02:00;2026-08-12T11:00+02:00;2026-08-12;10:00;11:00;Totalt i retning Stavanger;13;100,0;1;1;0;13;0,00;-;-;-;-;-;-;-;-
99274B3204701;Sykkelstamvegen Forus nord;EV39 S1000D65 m24;2026-08-12T10:00+02:00;2026-08-12T11:00+02:00;2026-08-12;10:00;11:00;Totalt;27;100,0;1;1;0;27;0,00;-;-;-;-;-;-;-;-
99274B3204701;Sykkelstamvegen Forus nord;EV39 S1000D65 m24;2026-08-12T11:00+02:00;2026-08-12T12:00+02:00;2026-08-12;11:00;12:00;1;12;100,0;1;1;0;12;0,00;-;-;-;-;-;-;-;-
99274B3204701;Sykkelstamvegen Forus nord;EV39 S1000D65 m24;2026-08-12T11:00+02:00;2026-08-12T12:00+02:00;2026-08-12;11:00;12:00;2;22;100,0;1;1;0;22;0,00;-;-;-;-;-;-;-;-
99274B3204701;Sykkelstamvegen Forus nord;EV39 S1000D65 m24;2026-08-12T11:00+02:00;2026-08-12T12:00+02:00;2026-08-12;11:00;12:00;Totalt i retning Sandnes;12;100,0;1;1;0;12;0,00;-;-;-;-;-;-;-;-
99274B3204701;Sykkelstamvegen Forus nord;EV39 S1000D65 m24;2026-08-12T11:00+02:00;2026-08-12T12:00+02:00;2026-08-12;11:00;12:00;Totalt i retning Stavanger;22;100,0;1;1;0;22;0,00;-;-;-;-;-;-;-;-
99274B3204701;Sykkelstamvegen Forus nord;EV39 S1000D65 m24;2026-08-12T11:00+02:00;2026-08-12T12:00+02:00;2026-08-12;11:00;12:00;Totalt;34;100,0;1;1;0;34;0,00;-;-;-;-;-;-;-;-
99274B3204701;Sykkelstamvegen Forus nord;EV39 S1000D65 m24;2026-08-12T12:00+02:00;2026-08-12T13:00+02:00;2026-08-12;12:00;13:00;1;21;100,0;1;1;0;21;0,00;-;-;-;-;-;-;-;-
99274B3204701;Sykkelstamvegen Forus nord;EV39 S1000D65 m24;2026-08-12T12:00+02:00;2026-08-12T13:00+02:00;2026-08-12;12:00;13:00;2;16;100,0;1;1;0;16;0,00;-;-;-;-;-;-;-;-
99274B3204701;Sykkelstamvegen Forus nord;EV39 S1000D65 m24;2026-08-12T12:00+02:00;2026-08-12T13:00+02:00;2026-08-12;12:00;13:00;Totalt i retning Sandnes;20;100,0;1;1;0;20;0,00;-;-;-;-;-;-;-;-
99274B3204701;Sykkelstamvegen Forus nord;EV39 S1000D65 m24;2026-08-12T12:00+02:00;2026-08-12T13:00+02:00;2026-08-12;12:00;13:00;Totalt i retning Stavanger;17;100,0;1;1;0;17;0,00;-;-;-;-;-;-;-;-
99274B3204701;Sykkelstamvegen Forus nord;EV39 S1000D65 m24;2026-08-12T12:00+02:00;2026-08-12T13:00+02:00;2026-08-12;12:00;13:00;Totalt;37;100,0;1;1;0;37;0,00;-;-;-;-;-;-;-;-
99274B3204701;Sykkelstamvegen Forus nord;EV39 S1000D65 m24;2026-08-12T13:00+02:00;2026-08-12T14:00+02:00;2026-08-12;13:00;14:00;1;33;100,0;1;1;0;33;0,00;-;-;-;-;-;-;-;-
99274B3204701;Sykkelstamvegen Forus nord;EV39 S1000D65 m24;2026-08-12T13:00+02:00;2026-08-12T14:00+02:00;2026-08-12;13:00;14:00;2;27;100,0;1;1;0;27;0,00;-;-;-;-;-;-;-;-
99274B3204701;Sykkelstamvegen Forus nord;EV39 S1000D65 m24;2026-08-12T13:00+02:00;2026-08-12T14:00+02:00;2026-08-12;13:00;14:00;Totalt i retning Sandnes;33;100,0;1;1;0;33;0,00;-;-;-;-;-;-;-;-
99274B3204701;Sykkelstamvegen Forus nord;EV39 S1000D65 m24;2026-08-12T13:00+02:00;2026-08-12T14:00+02:00;2026-08-12;13:00;14:00;Totalt i retning Stavanger;27;100,0;1;1;0;27;0,00;-;-;-;-;-;-;-;-
99274B3204701;Sykkelstamvegen Forus nord;EV39 S1000D65 m24;2026-08-12T13:00+02:00;2026-08-12T14:00+02:00;2026-08-12;13:00;14:00;Totalt;60;100,0;1;1;0;60;0,00;-;-;-;-;-;-;-;-
99274B3204701;Sykkelstamvegen Forus nord;EV39 S1000D65 m24;2026-08-12T14:00+02:00;2026-08-12T15:00+02:00;2026-08-12;14:00;15:00;1;56;100,0;1;1;0;56;0,00;-;-;-;-;-;-;-;-
99274B3204701;Sykkelstamvegen Forus nord;EV39 S1000D65 m24;2026-08-12T14:00+02:00;2026-08-12T15:00+02:00;2026-08-12;14:00;15:00;2;31;100,0;1;1;0;31;0,00;-;-;-;-;-;-;-;-
99274B3204701;Sykkelstamvegen Forus nord;EV39 S1000D65 m24;2026-08-12T14:00+02:00;2026-08-12T15:00+02:00;2026-08-12;14:00;15:00;Totalt i retning Sandnes;55;100,0;1;1;0;55;0,00;-;-;-;-;-;-;-;-
99274B3204701;Sykkelstamvegen Forus nord;EV39 S1000D65 m24;2026-08-12T14:00+02:00;2026-08-12T15:00+02:00;2026-08-12;14:00;15:00;Totalt i retning Stavanger;32;100,0;1;1;0;32;0,00;-;-;-;-;-;-;-;-
99274B3204701;Sykkelstamvegen Forus nord;EV39 S1000D65 m24;2026-08-12T14:00+02:00;2026-08-12T15:00+02:00;2026-08-12;14:00;15:00;Totalt;87;100,0;1;1;0;87;0,00;-;-;-;-;-;-;-;-
99274B3204701;Sykkelstamvegen Forus nord;EV39 S1000D65 m24;2026-08-12T15:00+02:00;2026-08-12T16:00+02:00;2026-08-12;15:00;16:00;1;139;100,0;1;1;0;139;0,00;-;-;-;-;-;-;-;-
99274B3204701;Sykkelstamvegen Forus nord;EV39 S1000D65 m24;2026-08-12T15:00+02:00;2026-08-12T16:00+02:00;2026-08-12;15:00;16:00;2;63;100,0;1;1;0;63;0,00;-;-;-;-;-;-;-;-
99274B3204701;Sykkelstamvegen Forus nord;EV39 S1000D65 m24;2026-08-12T15:00+02:00;2026-08-12T16:00+02:00;2026-08-12;15:00;16:00;Totalt i retning Sandnes;139;100,0;1;1;0;139;0,00;-;-;-;-;-;-;-;-
99274B3204701;Sykkelstamvegen Forus nord;EV39 S1000D65 m24;2026-08-12T15:00+02:00;2026-08-12T16:00+02:00;2026-08-12;15:00;16:00;Totalt i retning Stavanger;63;100,0;1;1;0;63;0,00;-;-;-;-;-;-;-;-
99274B3204701;Sykkelstamvegen Forus nord;EV39 S1000D65 m24;2026-08-12T15:00+02:00;2026-08-12T16:00+02:00;2026-08-12;15:00;16:00;Totalt;202;100,0;1;1;0;202;0,00;-;-;-;-;-;-;-;-
99274B3204701;Sykkelstamvegen Forus nord;EV39 S1000D65 m24;2026-08-12T16:00+02:00;2026-08-12T17:00+02:00;2026-08-12;16:00;17:00;1;115;100,0;1;1;0;115;0,00;-;-;-;-;-;-;-;-
99274B3204701;Sykkelstamvegen Forus nord;EV39 S1000D65 m24;2026-08-12T16:00+02:00;2026-08-12T17:00+02:00;2026-08-12;16:00;17:00;2;65;100,0;1;1;0;65;0,00;-;-;-;-;-;-;-;-
99274B3204701;Sykkelstamvegen Forus nord;EV39 S1000D65 m24;2026-08-12T16:00+02:00;2026-08-12T17:00+02:00;2026-08-12;16:00;17:00;Totalt i retning Sandnes;117;100,0;1;1;0;117;0,00;-;-;-;-;-;-;-;-
99274B3204701;Sykkelstamvegen Forus nord;EV39 S1000D65 m24;2026-08-12T16:00+02:00;2026-08-12T17:00+02:00;2026-08-12;16:00;17:00;Totalt i retning Stavanger;63;100,0;1;1;0;63;0,00;-;-;-;-;-;-;-;-
99274B3204701;Sykkelstamvegen Forus nord;EV39 S1000D65 m24;2026-08-12T16:00+02:00;2026-08-12T17:00+02:00;2026-08-12;16:00;17:00;Totalt;180;100,0;1;1;0;180;0,00;-;-;-;-;-;-;-;-
99274B3204701;Sykkelstamvegen Forus nord;EV39 S1000D65 m24;2026-08-12T17:00+02:00;2026-08-12T18:00+02:00;2026-08-12;17:00;18:00;1;57;100,0;1;1;0;57;0,00;-;-;-;-;-;-;-;-
99274B3204701;Sykkelstamvegen Forus nord;EV39 S1000D65 m24;2026-08-12T17:00+02:00;2026-08-12T18:00+02:00;2026-08-12;17:00;18:00;2;39;100,0;1;1;0;39;0,00;-;-;-;-;-;-;-;-
99274B3204701;Sykkelstamvegen Forus nord;EV39 S1000D65 m24;2026-08-12T17:00+02:00;2026-08-12T18:00+02:00;2026-08-12;17:00;18:00;Totalt i retning Sandnes;56;100,0;1;1;0;56;0,00;-;-;-;-;-;-;-;-
99274B3204701;Sykkelstamvegen Forus nord;EV39 S1000D65 m24;2026-08-12T17:00+02:00;2026-08-12T18:00+02:00;2026-08-12;17:00;18:00;Totalt i retning Stavanger;40;100,0;1;1;0;40;0,00;-;-;-;-;-;-;-;-
99274B3204701;Sykkelstamvegen Forus nord;EV39 S1000D65 m24;2026-08-12T17:00+02:00;2026-08-12T18:00+02:00;2026-08-12;17:00;18:00;Totalt;96;100,0;1;1;0;96;0,00;-;-;-;-;-;-;-;-
99274B3204701;Sykkelstamvegen Forus nord;EV39 S1000D65 m24;2026-08-12T18:00+02:00;2026-08-12T19:00+02:00;2026-08-12;18:00;19:00;1;41;100,0;1;1;0;41;0,00;-;-;-;-;-;-;-;-
99274B3204701;Sykkelstamvegen Forus nord;EV39 S1000D65 m24;2026-08-12T18:00+02:00;2026-08-12T19:00+02:00;2026-08-12;18:00;19:00;2;32;100,0;1;1;0;32;0,00;-;-;-;-;-;-;-;-
99274B3204701;Sykkelstamvegen Forus nord;EV39 S1000D65 m24;2026-08-12T18:00+02:00;2026-08-12T19:00+02:00;2026-08-12;18:00;19:00;Totalt i retning Sandnes;46;100,0;1;1;0;46;0,00;-;-;-;-;-;-;-;-
99274B3204701;Sykkelstamvegen Forus nord;EV39 S1000D65 m24;2026-08-12T18:00+02:00;2026-08-12T19:00+02:00;2026-08-12;18:00;19:00;Totalt i retning Stavanger;27;100,0;1;1;0;27;0,00;-;-;-;-;-;-;-;-
99274B3204701;Sykkelstamvegen Forus nord;EV39 S1000D65 m24;2026-08-12T18:00+02:00;2026-08-12T19:00+02:00;2026-08-12;18:00;19:00;Totalt;73;100,0;1;1;0;73;0,00;-;-;-;-;-;-;-;-
99274B3204701;Sykkelstamvegen Forus nord;EV39 S1000D65 m24;2026-08-12T19:00+02:00;2026-08-12T20:00+02:00;2026-08-12;19:00;20:00;1;35;100,0;1;1;0;35;0,00;-;-;-;-;-;-;-;-
99274B3204701;Sykkelstamvegen Forus nord;EV39 S1000D65 m24;2026-08-12T19:00+02:00;2026-08-12T20:00+02:00;2026-08-12;19:00;20:00;2;16;100,0;1;1;0;16;0,00;-;-;-;-;-;-;-;-
99274B3204701;Sykkelstamvegen Forus nord;EV39 S1000D65 m24;2026-08-12T19:00+02:00;2026-08-12T20:00+02:00;2026-08-12;19:00;20:00;Totalt i retning Sandnes;34;100,0;1;1;0;34;0,00;-;-;-;-;-;-;-;-
99274B3204701;Sykkelstamvegen Forus nord;EV39 S1000D65 m24;2026-08-12T19:00+02:00;2026-08-12T20:00+02:00;2026-08-12;19:00;20:00;Totalt i retning Stavanger;17;100,0;1;1;0;17;0,00;-;-;-;-;-;-;-;-
99274B3204701;Sykkelstamvegen Forus nord;EV39 S1000D65 m24;2026-08-12T19:00+02:00;2026-08-12T20:00+02:00;2026-08-12;19:00;20:00;Totalt;51;100,0;1;1;0;51;0,00;-;-;-;-;-;-;-;-
99274B3204701;Sykkelstamvegen Forus nord;EV39 S1000D65 m24;2026-08-12T20:00+02:00;2026-08-12T21:00+02:00;2026-08-12;20:00;21:00;1;19;100,0;1;1;0;19;0,00;-;-;-;-;-;-;-;-
99274B3204701;Sykkelstamvegen Forus nord;EV39 S1000D65 m24;2026-08-12T20:00+02:00;2026-08-12T21:00+02:00;2026-08-12;20:00;21:00;2;14;100,0;1;1;0;14;0,00;-;-;-;-;-;-;-;-
99274B3204701;Sykkelstamvegen Forus nord;EV39 S1000D65 m24;2026-08-12T20:00+02:00;2026-08-12T21:00+02:00;2026-08-12;20:00;21:00;Totalt i retning Sandnes;18;100,0;1;1;0;18;0,00;-;-;-;-;-;-;-;-
99274B3204701;Sykkelstamvegen Forus nord;EV39 S1000D65 m24;2026-08-12T20:00+02:00;2026-08-12T21:00+02:00;2026-08-12;20:00;21:00;Totalt i retning Stavanger;15;100,0;1;1;0;15;0,00;-;-;-;-;-;-;-;-
99274B3204701;Sykkelstamvegen Forus nord;EV39 S1000D65 m24;2026-08-12T20:00+02:00;2026-08-12T21:00+02:00;2026-08-12;20:00;21:00;Totalt;33;100,0;1;1;0;33;0,00;-;-;-;-;-;-;-;-
99274B3204701;Sykkelstamvegen Forus nord;EV39 S1000D65 m24;2026-08-12T21:00+02:00;2026-08-12T22:00+02:00;2026-08-12;21:00;22:00;1;1;100,0;1;1;0;1;0,00;-;-;-;-;-;-;-;-
99274B3204701;Sykkelstamvegen Forus nord;EV39 S1000D65 m24;2026-08-12T21:00+02:00;2026-08-12T22:00+02:00;2026-08-12;21:00;22:00;2;6;100,0;1;1;0;6;0,00;-;-;-;-;-;-;-;-
99274B3204701;Sykkelstamvegen Forus nord;EV39 S1000D65 m24;2026-08-12T21:00+02:00;2026-08-12T22:00+02:00;2026-08-12;21:00;22:00;Totalt i retning Sandnes;1;100,0;1;1;0;1;0,00;-;-;-;-;-;-;-;-
99274B3204701;Sykkelstamvegen Forus nord;EV39 S1000D65 m24;2026-08-12T21:00+02:00;2026-08-12T22:00+02:00;2026-08-12;21:00;22:00;Totalt i retning Stavanger;6;100,0;1;1;0;6;0,00;-;-;-;-;-;-;-;-
99274B3204701;Sykkelstamvegen Forus nord;EV39 S1000D65 m24;2026-08-12T21:00+02:00;2026-08-12T22:00+02:00;2026-08-12;21:00;22:00;Totalt;7;100,0;1;1;0;7;0,00;-;-;-;-;-;-;-;-
99274B3204701;Sykkelstamvegen Forus nord;EV39 S1000D65 m24;2026-08-12T22:00+02:00;2026-08-12T23:00+02:00;2026-08-12;22:00;23:00;1;10;100,0;1;1;0;10;0,00;-;-;-;-;-;-;-;-
99274B3204701;Sykkelstamvegen Forus nord;EV39 S1000D65 m24;2026-08-12T22:00+02:00;2026-08-12T23:00+02:00;2026-08-12;22:00;23:00;2;0;100,0;1;1;0;0;100,00;-;-;-;-;-;-;-;-
99274B3204701;Sykkelstamvegen Forus nord;EV39 S1000D65 m24;2026-08-12T22:00+02:00;2026-08-12T23:00+02:00;2026-08-12;22:00;23:00;Totalt i retning Sandnes;10;100,0;1;1;0;10;0,00;-;-;-;-;-;-;-;-
99274B3204701;Sykkelstamvegen Forus nord;EV39 S1000D65 m24;2026-08-12T22:00+02:00;2026-08-12T23:00+02:00;2026-08-12;22:00;23:00;Totalt i retning Stavanger;0;100,0;1;1;0;0;100,00;-;-;-;-;-;-;-;-
99274B3204701;Sykkelstamvegen Forus nord;EV39 S1000D65 m24;2026-08-12T22:00+02:00;2026-08-12T23:00+02:00;2026-08-12;22:00;23:00;Totalt;10;100,0;1;1;0;10;0,00;-;-;-;-;-;-;-;-
99274B3204701;Sykkelstamvegen Forus nord;EV39 S1000D65 m24;2026-08-12T23:00+02:00;2026-08-13T00:00+02:00;2026-08-12;23:00;00:00;1;2;100,0;1;1;0;2;0,00;-;-;-;-;-;-;-;-
99274B3204701;Sykkelstamvegen Forus nord;EV39 S1000D65 m24;2026-08-12T23:00+02:00;2026-08-13T00:00+02:00;2026-08-12;23:00;00:00;2;1;100,0;1;1;0;1;0,00;-;-;-;-;-;-;-;-
99274B3204701;Sykkelstamvegen Forus nord;EV39 S1000D65 m24;2026-08-12T23:00+02:00;2026-08-13T00:00+02:00;2026-08-12;23:00;00:00;Totalt i retning Sandnes;2;100,0;1;1;0;2;0,00;-;-;-;-;-;-;-;-
99274B3204701;Sykkelstamvegen Forus nord;EV39 S1000D65 m24;2026-08-12T23:00+02:00;2026-08-13T00:00+02:00;2026-08-12;23:00;00:00;Totalt i retning Stavanger;1;100,0;1;1;0;1;0,00;-;-;-;-;-;-;-;-
99274B3204701;Sykkelstamvegen Forus nord;EV39 S1000D65 m24;2026-08-12T23:00+02:00;2026-08-13T00:00+02:00;2026-08-12;23:00;00:00;Totalt;3;100,0;1;1;0;3;0,00;-;-;-;-;-;-;-;-
99274B3204701;Sykkelstamvegen Forus nord;EV39 S1000D65 m24;2026-08-13T00:00+02:00;2026-08-13T01:00+02:00;2026-08-13;00:00;01:00;1;0;100,0;1;1;0;0;100,00;-;-;-;-;-;-;-;-
99274B3204701;Sykkelstamvegen Forus nord;EV39 S1000D65 m24;2026-08-13T00:00+02:00;2026-08-13T01:00+02:00;2026-08-13;00:00;01:00;2;0;100,0;1;1;0;0;100,00;-;-;-;-;-;-;-;-
99274B3204701;Sykkelstamvegen Forus nord;EV39 S1000D65 m24;2026-08-13T00:00+02:00;2026-08-13T01:00+02:00;2026-08-13;00:00;01:00;Totalt i retning Sandnes;0;100,0;1;1;0;0;100,00;-;-;-;-;-;-;-;-
99274B3204701;Sykkelstamvegen Forus nord;EV39 S1000D65 m24;2026-08-13T00:00+02:00;2026-08-13T01:00+02:00;2026-08-13;00:00;01:00;Totalt i retning Stavanger;0;100,0;1;1;0;0;100,00;-;-;-;-;-;-;-;-
99274B3204701;Sykkelstamvegen Forus nord;EV39 S1000D65 m24;2026-08-13T00:00+02:00;2026-08-13T01:00+02:00;2026-08-13;00:00;01:00;Totalt;0;100,0;1;1;0;0;100,00;-;-;-;-;-;-;-;-
99274B3204701;Sykkelstamvegen Forus nord;EV39 S1000D65 m24;2026-08-13T01:00+02:00;2026-08-13T02:00+02:00;2026-08-13;01:00;02:00;1;1;100,0;1;1;0;1;0,00;-;-;-;-;-;-;-;-
99274B3204701;Sykkelstamvegen Forus nord;EV39 S1000D65 m24;2026-08-13T01:00+02:00;2026-08-13T02:00+02:00;2026-08-13;01:00;02:00;2;0;100,0;1;1;0;0;100,00;-;-;-;-;-;-;-;-
99274B3204701;Sykkelstamvegen Forus nord;EV39 S1000D65 m24;2026-08-13T01:00+02:00;2026-08-13T02:00+02:00;2026-08-13;01:00;02:00;Totalt i retning Sandnes;1;100,0;1;1;0;1;0,00;-;-;-;-;-;-;-;-
99274B3204701;Sykkelstamvegen Forus nord;EV39 S1000D65 m24;2026-08-13T01:00+02:00;2026-08-13T02:00+02:00;2026-08-13;01:00;02:00;Totalt i retning Stavanger;0;100,0;1;1;0;0;100,00;-;-;-;-;-;-;-;-
99274B3204701;Sykkelstamvegen Forus nord;EV39 S1000D65 m24;2026-08-13T01:00+02:00;2026-08-13T02:00+02:00;2026-08-13;01:00;02:00;Totalt;1;100,0;1;1;0;1;0,00;-;-;-;-;-;-;-;-
99274B3204701;Sykkelstamvegen Forus nord;EV39 S1000D65 m24;2026-08-13T02:00+02:00;2026-08-13T03:00+02:00;2026-08-13;02:00;03:00;1;0;100,0;1;1;0;0;100,00;-;-;-;-;-;-;-;-
99274B3204701;Sykkelstamvegen Forus nord;EV39 S1000D65 m24;2026-08-13T02:00+02:00;2026-08-13T03:00+02:00;2026-08-13;02:00;03:00;2;0;100,0;1;1;0;0;100,00;-;-;-;-;-;-;-;-
99274B3204701;Sykkelstamvegen Forus nord;EV39 S1000D65 m24;2026-08-13T02:00+02:00;2026-08-13T03:00+02:00;2026-08-13;02:00;03:00;Totalt i retning Sandnes;0;100,0;1;1;0;0;100,00;-;-;-;-;-;-;-;-
99274B3204701;Sykkelstamvegen Forus nord;EV39 S1000D65 m24;2026-08-13T02:00+02:00;2026-08-13T03:00+02:00;2026-08-13;02:00;03:00;Totalt i retning Stavanger;0;100,0;1;1;0;0;100,00;-;-;-;-;-;-;-;-
99274B3204701;Sykkelstamvegen Forus nord;EV39 S1000D65 m24;2026-08-13T02:00+02:00;2026-08-13T03:00+02:00;2026-08-13;02:00;03:00;Totalt;0;100,0;1;1;0;0;100,00;-;-;-;-;-;-;-;-
99274B3204701;Sykkelstamvegen Forus nord;EV39 S1000D65 m24;2026-08-13T03:00+02:00;2026-08-13T04:00+02:00;2026-08-13;03:00;04:00;1;0;100,0;1;1;0;0;100,00;-;-;-;-;-;-;-;-
99274B3204701;Sykkelstamvegen Forus nord;EV39 S1000D65 m24;2026-08-13T03:00+02:00;2026-08-13T04:00+02:00;2026-08-13;03:00;04:00;2;0;100,0;1;1;0;0;100,00;-;-;-;-;-;-;-;-
99274B3204701;Sykkelstamvegen Forus nord;EV39 S1000D65 m24;2026-08-13T03:00+02:00;2026-08-13T04:00+02:00;2026-08-13;03:00;04:00;Totalt i retning Sandnes;0;100,0;1;1;0;0;100,00;-;-;-;-;-;-;-;-
99274B3204701;Sykkelstamvegen Forus nord;EV39 S1000D65 m24;2026-08-13T03:00+02:00;2026-08-13T04:00+02:00;2026-08-13;03:00;04:00;Totalt i retning Stavanger;0;100,0;1;1;0;0;100,00;-;-;-;-;-;-;-;-
99274B3204701;Sykkelstamvegen Forus nord;EV39 S1000D65 m24;2026-08-13T03:00+02:00;2026-08-13T04:00+02:00;2026-08-13;03:00;04:00;Totalt;0;100,0;1;1;0;0;100,00;-;-;-;-;-;-;-;-
99274B3204701;Sykkelstamvegen Forus nord;EV39 S1000D65 m24;2026-08-13T04:00+02:00;2026-08-13T05:00+02:00;2026-08-13;04:00;05:00;1;1;100,0;1;1;0;1;0,00;-;-;-;-;-;-;-;-
99274B3204701;Sykkelstamvegen Forus nord;EV39 S1000D65 m24;2026-08-13T04:00+02:00;2026-08-13T05:00+02:00;2026-08-13;04:00;05:00;2;2;100,0;1;1;0;2;0,00;-;-;-;-;-;-;-;-
99274B3204701;Sykkelstamvegen Forus nord;EV39 S1000D65 m24;2026-08-13T04:00+02:00;2026-08-13T05:00+02:00;2026-08-13;04:00;05:00;Totalt i retning Sandnes;1;100,0;1;1;0;1;0,00;-;-;-;-;-;-;-;-
99274B3204701;Sykkelstamvegen Forus nord;EV39 S1000D65 m24;2026-08-13T04:00+02:00;2026-08-13T05:00+02:00;2026-08-13;04:00;05:00;Totalt i retning Stavanger;2;100,0;1;1;0;2;0,00;-;-;-;-;-;-;-;-
99274B3204701;Sykkelstamvegen Forus nord;EV39 S1000D65 m24;2026-08-13T04:00+02:00;2026-08-13T05:00+02:00;2026-08-13;04:00;05:00;Totalt;3;100,0;1;1;0;3;0,00;-;-;-;-;-;-;-;-
99274B3204701;Sykkelstamvegen Forus nord;EV39 S1000D65 m24;2026-08-13T05:00+02:00;2026-08-13T06:00+02:00;2026-08-13;05:00;06:00;1;4;100,0;1;1;0;4;0,00;-;-;-;-;-;-;-;-
99274B3204701;Sykkelstamvegen Forus nord;EV39 S1000D65 m24;2026-08-13T05:00+02:00;2026-08-13T06:00+02:00;2026-08-13;05:00;06:00;2;9;100,0;1;1;0;9;0,00;-;-;-;-;-;-;-;-
99274B3204701;Sykkelstamvegen Forus nord;EV39 S1000D65 m24;2026-08-13T05:00+02:00;2026-08-13T06:00+02:00;2026-08-13;05:00;06:00;Totalt i retning Sandnes;3;100,0;1;1;0;3;0,00;-;-;-;-;-;-;-;-
99274B3204701;Sykkelstamvegen Forus nord;EV39 S1000D65 m24;2026-08-13T05:00+02:00;2026-08-13T06:00+02:00;2026-08-13;05:00;06:00;Totalt i retning Stavanger;10;100,0;1;1;0;10;0,00;-;-;-;-;-;-;-;-
99274B3204701;Sykkelstamvegen Forus nord;EV39 S1000D65 m24;2026-08-13T05:00+02:00;2026-08-13T06:00+02:00;2026-08-13;05:00;06:00;Totalt;13;100,0;1;1;0;13;0,00;-;-;-;-;-;-;-;-
99274B3204701;Sykkelstamvegen Forus nord;EV39 S1000D65 m24;2026-08-13T06:00+02:00;2026-08-13T07:00+02:00;2026-08-13;06:00;07:00;1;26;100,0;1;1;0;26;0,00;-;-;-;-;-;-;-;-
99274B3204701;Sykkelstamvegen Forus nord;EV39 S1000D65 m24;2026-08-13T06:00+02:00;2026-08-13T07:00+02:00;2026-08-13;06:00;07:00;2;65;100,0;1;1;0;65;0,00;-;-;-;-;-;-;-;-
99274B3204701;Sykkelstamvegen Forus nord;EV39 S1000D65 m24;2026-08-13T06:00+02:00;2026-08-13T07:00+02:00;2026-08-13;06:00;07:00;Totalt i retning Sandnes;24;100,0;1;1;0;24;0,00;-;-;-;-;-;-;-;-
99274B3204701;Sykkelstamvegen Forus nord;EV39 S1000D65 m24;2026-08-13T06:00+02:00;2026-08-13T07:00+02:00;2026-08-13;06:00;07:00;Totalt i retning Stavanger;67;100,0;1;1;0;67;0,00;-;-;-;-;-;-;-;-
99274B3204701;Sykkelstamvegen Forus nord;EV39 S1000D65 m24;2026-08-13T06:00+02:00;2026-08-13T07:00+02:00;2026-08-13;06:00;07:00;Totalt;91;100,0;1;1;0;91;0,00;-;-;-;-;-;-;-;-
99274B3204701;Sykkelstamvegen Forus nord;EV39 S1000D65 m24;2026-08-13T07:00+02:00;2026-08-13T08:00+02:00;2026-08-13;07:00;08:00;1;51;100,0;1;1;0;51;0,00;-;-;-;-;-;-;-;-
99274B3204701;Sykkelstamvegen Forus nord;EV39 S1000D65 m24;2026-08-13T07:00+02:00;2026-08-13T08:00+02:00;2026-08-13;07:00;08:00;2;84;100,0;1;1;0;84;0,00;-;-;-;-;-;-;-;-
99274B3204701;Sykkelstamvegen Forus nord;EV39 S1000D65 m24;2026-08-13T07:00+02:00;2026-08-13T08:00+02:00;2026-08-13;07:00;08:00;Totalt i retning Sandnes;53;100,0;1;1;0;53;0,00;-;-;-;-;-;-;-;-
99274B3204701;Sykkelstamvegen Forus nord;EV39 S1000D65 m24;2026-08-13T07:00+02:00;2026-08-13T08:00+02:00;2026-08-13;07:00;08:00;Totalt i retning Stavanger;82;100,0;1;1;0;82;0,00;-;-;-;-;-;-;-;-
99274B3204701;Sykkelstamvegen Forus nord;EV39 S1000D65 m24;2026-08-13T07:00+02:00;2026-08-13T08:00+02:00;2026-08-13;07:00;08:00;Totalt;135;100,0;1;1;0;135;0,00;-;-;-;-;-;-;-;-
99274B3204701;Sykkelstamvegen Forus nord;EV39 S1000D65 m24;2026-08-13T08:00+02:00;2026-08-13T09:00+02:00;2026-08-13;08:00;09:00;1;27;100,0;1;1;0;27;0,00;-;-;-;-;-;-;-;-
99274B3204701;Sykkelstamvegen Forus nord;EV39 S1000D65 m24;2026-08-13T08:00+02:00;2026-08-13T09:00+02:00;2026-08-13;08:00;09:00;2;48;100,0;1;1;0;48;0,00;-;-;-;-;-;-;-;-
99274B3204701;Sykkelstamvegen Forus nord;EV39 S1000D65 m24;2026-08-13T08:00+02:00;2026-08-13T09:00+02:00;2026-08-13;08:00;09:00;Totalt i retning Sandnes;27;100,0;1;1;0;27;0,00;-;-;-;-;-;-;-;-
99274B3204701;Sykkelstamvegen Forus nord;EV39 S1000D65 m24;2026-08-13T08:00+02:00;2026-08-13T09:00+02:00;2026-08-13;08:00;09:00;Totalt i retning Stavanger;48;100,0;1;1;0;48;0,00;-;-;-;-;-;-;-;-
99274B3204701;Sykkelstamvegen Forus nord;EV39 S1000D65 m24;2026-08-13T08:00+02:00;2026-08-13T09:00+02:00;2026-08-13;08:00;09:00;Totalt;75;100,0;1;1;0;75;0,00;-;-;-;-;-;-;-;-
99274B3204701;Sykkelstamvegen Forus nord;EV39 S1000D65 m24;2026-08-13T09:00+02:00;2026-08-13T10:00+02:00;2026-08-13;09:00;10:00;1;16;100,0;1;1;0;16;0,00;-;-;-;-;-;-;-;-
99274B3204701;Sykkelstamvegen Forus nord;EV39 S1000D65 m24;2026-08-13T09:00+02:00;2026-08-13T10:00+02:00;2026-08-13;09:00;10:00;2;17;100,0;1;1;0;17;0,00;-;-;-;-;-;-;-;-
99274B3204701;Sykkelstamvegen Forus nord;EV39 S1000D65 m24;2026-08-13T09:00+02:00;2026-08-13T10:00+02:00;2026-08-13;09:00;10:00;Totalt i retning Sandnes;16;100,0;1;1;0;16;0,00;-;-;-;-;-;-;-;-
99274B3204701;Sykkelstamvegen Forus nord;EV39 S1000D65 m24;2026-08-13T09:00+02:00;2026-08-13T10:00+02:00;2026-08-13;09:00;10:00;Totalt i retning Stavanger;17;100,0;1;1;0;17;0,00;-;-;-;-;-;-;-;-
99274B3204701;Sykkelstamvegen Forus nord;EV39 S1000D65 m24;2026-08-13T09:00+02:00;2026-08-13T10:00+02:00;2026-08-13;09:00;10:00;Totalt;33;100,0;1;1;0;33;0,00;-;-;-;-;-;-;-;-
99274B3204701;Sykkelstamvegen Forus nord;EV39 S1000D65 m24;2026-08-13T10:00+02:00;2026-08-13T11:00+02:00;2026-08-13;10:00;11:00;1;28;100,0;1;1;0;28;0,00;-;-;-;-;-;-;-;-
99274B3204701;Sykkelstamvegen Forus nord;EV39 S1000D65 m24;2026-08-13T10:00+02:00;2026-08-13T11:00+02:00;2026-08-13;10:00;11:00;2;14;100,0;1;1;0;14;0,00;-;-;-;-;-;-;-;-
99274B3204701;Sykkelstamvegen Forus nord;EV39 S1000D65 m24;2026-08-13T10:00+02:00;2026-08-13T11:00+02:00;2026-08-13;10:00;11:00;Totalt i retning Sandnes;28;100,0;1;1;0;28;0,00;-;-;-;-;-;-;-;-
99274B3204701;Sykkelstamvegen Forus nord;EV39 S1000D65 m24;2026-08-13T10:00+02:00;2026-08-13T11:00+02:00;2026-08-13;10:00;11:00;Totalt i retning Stavanger;14;100,0;1;1;0;14;0,00;-;-;-;-;-;-;-;-
99274B3204701;Sykkelstamvegen Forus nord;EV39 S1000D65 m24;2026-08-13T10:00+02:00;2026-08-13T11:00+02:00;2026-08-13;10:00;11:00;Totalt;42;100,0;1;1;0;42;0,00;-;-;-;-;-;-;-;-
99274B3204701;Sykkelstamvegen Forus nord;EV39 S1000D65 m24;2026-08-13T11:00+02:00;2026-08-13T12:00+02:00;2026-08-13;11:00;12:00;1;18;100,0;1;1;0;18;0,00;-;-;-;-;-;-;-;-
99274B3204701;Sykkelstamvegen Forus nord;EV39 S1000D65 m24;2026-08-13T11:00+02:00;2026-08-13T12:00+02:00;2026-08-13;11:00;12:00;2;17;100,0;1;1;0;17;0,00;-;-;-;-;-;-;-;-
99274B3204701;Sykkelstamvegen Forus nord;EV39 S1000D65 m24;2026-08-13T11:00+02:00;2026-08-13T12:00+02:00;2026-08-13;11:00;12:00;Totalt i retning Sandnes;17;100,0;1;1;0;17;0,00;-;-;-;-;-;-;-;-
99274B3204701;Sykkelstamvegen Forus nord;EV39 S1000D65 m24;2026-08-13T11:00+02:00;2026-08-13T12:00+02:00;2026-08-13;11:00;12:00;Totalt i retning Stavanger;18;100,0;1;1;0;18;0,00;-;-;-;-;-;-;-;-
99274B3204701;Sykkelstamvegen Forus nord;EV39 S1000D65 m24;2026-08-13T11:00+02:00;2026-08-13T12:00+02:00;2026-08-13;11:00;12:00;Totalt;35;100,0;1;1;0;35;0,00;-;-;-;-;-;-;-;-
99274B3204701;Sykkelstamvegen Forus nord;EV39 S1000D65 m24;2026-08-13T12:00+02:00;2026-08-13T13:00+02:00;2026-08-13;12:00;13:00;1;22;100,0;1;1;0;22;0,00;-;-;-;-;-;-;-;-
99274B3204701;Sykkelstamvegen Forus nord;EV39 S1000D65 m24;2026-08-13T12:00+02:00;2026-08-13T13:00+02:00;2026-08-13;12:00;13:00;2;21;100,0;1;1;0;21;0,00;-;-;-;-;-;-;-;-
99274B3204701;Sykkelstamvegen Forus nord;EV39 S1000D65 m24;2026-08-13T12:00+02:00;2026-08-13T13:00+02:00;2026-08-13;12:00;13:00;Totalt i retning Sandnes;24;100,0;1;1;0;24;0,00;-;-;-;-;-;-;-;-
99274B3204701;Sykkelstamvegen Forus nord;EV39 S1000D65 m24;2026-08-13T12:00+02:00;2026-08-13T13:00+02:00;2026-08-13;12:00;13:00;Totalt i retning Stavanger;19;100,0;1;1;0;19;0,00;-;-;-;-;-;-;-;-
99274B3204701;Sykkelstamvegen Forus nord;EV39 S1000D65 m24;2026-08-13T12:00+02:00;2026-08-13T13:00+02:00;2026-08-13;12:00;13:00;Totalt;43;100,0;1;1;0;43;0,00;-;-;-;-;-;-;-;-
99274B3204701;Sykkelstamvegen Forus nord;EV39 S1000D65 m24;2026-08-13T13:00+02:00;2026-08-13T14:00+02:00;2026-08-13;13:00;14:00;1;24;100,0;1;1;0;24;0,00;-;-;-;-;-;-;-;-
99274B3204701;Sykkelstamvegen Forus nord;EV39 S1000D65 m24;2026-08-13T13:00+02:00;2026-08-13T14:00+02:00;2026-08-13;13:00;14:00;2;20;100,0;1;1;0;20;0,00;-;-;-;-;-;-;-;-
99274B3204701;Sykkelstamvegen Forus nord;EV39 S1000D65 m24;2026-08-13T13:00+02:00;2026-08-13T14:00+02:00;2026-08-13;13:00;14:00;Totalt i retning Sandnes;25;100,0;1;1;0;25;0,00;-;-;-;-;-;-;-;-
99274B3204701;Sykkelstamvegen Forus nord;EV39 S1000D65 m24;2026-08-13T13:00+02:00;2026-08-13T14:00+02:00;2026-08-13;13:00;14:00;Totalt i retning Stavanger;19;100,0;1;1;0;19;0,00;-;-;-;-;-;-;-;-
99274B3204701;Sykkelstamvegen Forus nord;EV39 S1000D65 m24;2026-08-13T13:00+02:00;2026-08-13T14:00+02:00;2026-08-13;13:00;14:00;Totalt;44;100,0;1;1;0;44;0,00;-;-;-;-;-;-;-;-
99274B3204701;Sykkelstamvegen Forus nord;EV39 S1000D65 m24;2026-08-13T14:00+02:00;2026-08-13T15:00+02:00;2026-08-13;14:00;15:00;1;32;100,0;1;1;0;32;0,00;-;-;-;-;-;-;-;-
99274B3204701;Sykkelstamvegen Forus nord;EV39 S1000D65 m24;2026-08-13T14:00+02:00;2026-08-13T15:00+02:00;2026-08-13;14:00;15:00;2;24;100,0;1;1;0;24;0,00;-;-;-;-;-;-;-;-
99274B3204701;Sykkelstamvegen Forus nord;EV39 S1000D65 m24;2026-08-13T14:00+02:00;2026-08-13T15:00+02:00;2026-08-13;14:00;15:00;Totalt i retning Sandnes;32;100,0;1;1;0;32;0,00;-;-;-;-;-;-;-;-
99274B3204701;Sykkelstamvegen Forus nord;EV39 S1000D65 m24;2026-08-13T14:00+02:00;2026-08-13T15:00+02:00;2026-08-13;14:00;15:00;Totalt i retning Stavanger;24;100,0;1;1;0;24;0,00;-;-;-;-;-;-;-;-
99274B3204701;Sykkelstamvegen Forus nord;EV39 S1000D65 m24;2026-08-13T14:00+02:00;2026-08-13T15:00+02:00;2026-08-13;14:00;15:00;Totalt;56;100,0;1;1;0;56;0,00;-;-;-;-;-;-;-;-
99274B3204701;Sykkelstamvegen Forus nord;EV39 S1000D65 m24;2026-08-13T15:00+02:00;2026-08-13T16:00+02:00;2026-08-13;15:00;16:00;1;136;100,0;1;1;0;136;0,00;-;-;-;-;-;-;-;-
99274B3204701;Sykkelstamvegen Forus nord;EV39 S1000D65 m24;2026-08-13T15:00+02:00;2026-08-13T16:00+02:00;2026-08-13;15:00;16:00;2;62;100,0;1;1;0;62;0,00;-;-;-;-;-;-;-;-
99274B3204701;Sykkelstamvegen Forus nord;EV39 S1000D65 m24;2026-08-13T15:00+02:00;2026-08-13T16:00+02:00;2026-08-13;15:00;16:00;Totalt i retning Sandnes;139;100,0;1;1;0;139;0,00;-;-;-;-;-;-;-;-
99274B3204701;Sykkelstamvegen Forus nord;EV39 S1000D65 m24;2026-08-13T15:00+02:00;2026-08-13T16:00+02:00;2026-08-13;15:00;16:00;Totalt i retning Stavanger;59;100,0;1;1;0;59;0,00;-;-;-;-;-;-;-;-
99274B3204701;Sykkelstamvegen Forus nord;EV39 S1000D65 m24;2026-08-13T15:00+02:00;2026-08-13T16:00+02:00;2026-08-13;15:00;16:00;Totalt;198;100,0;1;1;0;198;0,00;-;-;-;-;-;-;-;-
99274B3204701;Sykkelstamvegen Forus nord;EV39 S1000D65 m24;2026-08-13T16:00+02:00;2026-08-13T17:00+02:00;2026-08-13;16:00;17:00;1;99;100,0;1;1;0;99;0,00;-;-;-;-;-;-;-;-
99274B3204701;Sykkelstamvegen Forus nord;EV39 S1000D65 m24;2026-08-13T16:00+02:00;2026-08-13T17:00+02:00;2026-08-13;16:00;17:00;2;43;100,0;1;1;0;43;0,00;-;-;-;-;-;-;-;-
99274B3204701;Sykkelstamvegen Forus nord;EV39 S1000D65 m24;2026-08-13T16:00+02:00;2026-08-13T17:00+02:00;2026-08-13;16:00;17:00;Totalt i retning Sandnes;103;100,0;1;1;0;103;0,00;-;-;-;-;-;-;-;-
99274B3204701;Sykkelstamvegen Forus nord;EV39 S1000D65 m24;2026-08-13T16:00+02:00;2026-08-13T17:00+02:00;2026-08-13;16:00;17:00;Totalt i retning Stavanger;39;100,0;1;1;0;39;0,00;-;-;-;-;-;-;-;-
99274B3204701;Sykkelstamvegen Forus nord;EV39 S1000D65 m24;2026-08-13T16:00+02:00;2026-08-13T17:00+02:00;2026-08-13;16:00;17:00;Totalt;142;100,0;1;1;0;142;0,00;-;-;-;-;-;-;-;-
99274B3204701;Sykkelstamvegen Forus nord;EV39 S1000D65 m24;2026-08-13T17:00+02:00;2026-08-13T18:00+02:00;2026-08-13;17:00;18:00;1;54;100,0;1;1;0;54;0,00;-;-;-;-;-;-;-;-
99274B3204701;Sykkelstamvegen Forus nord;EV39 S1000D65 m24;2026-08-13T17:00+02:00;2026-08-13T18:00+02:00;2026-08-13;17:00;18:00;2;38;100,0;1;1;0;38;0,00;-;-;-;-;-;-;-;-
99274B3204701;Sykkelstamvegen Forus nord;EV39 S1000D65 m24;2026-08-13T17:00+02:00;2026-08-13T18:00+02:00;2026-08-13;17:00;18:00;Totalt i retning Sandnes;54;100,0;1;1;0;54;0,00;-;-;-;-;-;-;-;-
99274B3204701;Sykkelstamvegen Forus nord;EV39 S1000D65 m24;2026-08-13T17:00+02:00;2026-08-13T18:00+02:00;2026-08-13;17:00;18:00;Totalt i retning Stavanger;38;100,0;1;1;0;38;0,00;-;-;-;-;-;-;-;-
99274B3204701;Sykkelstamvegen Forus nord;EV39 S1000D65 m24;2026-08-13T17:00+02:00;2026-08-13T18:00+02:00;2026-08-13;17:00;18:00;Totalt;92;100,0;1;1;0;92;0,00;-;-;-;-;-;-;-;-
99274B3204701;Sykkelstamvegen Forus nord;EV39 S1000D65 m24;2026-08-13T18:00+02:00;2026-08-13T19:00+02:00;2026-08-13;18:00;19:00;1;38;100,0;1;1;0;38;0,00;-;-;-;-;-;-;-;-
99274B3204701;Sykkelstamvegen Forus nord;EV39 S1000D65 m24;2026-08-13T18:00+02:00;2026-08-13T19:00+02:00;2026-08-13;18:00;19:00;2;25;100,0;1;1;0;25;0,00;-;-;-;-;-;-;-;-
99274B3204701;Sykkelstamvegen Forus nord;EV39 S1000D65 m24;2026-08-13T18:00+02:00;2026-08-13T19:00+02:00;2026-08-13;18:00;19:00;Totalt i retning Sandnes;40;100,0;1;1;0;40;0,00;-;-;-;-;-;-;-;-
99274B3204701;Sykkelstamvegen Forus nord;EV39 S1000D65 m24;2026-08-13T18:00+02:00;2026-08-13T19:00+02:00;2026-08-13;18:00;19:00;Totalt i retning Stavanger;23;100,0;1;1;0;23;0,00;-;-;-;-;-;-;-;-
99274B3204701;Sykkelstamvegen Forus nord;EV39 S1000D65 m24;2026-08-13T18:00+02:00;2026-08-13T19:00+02:00;2026-08-13;18:00;19:00;Totalt;63;100,0;1;1;0;63;0,00;-;-;-;-;-;-;-;-
99274B3204701;Sykkelstamvegen Forus nord;EV39 S1000D65 m24;2026-08-13T19:00+02:00;2026-08-13T20:00+02:00;2026-08-13;19:00;20:00;1;16;100,0;1;1;0;16;0,00;-;-;-;-;-;-;-;-
99274B3204701;Sykkelstamvegen Forus nord;EV39 S1000D65 m24;2026-08-13T19:00+02:00;2026-08-13T20:00+02:00;2026-08-13;19:00;20:00;2;14;100,0;1;1;0;14;0,00;-;-;-;-;-;-;-;-
99274B3204701;Sykkelstamvegen Forus nord;EV39 S1000D65 m24;2026-08-13T19:00+02:00;2026-08-13T20:00+02:00;2026-08-13;19:00;20:00;Totalt i retning Sandnes;16;100,0;1;1;0;16;0,00;-;-;-;-;-;-;-;-
99274B3204701;Sykkelstamvegen Forus nord;EV39 S1000D65 m24;2026-08-13T19:00+02:00;2026-08-13T20:00+02:00;2026-08-13;19:00;20:00;Totalt i retning Stavanger;14;100,0;1;1;0;14;0,00;-;-;-;-;-;-;-;-
99274B3204701;Sykkelstamvegen Forus nord;EV39 S1000D65 m24;2026-08-13T19:00+02:00;2026-08-13T20:00+02:00;2026-08-13;19:00;20:00;Totalt;30;100,0;1;1;0;30;0,00;-;-;-;-;-;-;-;-
99274B3204701;Sykkelstamvegen Forus nord;EV39 S1000D65 m24;2026-08-13T20:00+02:00;2026-08-13T21:00+02:00;2026-08-13;20:00;21:00;1;21;100,0;1;1;0;21;0,00;-;-;-;-;-;-;-;-
99274B3204701;Sykkelstamvegen Forus nord;EV39 S1000D65 m24;2026-08-13T20:00+02:00;2026-08-13T21:00+02:00;2026-08-13;20:00;21:00;2;10;100,0;1;1;0;10;0,00;-;-;-;-;-;-;-;-
99274B3204701;Sykkelstamvegen Forus nord;EV39 S1000D65 m24;2026-08-13T20:00+02:00;2026-08-13T21:00+02:00;2026-08-13;20:00;21:00;Totalt i retning Sandnes;22;100,0;1;1;0;22;0,00;-;-;-;-;-;-;-;-
99274B3204701;Sykkelstamvegen Forus nord;EV39 S1000D65 m24;2026-08-13T20:00+02:00;2026-08-13T21:00+02:00;2026-08-13;20:00;21:00;Totalt i retning Stavanger;9;100,0;1;1;0;9;0,00;-;-;-;-;-;-;-;-
99274B3204701;Sykkelstamvegen Forus nord;EV39 S1000D65 m24;2026-08-13T20:00+02:00;2026-08-13T21:00+02:00;2026-08-13;20:00;21:00;Totalt;31;100,0;1;1;0;31;0,00;-;-;-;-;-;-;-;-
99274B3204701;Sykkelstamvegen Forus nord;EV39 S1000D65 m24;2026-08-13T21:00+02:00;2026-08-13T22:00+02:00;2026-08-13;21:00;22:00;1;4;100,0;1;1;0;4;0,00;-;-;-;-;-;-;-;-
99274B3204701;Sykkelstamvegen Forus nord;EV39 S1000D65 m24;2026-08-13T21:00+02:00;2026-08-13T22:00+02:00;2026-08-13;21:00;22:00;2;13;100,0;1;1;0;13;0,00;-;-;-;-;-;-;-;-
99274B3204701;Sykkelstamvegen Forus nord;EV39 S1000D65 m24;2026-08-13T21:00+02:00;2026-08-13T22:00+02:00;2026-08-13;21:00;22:00;Totalt i retning Sandnes;4;100,0;1;1;0;4;0,00;-;-;-;-;-;-;-;-
99274B3204701;Sykkelstamvegen Forus nord;EV39 S1000D65 m24;2026-08-13T21:00+02:00;2026-08-13T22:00+02:00;2026-08-13;21:00;22:00;Totalt i retning Stavanger;13;100,0;1;1;0;13;0,00;-;-;-;-;-;-;-;-
99274B3204701;Sykkelstamvegen Forus nord;EV39 S1000D65 m24;2026-08-13T21:00+02:00;2026-08-13T22:00+02:00;2026-08-13;21:00;22:00;Totalt;17;100,0;1;1;0;17;0,00;-;-;-;-;-;-;-;-
99274B3204701;Sykkelstamvegen Forus nord;EV39 S1000D65 m24;2026-08-13T22:00+02:00;2026-08-13T23:00+02:00;2026-08-13;22:00;23:00;1;1;100,0;1;1;0;1;0,00;-;-;-;-;-;-;-;-
99274B3204701;Sykkelstamvegen Forus nord;EV39 S1000D65 m24;2026-08-13T22:00+02:00;2026-08-13T23:00+02:00;2026-08-13;22:00;23:00;2;4;100,0;1;1;0;4;0,00;-;-;-;-;-;-;-;-
99274B3204701;Sykkelstamvegen Forus nord;EV39 S1000D65 m24;2026-08-13T22:00+02:00;2026-08-13T23:00+02:00;2026-08-13;22:00;23:00;Totalt i retning Sandnes;1;100,0;1;1;0;1;0,00;-;-;-;-;-;-;-;-
99274B3204701;Sykkelstamvegen Forus nord;EV39 S1000D65 m24;2026-08-13T22:00+02:00;2026-08-13T23:00+02:00;2026-08-13;22:00;23:00;Totalt i retning Stavanger;4;100,0;1;1;0;4;0,00;-;-;-;-;-;-;-;-
99274B3204701;Sykkelstamvegen Forus nord;EV39 S1000D65 m24;2026-08-13T22:00+02:00;2026-08-13T23:00+02:00;2026-08-13;22:00;23:00;Totalt;5;100,0;1;1;0;5;0,00;-;-;-;-;-;-;-;-
99274B3204701;Sykkelstamvegen Forus nord;EV39 S1000D65 m24;2026-08-13T23:00+02:00;2026-08-14T00:00+02:00;2026-08-13;23:00;00:00;1;8;100,0;1;1;0;8;0,00;-;-;-;-;-;-;-;-
99274B3204701;Sykkelstamvegen Forus nord;EV39 S1000D65 m24;2026-08-13T23:00+02:00;2026-08-14T00:00+02:00;2026-08-13;23:00;00:00;2;5;100,0;1;1;0;5;0,00;-;-;-;-;-;-;-;-
99274B3204701;Sykkelstamvegen Forus nord;EV39 S1000D65 m24;2026-08-13T23:00+02:00;2026-08-14T00:00+02:00;2026-08-13;23:00;00:00;Totalt i retning Sandnes;11;100,0;1;1;0;11;0,00;-;-;-;-;-;-;-;-
99274B3204701;Sykkelstamvegen Forus nord;EV39 S1000D65 m24;2026-08-13T23:00+02:00;2026-08-14T00:00+02:00;2026-08-13;23:00;00:00;Totalt i retning Stavanger;2;100,0;1;1;0;2;0,00;-;-;-;-;-;-;-;-
99274B3204701;Sykkelstamvegen Forus nord;EV39 S1000D65 m24;2026-08-13T23:00+02:00;2026-08-14T00:00+02:00;2026-08-13;23:00;00:00;Totalt;13;100,0;1;1;0;13;0,00;-;-;-;-;-;-;-;-
99274B3204701;Sykkelstamvegen Forus nord;EV39 S1000D65 m24;2026-08-14T00:00+02:00;2026-08-14T01:00+02:00;2026-08-14;00:00;01:00;1;3;100,0;1;1;0;3;0,00;-;-;-;-;-;-;-;-
99274B3204701;Sykkelstamvegen Forus nord;EV39 S1000D65 m24;2026-08-14T00:00+02:00;2026-08-14T01:00+02:00;2026-08-14;00:00;01:00;2;0;100,0;1;1;0;0;100,00;-;-;-;-;-;-;-;-
99274B3204701;Sykkelstamvegen Forus nord;EV39 S1000D65 m24;2026-08-14T00:00+02:00;2026-08-14T01:00+02:00;2026-08-14;00:00;01:00;Totalt i retning Sandnes;3;100,0;1;1;0;3;0,00;-;-;-;-;-;-;-;-
99274B3204701;Sykkelstamvegen Forus nord;EV39 S1000D65 m24;2026-08-14T00:00+02:00;2026-08-14T01:00+02:00;2026-08-14;00:00;01:00;Totalt i retning Stavanger;0;100,0;1;1;0;0;100,00;-;-;-;-;-;-;-;-
99274B3204701;Sykkelstamvegen Forus nord;EV39 S1000D65 m24;2026-08-14T00:00+02:00;2026-08-14T01:00+02:00;2026-08-14;00:00;01:00;Totalt;3;100,0;1;1;0;3;0,00;-;-;-;-;-;-;-;-
99274B3204701;Sykkelstamvegen Forus nord;EV39 S1000D65 m24;2026-08-14T01:00+02:00;2026-08-14T02:00+02:00;2026-08-14;01:00;02:00;1;0;100,0;1;1;0;0;100,00;-;-;-;-;-;-;-;-
99274B3204701;Sykkelstamvegen Forus nord;EV39 S1000D65 m24;2026-08-14T01:00+02:00;2026-08-14T02:00+02:00;2026-08-14;01:00;02:00;2;0;100,0;1;1;0;0;100,00;-;-;-;-;-;-;-;-
99274B3204701;Sykkelstamvegen Forus nord;EV39 S1000D65 m24;2026-08-14T01:00+02:00;2026-08-14T02:00+02:00;2026-08-14;01:00;02:00;Totalt i retning Sandnes;0;100,0;1;1;0;0;100,00;-;-;-;-;-;-;-;-
99274B3204701;Sykkelstamvegen Forus nord;EV39 S1000D65 m24;2026-08-14T01:00+02:00;2026-08-14T02:00+02:00;2026-08-14;01:00;02:00;Totalt i retning Stavanger;0;100,0;1;1;0;0;100,00;-;-;-;-;-;-;-;-
99274B3204701;Sykkelstamvegen Forus nord;EV39 S1000D65 m24;2026-08-14T01:00+02:00;2026-08-14T02:00+02:00;2026-08-14;01:00;02:00;Totalt;0;100,0;1;1;0;0;100,00;-;-;-;-;-;-;-;-
99274B3204701;Sykkelstamvegen Forus nord;EV39 S1000D65 m24;2026-08-14T02:00+02:00;2026-08-14T03:00+02:00;2026-08-14;02:00;03:00;1;0;100,0;1;1;0;0;100,00;-;-;-;-;-;-;-;-
99274B3204701;Sykkelstamvegen Forus nord;EV39 S1000D65 m24;2026-08-14T02:00+02:00;2026-08-14T03:00+02:00;2026-08-14;02:00;03:00;2;0;100,0;1;1;0;0;100,00;-;-;-;-;-;-;-;-
99274B3204701;Sykkelstamvegen Forus nord;EV39 S1000D65 m24;2026-08-14T02:00+02:00;2026-08-14T03:00+02:00;2026-08-14;02:00;03:00;Totalt i retning Sandnes;0;100,0;1;1;0;0;100,00;-;-;-;-;-;-;-;-
99274B3204701;Sykkelstamvegen Forus nord;EV39 S1000D65 m24;2026-08-14T02:00+02:00;2026-08-14T03:00+02:00;2026-08-14;02:00;03:00;Totalt i retning Stavanger;0;100,0;1;1;0;0;100,00;-;-;-;-;-;-;-;-
99274B3204701;Sykkelstamvegen Forus nord;EV39 S1000D65 m24;2026-08-14T02:00+02:00;2026-08-14T03:00+02:00;2026-08-14;02:00;03:00;Totalt;0;100,0;1;1;0;0;100,00;-;-;-;-;-;-;-;-
99274B3204701;Sykkelstamvegen Forus nord;EV39 S1000D65 m24;2026-08-14T03:00+02:00;2026-08-14T04:00+02:00;2026-08-14;03:00;04:00;1;0;100,0;1;1;0;0;100,00;-;-;-;-;-;-;-;-
99274B3204701;Sykkelstamvegen Forus nord;EV39 S1000D65 m24;2026-08-14T03:00+02:00;2026-08-14T04:00+02:00;2026-08-14;03:00;04:00;2;3;100,0;1;1;0;3;0,00;-;-;-;-;-;-;-;-
99274B3204701;Sykkelstamvegen Forus nord;EV39 S1000D65 m24;2026-08-14T03:00+02:00;2026-08-14T04:00+02:00;2026-08-14;03:00;04:00;Totalt i retning Sandnes;0;100,0;1;1;0;0;100,00;-;-;-;-;-;-;-;-
99274B3204701;Sykkelstamvegen Forus nord;EV39 S1000D65 m24;2026-08-14T03:00+02:00;2026-08-14T04:00+02:00;2026-08-14;03:00;04:00;Totalt i retning Stavanger;3;100,0;1;1;0;3;0,00;-;-;-;-;-;-;-;-
99274B3204701;Sykkelstamvegen Forus nord;EV39 S1000D65 m24;2026-08-14T03:00+02:00;2026-08-14T04:00+02:00;2026-08-14;03:00;04:00;Totalt;3;100,0;1;1;0;3;0,00;-;-;-;-;-;-;-;-
99274B3204701;Sykkelstamvegen Forus nord;EV39 S1000D65 m24;2026-08-14T04:00+02:00;2026-08-14T05:00+02:00;2026-08-14;04:00;05:00;1;1;100,0;1;1;0;1;0,00;-;-;-;-;-;-;-;-
99274B3204701;Sykkelstamvegen Forus nord;EV39 S1000D65 m24;2026-08-14T04:00+02:00;2026-08-14T05:00+02:00;2026-08-14;04:00;05:00;2;2;100,0;1;1;0;2;0,00;-;-;-;-;-;-;-;-
99274B3204701;Sykkelstamvegen Forus nord;EV39 S1000D65 m24;2026-08-14T04:00+02:00;2026-08-14T05:00+02:00;2026-08-14;04:00;05:00;Totalt i retning Sandnes;1;100,0;1;1;0;1;0,00;-;-;-;-;-;-;-;-
99274B3204701;Sykkelstamvegen Forus nord;EV39 S1000D65 m24;2026-08-14T04:00+02:00;2026-08-14T05:00+02:00;2026-08-14;04:00;05:00;Totalt i retning Stavanger;2;100,0;1;1;0;2;0,00;-;-;-;-;-;-;-;-
99274B3204701;Sykkelstamvegen Forus nord;EV39 S1000D65 m24;2026-08-14T04:00+02:00;2026-08-14T05:00+02:00;2026-08-14;04:00;05:00;Totalt;3;100,0;1;1;0;3;0,00;-;-;-;-;-;-;-;-
99274B3204701;Sykkelstamvegen Forus nord;EV39 S1000D65 m24;2026-08-14T05:00+02:00;2026-08-14T06:00+02:00;2026-08-14;05:00;06:00;1;2;100,0;1;1;0;2;0,00;-;-;-;-;-;-;-;-
99274B3204701;Sykkelstamvegen Forus nord;EV39 S1000D65 m24;2026-08-14T05:00+02:00;2026-08-14T06:00+02:00;2026-08-14;05:00;06:00;2;14;100,0;1;1;0;14;0,00;-;-;-;-;-;-;-;-
99274B3204701;Sykkelstamvegen Forus nord;EV39 S1000D65 m24;2026-08-14T05:00+02:00;2026-08-14T06:00+02:00;2026-08-14;05:00;06:00;Totalt i retning Sandnes;2;100,0;1;1;0;2;0,00;-;-;-;-;-;-;-;-
99274B3204701;Sykkelstamvegen Forus nord;EV39 S1000D65 m24;2026-08-14T05:00+02:00;2026-08-14T06:00+02:00;2026-08-14;05:00;06:00;Totalt i retning Stavanger;14;100,0;1;1;0;14;0,00;-;-;-;-;-;-;-;-
99274B3204701;Sykkelstamvegen Forus nord;EV39 S1000D65 m24;2026-08-14T05:00+02:00;2026-08-14T06:00+02:00;2026-08-14;05:00;06:00;Totalt;16;100,0;1;1;0;16;0,00;-;-;-;-;-;-;-;-
99274B3204701;Sykkelstamvegen Forus nord;EV39 S1000D65 m24;2026-08-14T06:00+02:00;2026-08-14T07:00+02:00;2026-08-14;06:00;07:00;1;21;100,0;1;1;0;21;0,00;-;-;-;-;-;-;-;-
99274B3204701;Sykkelstamvegen Forus nord;EV39 S1000D65 m24;2026-08-14T06:00+02:00;2026-08-14T07:00+02:00;2026-08-14;06:00;07:00;2;47;100,0;1;1;0;47;0,00;-;-;-;-;-;-;-;-
99274B3204701;Sykkelstamvegen Forus nord;EV39 S1000D65 m24;2026-08-14T06:00+02:00;2026-08-14T07:00+02:00;2026-08-14;06:00;07:00;Totalt i retning Sandnes;21;100,0;1;1;0;21;0,00;-;-;-;-;-;-;-;-
99274B3204701;Sykkelstamvegen Forus nord;EV39 S1000D65 m24;2026-08-14T06:00+02:00;2026-08-14T07:00+02:00;2026-08-14;06:00;07:00;Totalt i retning Stavanger;47;100,0;1;1;0;47;0,00;-;-;-;-;-;-;-;-
99274B3204701;Sykkelstamvegen Forus nord;EV39 S1000D65 m24;2026-08-14T06:00+02:00;2026-08-14T07:00+02:00;2026-08-14;06:00;07:00;Totalt;68;100,0;1;1;0;68;0,00;-;-;-;-;-;-;-;-
99274B3204701;Sykkelstamvegen Forus nord;EV39 S1000D65 m24;2026-08-14T07:00+02:00;2026-08-14T08:00+02:00;2026-08-14;07:00;08:00;1;27;100,0;1;1;0;27;0,00;-;-;-;-;-;-;-;-
99274B3204701;Sykkelstamvegen Forus nord;EV39 S1000D65 m24;2026-08-14T07:00+02:00;2026-08-14T08:00+02:00;2026-08-14;07:00;08:00;2;63;100,0;1;1;0;63;0,00;-;-;-;-;-;-;-;-
99274B3204701;Sykkelstamvegen Forus nord;EV39 S1000D65 m24;2026-08-14T07:00+02:00;2026-08-14T08:00+02:00;2026-08-14;07:00;08:00;Totalt i retning Sandnes;26;100,0;1;1;0;26;0,00;-;-;-;-;-;-;-;-
99274B3204701;Sykkelstamvegen Forus nord;EV39 S1000D65 m24;2026-08-14T07:00+02:00;2026-08-14T08:00+02:00;2026-08-14;07:00;08:00;Totalt i retning Stavanger;64;100,0;1;1;0;64;0,00;-;-;-;-;-;-;-;-
99274B3204701;Sykkelstamvegen Forus nord;EV39 S1000D65 m24;2026-08-14T07:00+02:00;2026-08-14T08:00+02:00;2026-08-14;07:00;08:00;Totalt;90;100,0;1;1;0;90;0,00;-;-;-;-;-;-;-;-
99274B3204701;Sykkelstamvegen Forus nord;EV39 S1000D65 m24;2026-08-14T08:00+02:00;2026-08-14T09:00+02:00;2026-08-14;08:00;09:00;1;16;100,0;1;1;0;16;0,00;-;-;-;-;-;-;-;-
99274B3204701;Sykkelstamvegen Forus nord;EV39 S1000D65 m24;2026-08-14T08:00+02:00;2026-08-14T09:00+02:00;2026-08-14;08:00;09:00;2;39;100,0;1;1;0;39;0,00;-;-;-;-;-;-;-;-
99274B3204701;Sykkelstamvegen Forus nord;EV39 S1000D65 m24;2026-08-14T08:00+02:00;2026-08-14T09:00+02:00;2026-08-14;08:00;09:00;Totalt i retning Sandnes;16;100,0;1;1;0;16;0,00;-;-;-;-;-;-;-;-
99274B3204701;Sykkelstamvegen Forus nord;EV39 S1000D65 m24;2026-08-14T08:00+02:00;2026-08-14T09:00+02:00;2026-08-14;08:00;09:00;Totalt i retning Stavanger;39;100,0;1;1;0;39;0,00;-;-;-;-;-;-;-;-
99274B3204701;Sykkelstamvegen Forus nord;EV39 S1000D65 m24;2026-08-14T08:00+02:00;2026-08-14T09:00+02:00;2026-08-14;08:00;09:00;Totalt;55;100,0;1;1;0;55;0,00;-;-;-;-;-;-;-;-
99274B3204701;Sykkelstamvegen Forus nord;EV39 S1000D65 m24;2026-08-14T09:00+02:00;2026-08-14T10:00+02:00;2026-08-14;09:00;10:00;1;12;100,0;1;1;0;12;0,00;-;-;-;-;-;-;-;-
99274B3204701;Sykkelstamvegen Forus nord;EV39 S1000D65 m24;2026-08-14T09:00+02:00;2026-08-14T10:00+02:00;2026-08-14;09:00;10:00;2;8;100,0;1;1;0;8;0,00;-;-;-;-;-;-;-;-
99274B3204701;Sykkelstamvegen Forus nord;EV39 S1000D65 m24;2026-08-14T09:00+02:00;2026-08-14T10:00+02:00;2026-08-14;09:00;10:00;Totalt i retning Sandnes;12;100,0;1;1;0;12;0,00;-;-;-;-;-;-;-;-
99274B3204701;Sykkelstamvegen Forus nord;EV39 S1000D65 m24;2026-08-14T09:00+02:00;2026-08-14T10:00+02:00;2026-08-14;09:00;10:00;Totalt i retning Stavanger;8;100,0;1;1;0;8;0,00;-;-;-;-;-;-;-;-
99274B3204701;Sykkelstamvegen Forus nord;EV39 S1000D65 m24;2026-08-14T09:00+02:00;2026-08-14T10:00+02:00;2026-08-14;09:00;10:00;Totalt;20;100,0;1;1;0;20;0,00;-;-;-;-;-;-;-;-
99274B3204701;Sykkelstamvegen Forus nord;EV39 S1000D65 m24;2026-08-14T10:00+02:00;2026-08-14T11:00+02:00;2026-08-14;10:00;11:00;1;17;100,0;1;1;0;17;0,00;-;-;-;-;-;-;-;-
99274B3204701;Sykkelstamvegen Forus nord;EV39 S1000D65 m24;2026-08-14T10:00+02:00;2026-08-14T11:00+02:00;2026-08-14;10:00;11:00;2;18;100,0;1;1;0;18;0,00;-;-;-;-;-;-;-;-
99274B3204701;Sykkelstamvegen Forus nord;EV39 S1000D65 m24;2026-08-14T10:00+02:00;2026-08-14T11:00+02:00;2026-08-14;10:00;11:00;Totalt i retning Sandnes;18;100,0;1;1;0;18;0,00;-;-;-;-;-;-;-;-
99274B3204701;Sykkelstamvegen Forus nord;EV39 S1000D65 m24;2026-08-14T10:00+02:00;2026-08-14T11:00+02:00;2026-08-14;10:00;11:00;Totalt i retning Stavanger;17;100,0;1;1;0;17;0,00;-;-;-;-;-;-;-;-
99274B3204701;Sykkelstamvegen Forus nord;EV39 S1000D65 m24;2026-08-14T10:00+02:00;2026-08-14T11:00+02:00;2026-08-14;10:00;11:00;Totalt;35;100,0;1;1;0;35;0,00;-;-;-;-;-;-;-;-
99274B3204701;Sykkelstamvegen Forus nord;EV39 S1000D65 m24;2026-08-14T11:00+02:00;2026-08-14T12:00+02:00;2026-08-14;11:00;12:00;1;25;100,0;1;1;0;25;0,00;-;-;-;-;-;-;-;-
99274B3204701;Sykkelstamvegen Forus nord;EV39 S1000D65 m24;2026-08-14T11:00+02:00;2026-08-14T12:00+02:00;2026-08-14;11:00;12:00;2;25;100,0;1;1;0;25;0,00;-;-;-;-;-;-;-;-
99274B3204701;Sykkelstamvegen Forus nord;EV39 S1000D65 m24;2026-08-14T11:00+02:00;2026-08-14T12:00+02:00;2026-08-14;11:00;12:00;Totalt i retning Sandnes;25;100,0;1;1;0;25;0,00;-;-;-;-;-;-;-;-
99274B3204701;Sykkelstamvegen Forus nord;EV39 S1000D65 m24;2026-08-14T11:00+02:00;2026-08-14T12:00+02:00;2026-08-14;11:00;12:00;Totalt i retning Stavanger;25;100,0;1;1;0;25;0,00;-;-;-;-;-;-;-;-
99274B3204701;Sykkelstamvegen Forus nord;EV39 S1000D65 m24;2026-08-14T11:00+02:00;2026-08-14T12:00+02:00;2026-08-14;11:00;12:00;Totalt;50;100,0;1;1;0;50;0,00;-;-;-;-;-;-;-;-
99274B3204701;Sykkelstamvegen Forus nord;EV39 S1000D65 m24;2026-08-14T12:00+02:00;2026-08-14T13:00+02:00;2026-08-14;12:00;13:00;1;27;100,0;1;1;0;27;0,00;-;-;-;-;-;-;-;-
99274B3204701;Sykkelstamvegen Forus nord;EV39 S1000D65 m24;2026-08-14T12:00+02:00;2026-08-14T13:00+02:00;2026-08-14;12:00;13:00;2;25;100,0;1;1;0;25;0,00;-;-;-;-;-;-;-;-
99274B3204701;Sykkelstamvegen Forus nord;EV39 S1000D65 m24;2026-08-14T12:00+02:00;2026-08-14T13:00+02:00;2026-08-14;12:00;13:00;Totalt i retning Sandnes;26;100,0;1;1;0;26;0,00;-;-;-;-;-;-;-;-
99274B3204701;Sykkelstamvegen Forus nord;EV39 S1000D65 m24;2026-08-14T12:00+02:00;2026-08-14T13:00+02:00;2026-08-14;12:00;13:00;Totalt i retning Stavanger;26;100,0;1;1;0;26;0,00;-;-;-;-;-;-;-;-
99274B3204701;Sykkelstamvegen Forus nord;EV39 S1000D65 m24;2026-08-14T12:00+02:00;2026-08-14T13:00+02:00;2026-08-14;12:00;13:00;Totalt;52;100,0;1;1;0;52;0,00;-;-;-;-;-;-;-;-
99274B3204701;Sykkelstamvegen Forus nord;EV39 S1000D65 m24;2026-08-14T13:00+02:00;2026-08-14T14:00+02:00;2026-08-14;13:00;14:00;1;31;100,0;1;1;0;31;0,00;-;-;-;-;-;-;-;-
99274B3204701;Sykkelstamvegen Forus nord;EV39 S1000D65 m24;2026-08-14T13:00+02:00;2026-08-14T14:00+02:00;2026-08-14;13:00;14:00;2;28;100,0;1;1;0;28;0,00;-;-;-;-;-;-;-;-
99274B3204701;Sykkelstamvegen Forus nord;EV39 S1000D65 m24;2026-08-14T13:00+02:00;2026-08-14T14:00+02:00;2026-08-14;13:00;14:00;Totalt i retning Sandnes;31;100,0;1;1;0;31;0,00;-;-;-;-;-;-;-;-
99274B3204701;Sykkelstamvegen Forus nord;EV39 S1000D65 m24;2026-08-14T13:00+02:00;2026-08-14T14:00+02:00;2026-08-14;13:00;14:00;Totalt i retning Stavanger;28;100,0;1;1;0;28;0,00;-;-;-;-;-;-;-;-
99274B3204701;Sykkelstamvegen Forus nord;EV39 S1000D65 m24;2026-08-14T13:00+02:00;2026-08-14T14:00+02:00;2026-08-14;13:00;14:00;Totalt;59;100,0;1;1;0;59;0,00;-;-;-;-;-;-;-;-
99274B3204701;Sykkelstamvegen Forus nord;EV39 S1000D65 m24;2026-08-14T14:00+02:00;2026-08-14T15:00+02:00;2026-08-14;14:00;15:00;1;46;100,0;1;1;0;46;0,00;-;-;-;-;-;-;-;-
99274B3204701;Sykkelstamvegen Forus nord;EV39 S1000D65 m24;2026-08-14T14:00+02:00;2026-08-14T15:00+02:00;2026-08-14;14:00;15:00;2;31;100,0;1;1;0;31;0,00;-;-;-;-;-;-;-;-
99274B3204701;Sykkelstamvegen Forus nord;EV39 S1000D65 m24;2026-08-14T14:00+02:00;2026-08-14T15:00+02:00;2026-08-14;14:00;15:00;Totalt i retning Sandnes;48;100,0;1;1;0;48;0,00;-;-;-;-;-;-;-;-
99274B3204701;Sykkelstamvegen Forus nord;EV39 S1000D65 m24;2026-08-14T14:00+02:00;2026-08-14T15:00+02:00;2026-08-14;14:00;15:00;Totalt i retning Stavanger;29;100,0;1;1;0;29;0,00;-;-;-;-;-;-;-;-
99274B3204701;Sykkelstamvegen Forus nord;EV39 S1000D65 m24;2026-08-14T14:00+02:00;2026-08-14T15:00+02:00;2026-08-14;14:00;15:00;Totalt;77;100,0;1;1;0;77;0,00;-;-;-;-;-;-;-;-
99274B3204701;Sykkelstamvegen Forus nord;EV39 S1000D65 m24;2026-08-14T15:00+02:00;2026-08-14T16:00+02:00;2026-08-14;15:00;16:00;1;70;100,0;1;1;0;70;0,00;-;-;-;-;-;-;-;-
99274B3204701;Sykkelstamvegen Forus nord;EV39 S1000D65 m24;2026-08-14T15:00+02:00;2026-08-14T16:00+02:00;2026-08-14;15:00;16:00;2;33;100,0;1;1;0;33;0,00;-;-;-;-;-;-;-;-
99274B3204701;Sykkelstamvegen Forus nord;EV39 S1000D65 m24;2026-08-14T15:00+02:00;2026-08-14T16:00+02:00;2026-08-14;15:00;16:00;Totalt i retning Sandnes;72;100,0;1;1;0;72;0,00;-;-;-;-;-;-;-;-
99274B3204701;Sykkelstamvegen Forus nord;EV39 S1000D65 m24;2026-08-14T15:00+02:00;2026-08-14T16:00+02:00;2026-08-14;15:00;16:00;Totalt i retning Stavanger;31;100,0;1;1;0;31;0,00;-;-;-;-;-;-;-;-
99274B3204701;Sykkelstamvegen Forus nord;EV39 S1000D65 m24;2026-08-14T15:00+02:00;2026-08-14T16:00+02:00;2026-08-14;15:00;16:00;Totalt;103;100,0;1;1;0;103;0,00;-;-;-;-;-;-;-;-
99274B3204701;Sykkelstamvegen Forus nord;EV39 S1000D65 m24;2026-08-14T16:00+02:00;2026-08-14T17:00+02:00;2026-08-14;16:00;17:00;1;61;100,0;1;1;0;61;0,00;-;-;-;-;-;-;-;-
99274B3204701;Sykkelstamvegen Forus nord;EV39 S1000D65 m24;2026-08-14T16:00+02:00;2026-08-14T17:00+02:00;2026-08-14;16:00;17:00;2;24;100,0;1;1;0;24;0,00;-;-;-;-;-;-;-;-
99274B3204701;Sykkelstamvegen Forus nord;EV39 S1000D65 m24;2026-08-14T16:00+02:00;2026-08-14T17:00+02:00;2026-08-14;16:00;17:00;Totalt i retning Sandnes;61;100,0;1;1;0;61;0,00;-;-;-;-;-;-;-;-
99274B3204701;Sykkelstamvegen Forus nord;EV39 S1000D65 m24;2026-08-14T16:00+02:00;2026-08-14T17:00+02:00;2026-08-14;16:00;17:00;Totalt i retning Stavanger;24;100,0;1;1;0;24;0,00;-;-;-;-;-;-;-;-
99274B3204701;Sykkelstamvegen Forus nord;EV39 S1000D65 m24;2026-08-14T16:00+02:00;2026-08-14T17:00+02:00;2026-08-14;16:00;17:00;Totalt;85;100,0;1;1;0;85;0,00;-;-;-;-;-;-;-;-
99274B3204701;Sykkelstamvegen Forus nord;EV39 S1000D65 m24;2026-08-14T17:00+02:00;2026-08-14T18:00+02:00;2026-08-14;17:00;18:00;1;27;100,0;1;1;0;27;0,00;-;-;-;-;-;-;-;-
99274B3204701;Sykkelstamvegen Forus nord;EV39 S1000D65 m24;2026-08-14T17:00+02:00;2026-08-14T18:00+02:00;2026-08-14;17:00;18:00;2;7;100,0;1;1;0;7;0,00;-;-;-;-;-;-;-;-
99274B3204701;Sykkelstamvegen Forus nord;EV39 S1000D65 m24;2026-08-14T17:00+02:00;2026-08-14T18:00+02:00;2026-08-14;17:00;18:00;Totalt i retning Sandnes;27;100,0;1;1;0;27;0,00;-;-;-;-;-;-;-;-
99274B3204701;Sykkelstamvegen Forus nord;EV39 S1000D65 m24;2026-08-14T17:00+02:00;2026-08-14T18:00+02:00;2026-08-14;17:00;18:00;Totalt i retning Stavanger;7;100,0;1;1;0;7;0,00;-;-;-;-;-;-;-;-
99274B3204701;Sykkelstamvegen Forus nord;EV39 S1000D65 m24;2026-08-14T17:00+02:00;2026-08-14T18:00+02:00;2026-08-14;17:00;18:00;Totalt;34;100,0;1;1;0;34;0,00;-;-;-;-;-;-;-;-
99274B3204701;Sykkelstamvegen Forus nord;EV39 S1000D65 m24;2026-08-14T18:00+02:00;2026-08-14T19:00+02:00;2026-08-14;18:00;19:00;1;23;100,0;1;1;0;23;0,00;-;-;-;-;-;-;-;-
99274B3204701;Sykkelstamvegen Forus nord;EV39 S1000D65 m24;2026-08-14T18:00+02:00;2026-08-14T19:00+02:00;2026-08-14;18:00;19:00;2;9;100,0;1;1;0;9;0,00;-;-;-;-;-;-;-;-
99274B3204701;Sykkelstamvegen Forus nord;EV39 S1000D65 m24;2026-08-14T18:00+02:00;2026-08-14T19:00+02:00;2026-08-14;18:00;19:00;Totalt i retning Sandnes;22;100,0;1;1;0;22;0,00;-;-;-;-;-;-;-;-
99274B3204701;Sykkelstamvegen Forus nord;EV39 S1000D65 m24;2026-08-14T18:00+02:00;2026-08-14T19:00+02:00;2026-08-14;18:00;19:00;Totalt i retning Stavanger;10;100,0;1;1;0;10;0,00;-;-;-;-;-;-;-;-
99274B3204701;Sykkelstamvegen Forus nord;EV39 S1000D65 m24;2026-08-14T18:00+02:00;2026-08-14T19:00+02:00;2026-08-14;18:00;19:00;Totalt;32;100,0;1;1;0;32;0,00;-;-;-;-;-;-;-;-
99274B3204701;Sykkelstamvegen Forus nord;EV39 S1000D65 m24;2026-08-14T19:00+02:00;2026-08-14T20:00+02:00;2026-08-14;19:00;20:00;1;17;100,0;1;1;0;17;0,00;-;-;-;-;-;-;-;-
99274B3204701;Sykkelstamvegen Forus nord;EV39 S1000D65 m24;2026-08-14T19:00+02:00;2026-08-14T20:00+02:00;2026-08-14;19:00;20:00;2;15;100,0;1;1;0;15;0,00;-;-;-;-;-;-;-;-
99274B3204701;Sykkelstamvegen Forus nord;EV39 S1000D65 m24;2026-08-14T19:00+02:00;2026-08-14T20:00+02:00;2026-08-14;19:00;20:00;Totalt i retning Sandnes;17;100,0;1;1;0;17;0,00;-;-;-;-;-;-;-;-
99274B3204701;Sykkelstamvegen Forus nord;EV39 S1000D65 m24;2026-08-14T19:00+02:00;2026-08-14T20:00+02:00;2026-08-14;19:00;20:00;Totalt i retning Stavanger;15;100,0;1;1;0;15;0,00;-;-;-;-;-;-;-;-
99274B3204701;Sykkelstamvegen Forus nord;EV39 S1000D65 m24;2026-08-14T19:00+02:00;2026-08-14T20:00+02:00;2026-08-14;19:00;20:00;Totalt;32;100,0;1;1;0;32;0,00;-;-;-;-;-;-;-;-
99274B3204701;Sykkelstamvegen Forus nord;EV39 S1000D65 m24;2026-08-14T20:00+02:00;2026-08-14T21:00+02:00;2026-08-14;20:00;21:00;1;11;100,0;1;1;0;11;0,00;-;-;-;-;-;-;-;-
99274B3204701;Sykkelstamvegen Forus nord;EV39 S1000D65 m24;2026-08-14T20:00+02:00;2026-08-14T21:00+02:00;2026-08-14;20:00;21:00;2;7;100,0;1;1;0;7;0,00;-;-;-;-;-;-;-;-
99274B3204701;Sykkelstamvegen Forus nord;EV39 S1000D65 m24;2026-08-14T20:00+02:00;2026-08-14T21:00+02:00;2026-08-14;20:00;21:00;Totalt i retning Sandnes;9;100,0;1;1;0;9;0,00;-;-;-;-;-;-;-;-
99274B3204701;Sykkelstamvegen Forus nord;EV39 S1000D65 m24;2026-08-14T20:00+02:00;2026-08-14T21:00+02:00;2026-08-14;20:00;21:00;Totalt i retning Stavanger;9;100,0;1;1;0;9;0,00;-;-;-;-;-;-;-;-
99274B3204701;Sykkelstamvegen Forus nord;EV39 S1000D65 m24;2026-08-14T20:00+02:00;2026-08-14T21:00+02:00;2026-08-14;20:00;21:00;Totalt;18;100,0;1;1;0;18;0,00;-;-;-;-;-;-;-;-
99274B3204701;Sykkelstamvegen Forus nord;EV39 S1000D65 m24;2026-08-14T21:00+02:00;2026-08-14T22:00+02:00;2026-08-14;21:00;22:00;1;7;100,0;1;1;0;7;0,00;-;-;-;-;-;-;-;-
99274B3204701;Sykkelstamvegen Forus nord;EV39 S1000D65 m24;2026-08-14T21:00+02:00;2026-08-14T22:00+02:00;2026-08-14;21:00;22:00;2;6;100,0;1;1;0;6;0,00;-;-;-;-;-;-;-;-
99274B3204701;Sykkelstamvegen Forus nord;EV39 S1000D65 m24;2026-08-14T21:00+02:00;2026-08-14T22:00+02:00;2026-08-14;21:00;22:00;Totalt i retning Sandnes;7;100,0;1;1;0;7;0,00;-;-;-;-;-;-;-;-
99274B3204701;Sykkelstamvegen Forus nord;EV39 S1000D65 m24;2026-08-14T21:00+02:00;2026-08-14T22:00+02:00;2026-08-14;21:00;22:00;Totalt i retning Stavanger;6;100,0;1;1;0;6;0,00;-;-;-;-;-;-;-;-
99274B3204701;Sykkelstamvegen Forus nord;EV39 S1000D65 m24;2026-08-14T21:00+02:00;2026-08-14T22:00+02:00;2026-08-14;21:00;22:00;Totalt;13;100,0;1;1;0;13;0,00;-;-;-;-;-;-;-;-
99274B3204701;Sykkelstamvegen Forus nord;EV39 S1000D65 m24;2026-08-14T22:00+02:00;2026-08-14T23:00+02:00;2026-08-14;22:00;23:00;1;4;100,0;1;1;0;4;0,00;-;-;-;-;-;-;-;-
99274B3204701;Sykkelstamvegen Forus nord;EV39 S1000D65 m24;2026-08-14T22:00+02:00;2026-08-14T23:00+02:00;2026-08-14;22:00;23:00;2;2;100,0;1;1;0;2;0,00;-;-;-;-;-;-;-;-
99274B3204701;Sykkelstamvegen Forus nord;EV39 S1000D65 m24;2026-08-14T22:00+02:00;2026-08-14T23:00+02:00;2026-08-14;22:00;23:00;Totalt i retning Sandnes;4;100,0;1;1;0;4;0,00;-;-;-;-;-;-;-;-
99274B3204701;Sykkelstamvegen Forus nord;EV39 S1000D65 m24;2026-08-14T22:00+02:00;2026-08-14T23:00+02:00;2026-08-14;22:00;23:00;Totalt i retning Stavanger;2;100,0;1;1;0;2;0,00;-;-;-;-;-;-;-;-
99274B3204701;Sykkelstamvegen Forus nord;EV39 S1000D65 m24;2026-08-14T22:00+02:00;2026-08-14T23:00+02:00;2026-08-14;22:00;23:00;Totalt;6;100,0;1;1;0;6;0,00;-;-;-;-;-;-;-;-
99274B3204701;Sykkelstamvegen Forus nord;EV39 S1000D65 m24;2026-08-14T23:00+02:00;2026-08-15T00:00+02:00;2026-08-14;23:00;00:00;1;1;100,0;1;1;0;1;0,00;-;-;-;-;-;-;-;-
99274B3204701;Sykkelstamvegen Forus nord;EV39 S1000D65 m24;2026-08-14T23:00+02:00;2026-08-15T00:00+02:00;2026-08-14;23:00;00:00;2;0;100,0;1;1;0;0;100,00;-;-;-;-;-;-;-;-
99274B3204701;Sykkelstamvegen Forus nord;EV39 S1000D65 m24;2026-08-14T23:00+02:00;2026-08-15T00:00+02:00;2026-08-14;23:00;00:00;Totalt i retning Sandnes;1;100,0;1;1;0;1;0,00;-;-;-;-;-;-;-;-
99274B3204701;Sykkelstamvegen Forus nord;EV39 S1000D65 m24;2026-08-14T23:00+02:00;2026-08-15T00:00+02:00;2026-08-14;23:00;00:00;Totalt i retning Stavanger;0;100,0;1;1;0;0;100,00;-;-;-;-;-;-;-;-
99274B3204701;Sykkelstamvegen Forus nord;EV39 S1000D65 m24;2026-08-14T23:00+02:00;2026-08-15T00:00+02:00;2026-08-14;23:00;00:00;Totalt;1;100,0;1;1;0;1;0,00;-;-;-;-;-;-;-;-
99274B3204701;Sykkelstamvegen Forus nord;EV39 S1000D65 m24;2026-08-15T00:00+02:00;2026-08-15T01:00+02:00;2026-08-15;00:00;01:00;1;2;100,0;1;1;0;2;0,00;-;-;-;-;-;-;-;-
99274B3204701;Sykkelstamvegen Forus nord;EV39 S1000D65 m24;2026-08-15T00:00+02:00;2026-08-15T01:00+02:00;2026-08-15;00:00;01:00;2;0;100,0;1;1;0;0;100,00;-;-;-;-;-;-;-;-
99274B3204701;Sykkelstamvegen Forus nord;EV39 S1000D65 m24;2026-08-15T00:00+02:00;2026-08-15T01:00+02:00;2026-08-15;00:00;01:00;Totalt i retning Sandnes;2;100,0;1;1;0;2;0,00;-;-;-;-;-;-;-;-
99274B3204701;Sykkelstamvegen Forus nord;EV39 S1000D65 m24;2026-08-15T00:00+02:00;2026-08-15T01:00+02:00;2026-08-15;00:00;01:00;Totalt i retning Stavanger;0;100,0;1;1;0;0;100,00;-;-;-;-;-;-;-;-
99274B3204701;Sykkelstamvegen Forus nord;EV39 S1000D65 m24;2026-08-15T00:00+02:00;2026-08-15T01:00+02:00;2026-08-15;00:00;01:00;Totalt;2;100,0;1;1;0;2;0,00;-;-;-;-;-;-;-;-
99274B3204701;Sykkelstamvegen Forus nord;EV39 S1000D65 m24;2026-08-15T01:00+02:00;2026-08-15T02:00+02:00;2026-08-15;01:00;02:00;1;1;100,0;1;1;0;1;0,00;-;-;-;-;-;-;-;-
99274B3204701;Sykkelstamvegen Forus nord;EV39 S1000D65 m24;2026-08-15T01:00+02:00;2026-08-15T02:00+02:00;2026-08-15;01:00;02:00;2;0;100,0;1;1;0;0;100,00;-;-;-;-;-;-;-;-
99274B3204701;Sykkelstamvegen Forus nord;EV39 S1000D65 m24;2026-08-15T01:00+02:00;2026-08-15T02:00+02:00;2026-08-15;01:00;02:00;Totalt i retning Sandnes;1;100,0;1;1;0;1;0,00;-;-;-;-;-;-;-;-
99274B3204701;Sykkelstamvegen Forus nord;EV39 S1000D65 m24;2026-08-15T01:00+02:00;2026-08-15T02:00+02:00;2026-08-15;01:00;02:00;Totalt i retning Stavanger;0;100,0;1;1;0;0;100,00;-;-;-;-;-;-;-;-
99274B3204701;Sykkelstamvegen Forus nord;EV39 S1000D65 m24;2026-08-15T01:00+02:00;2026-08-15T02:00+02:00;2026-08-15;01:00;02:00;Totalt;1;100,0;1;1;0;1;0,00;-;-;-;-;-;-;-;-
99274B3204701;Sykkelstamvegen Forus nord;EV39 S1000D65 m24;2026-08-15T02:00+02:00;2026-08-15T03:00+02:00;2026-08-15;02:00;03:00;1;0;100,0;1;1;0;0;100,00;-;-;-;-;-;-;-;-
99274B3204701;Sykkelstamvegen Forus nord;EV39 S1000D65 m24;2026-08-15T02:00+02:00;2026-08-15T03:00+02:00;2026-08-15;02:00;03:00;2;0;100,0;1;1;0;0;100,00;-;-;-;-;-;-;-;-
99274B3204701;Sykkelstamvegen Forus nord;EV39 S1000D65 m24;2026-08-15T02:00+02:00;2026-08-15T03:00+02:00;2026-08-15;02:00;03:00;Totalt i retning Sandnes;0;100,0;1;1;0;0;100,00;-;-;-;-;-;-;-;-
99274B3204701;Sykkelstamvegen Forus nord;EV39 S1000D65 m24;2026-08-15T02:00+02:00;2026-08-15T03:00+02:00;2026-08-15;02:00;03:00;Totalt i retning Stavanger;0;100,0;1;1;0;0;100,00;-;-;-;-;-;-;-;-
99274B3204701;Sykkelstamvegen Forus nord;EV39 S1000D65 m24;2026-08-15T02:00+02:00;2026-08-15T03:00+02:00;2026-08-15;02:00;03:00;Totalt;0;100,0;1;1;0;0;100,00;-;-;-;-;-;-;-;-
99274B3204701;Sykkelstamvegen Forus nord;EV39 S1000D65 m24;2026-08-15T03:00+02:00;2026-08-15T04:00+02:00;2026-08-15;03:00;04:00;1;0;100,0;1;1;0;0;100,00;-;-;-;-;-;-;-;-
99274B3204701;Sykkelstamvegen Forus nord;EV39 S1000D65 m24;2026-08-15T03:00+02:00;2026-08-15T04:00+02:00;2026-08-15;03:00;04:00;2;0;100,0;1;1;0;0;100,00;-;-;-;-;-;-;-;-
99274B3204701;Sykkelstamvegen Forus nord;EV39 S1000D65 m24;2026-08-15T03:00+02:00;2026-08-15T04:00+02:00;2026-08-15;03:00;04:00;Totalt i retning Sandnes;0;100,0;1;1;0;0;100,00;-;-;-;-;-;-;-;-
99274B3204701;Sykkelstamvegen Forus nord;EV39 S1000D65 m24;2026-08-15T03:00+02:00;2026-08-15T04:00+02:00;2026-08-15;03:00;04:00;Totalt i retning Stavanger;0;100,0;1;1;0;0;100,00;-;-;-;-;-;-;-;-
99274B3204701;Sykkelstamvegen Forus nord;EV39 S1000D65 m24;2026-08-15T03:00+02:00;2026-08-15T04:00+02:00;2026-08-15;03:00;04:00;Totalt;0;100,0;1;1;0;0;100,00;-;-;-;-;-;-;-;-
99274B3204701;Sykkelstamvegen Forus nord;EV39 S1000D65 m24;2026-08-15T04:00+02:00;2026-08-15T05:00+02:00;2026-08-15;04:00;05:00;1;0;100,0;1;1;0;0;100,00;-;-;-;-;-;-;-;-
99274B3204701;Sykkelstamvegen Forus nord;EV39 S1000D65 m24;2026-08-15T04:00+02:00;2026-08-15T05:00+02:00;2026-08-15;04:00;05:00;2;0;100,0;1;1;0;0;100,00;-;-;-;-;-;-;-;-
99274B3204701;Sykkelstamvegen Forus nord;EV39 S1000D65 m24;2026-08-15T04:00+02:00;2026-08-15T05:00+02:00;2026-08-15;04:00;05:00;Totalt i retning Sandnes;0;100,0;1;1;0;0;100,00;-;-;-;-;-;-;-;-
99274B3204701;Sykkelstamvegen Forus nord;EV39 S1000D65 m24;2026-08-15T04:00+02:00;2026-08-15T05:00+02:00;2026-08-15;04:00;05:00;Totalt i retning Stavanger;0;100,0;1;1;0;0;100,00;-;-;-;-;-;-;-;-
99274B3204701;Sykkelstamvegen Forus nord;EV39 S1000D65 m24;2026-08-15T04:00+02:00;2026-08-15T05:00+02:00;2026-08-15;04:00;05:00;Totalt;0;100,0;1;1;0;0;100,00;-;-;-;-;-;-;-;-
99274B3204701;Sykkelstamvegen Forus nord;EV39 S1000D65 m24;2026-08-15T05:00+02:00;2026-08-15T06:00+02:00;2026-08-15;05:00;06:00;1;1;100,0;1;1;0;1;0,00;-;-;-;-;-;-;-;-
99274B3204701;Sykkelstamvegen Forus nord;EV39 S1000D65 m24;2026-08-15T05:00+02:00;2026-08-15T06:00+02:00;2026-08-15;05:00;06:00;2;0;100,0;1;1;0;0;100,00;-;-;-;-;-;-;-;-
99274B3204701;Sykkelstamvegen Forus nord;EV39 S1000D65 m24;2026-08-15T05:00+02:00;2026-08-15T06:00+02:00;2026-08-15;05:00;06:00;Totalt i retning Sandnes;1;100,0;1;1;0;1;0,00;-;-;-;-;-;-;-;-
99274B3204701;Sykkelstamvegen Forus nord;EV39 S1000D65 m24;2026-08-15T05:00+02:00;2026-08-15T06:00+02:00;2026-08-15;05:00;06:00;Totalt i retning Stavanger;0;100,0;1;1;0;0;100,00;-;-;-;-;-;-;-;-
99274B3204701;Sykkelstamvegen Forus nord;EV39 S1000D65 m24;2026-08-15T05:00+02:00;2026-08-15T06:00+02:00;2026-08-15;05:00;06:00;Totalt;1;100,0;1;1;0;1;0,00;-;-;-;-;-;-;-;-
99274B3204701;Sykkelstamvegen Forus nord;EV39 S1000D65 m24;2026-08-15T06:00+02:00;2026-08-15T07:00+02:00;2026-08-15;06:00;07:00;1;1;100,0;1;1;0;1;0,00;-;-;-;-;-;-;-;-
99274B3204701;Sykkelstamvegen Forus nord;EV39 S1000D65 m24;2026-08-15T06:00+02:00;2026-08-15T07:00+02:00;2026-08-15;06:00;07:00;2;4;100,0;1;1;0;4;0,00;-;-;-;-;-;-;-;-
99274B3204701;Sykkelstamvegen Forus nord;EV39 S1000D65 m24;2026-08-15T06:00+02:00;2026-08-15T07:00+02:00;2026-08-15;06:00;07:00;Totalt i retning Sandnes;1;100,0;1;1;0;1;0,00;-;-;-;-;-;-;-;-
99274B3204701;Sykkelstamvegen Forus nord;EV39 S1000D65 m24;2026-08-15T06:00+02:00;2026-08-15T07:00+02:00;2026-08-15;06:00;07:00;Totalt i retning Stavanger;4;100,0;1;1;0;4;0,00;-;-;-;-;-;-;-;-
99274B3204701;Sykkelstamvegen Forus nord;EV39 S1000D65 m24;2026-08-15T06:00+02:00;2026-08-15T07:00+02:00;2026-08-15;06:00;07:00;Totalt;5;100,0;1;1;0;5;0,00;-;-;-;-;-;-;-;-
99274B3204701;Sykkelstamvegen Forus nord;EV39 S1000D65 m24;2026-08-15T07:00+02:00;2026-08-15T08:00+02:00;2026-08-15;07:00;08:00;1;5;100,0;1;1;0;5;0,00;-;-;-;-;-;-;-;-
99274B3204701;Sykkelstamvegen Forus nord;EV39 S1000D65 m24;2026-08-15T07:00+02:00;2026-08-15T08:00+02:00;2026-08-15;07:00;08:00;2;3;100,0;1;1;0;3;0,00;-;-;-;-;-;-;-;-
99274B3204701;Sykkelstamvegen Forus nord;EV39 S1000D65 m24;2026-08-15T07:00+02:00;2026-08-15T08:00+02:00;2026-08-15;07:00;08:00;Totalt i retning Sandnes;5;100,0;1;1;0;5;0,00;-;-;-;-;-;-;-;-
99274B3204701;Sykkelstamvegen Forus nord;EV39 S1000D65 m24;2026-08-15T07:00+02:00;2026-08-15T08:00+02:00;2026-08-15;07:00;08:00;Totalt i retning Stavanger;3;100,0;1;1;0;3;0,00;-;-;-;-;-;-;-;-
99274B3204701;Sykkelstamvegen Forus nord;EV39 S1000D65 m24;2026-08-15T07:00+02:00;2026-08-15T08:00+02:00;2026-08-15;07:00;08:00;Totalt;8;100,0;1;1;0;8;0,00;-;-;-;-;-;-;-;-
99274B3204701;Sykkelstamvegen Forus nord;EV39 S1000D65 m24;2026-08-15T08:00+02:00;2026-08-15T09:00+02:00;2026-08-15;08:00;09:00;1;15;100,0;1;1;0;15;0,00;-;-;-;-;-;-;-;-
99274B3204701;Sykkelstamvegen Forus nord;EV39 S1000D65 m24;2026-08-15T08:00+02:00;2026-08-15T09:00+02:00;2026-08-15;08:00;09:00;2;2;100,0;1;1;0;2;0,00;-;-;-;-;-;-;-;-
99274B3204701;Sykkelstamvegen Forus nord;EV39 S1000D65 m24;2026-08-15T08:00+02:00;2026-08-15T09:00+02:00;2026-08-15;08:00;09:00;Totalt i retning Sandnes;15;100,0;1;1;0;15;0,00;-;-;-;-;-;-;-;-
99274B3204701;Sykkelstamvegen Forus nord;EV39 S1000D65 m24;2026-08-15T08:00+02:00;2026-08-15T09:00+02:00;2026-08-15;08:00;09:00;Totalt i retning Stavanger;2;100,0;1;1;0;2;0,00;-;-;-;-;-;-;-;-
99274B3204701;Sykkelstamvegen Forus nord;EV39 S1000D65 m24;2026-08-15T08:00+02:00;2026-08-15T09:00+02:00;2026-08-15;08:00;09:00;Totalt;17;100,0;1;1;0;17;0,00;-;-;-;-;-;-;-;-
99274B3204701;Sykkelstamvegen Forus nord;EV39 S1000D65 m24;2026-08-15T09:00+02:00;2026-08-15T10:00+02:00;2026-08-15;09:00;10:00;1;16;100,0;1;1;0;16;0,00;-;-;-;-;-;-;-;-
99274B3204701;Sykkelstamvegen Forus nord;EV39 S1000D65 m24;2026-08-15T09:00+02:00;2026-08-15T10:00+02:00;2026-08-15;09:00;10:00;2;14;100,0;1;1;0;14;0,00;-;-;-;-;-;-;-;-
99274B3204701;Sykkelstamvegen Forus nord;EV39 S1000D65 m24;2026-08-15T09:00+02:00;2026-08-15T10:00+02:00;2026-08-15;09:00;10:00;Totalt i retning Sandnes;16;100,0;1;1;0;16;0,00;-;-;-;-;-;-;-;-
99274B3204701;Sykkelstamvegen Forus nord;EV39 S1000D65 m24;2026-08-15T09:00+02:00;2026-08-15T10:00+02:00;2026-08-15;09:00;10:00;Totalt i retning Stavanger;14;100,0;1;1;0;14;0,00;-;-;-;-;-;-;-;-
99274B3204701;Sykkelstamvegen Forus nord;EV39 S1000D65 m24;2026-08-15T09:00+02:00;2026-08-15T10:00+02:00;2026-08-15;09:00;10:00;Totalt;30;100,0;1;1;0;30;0,00;-;-;-;-;-;-;-;-
99274B3204701;Sykkelstamvegen Forus nord;EV39 S1000D65 m24;2026-08-15T10:00+02:00;2026-08-15T11:00+02:00;2026-08-15;10:00;11:00;1;21;100,0;1;1;0;21;0,00;-;-;-;-;-;-;-;-
99274B3204701;Sykkelstamvegen Forus nord;EV39 S1000D65 m24;2026-08-15T10:00+02:00;2026-08-15T11:00+02:00;2026-08-15;10:00;11:00;2;24;100,0;1;1;0;24;0,00;-;-;-;-;-;-;-;-
99274B3204701;Sykkelstamvegen Forus nord;EV39 S1000D65 m24;2026-08-15T10:00+02:00;2026-08-15T11:00+02:00;2026-08-15;10:00;11:00;Totalt i retning Sandnes;23;100,0;1;1;0;23;0,00;-;-;-;-;-;-;-;-
99274B3204701;Sykkelstamvegen Forus nord;EV39 S1000D65 m24;2026-08-15T10:00+02:00;2026-08-15T11:00+02:00;2026-08-15;10:00;11:00;Totalt i retning Stavanger;22;100,0;1;1;0;22;0,00;-;-;-;-;-;-;-;-
99274B3204701;Sykkelstamvegen Forus nord;EV39 S1000D65 m24;2026-08-15T10:00+02:00;2026-08-15T11:00+02:00;2026-08-15;10:00;11:00;Totalt;45;100,0;1;1;0;45;0,00;-;-;-;-;-;-;-;-
99274B3204701;Sykkelstamvegen Forus nord;EV39 S1000D65 m24;2026-08-15T11:00+02:00;2026-08-15T12:00+02:00;2026-08-15;11:00;12:00;1;35;100,0;1;1;0;35;0,00;-;-;-;-;-;-;-;-
99274B3204701;Sykkelstamvegen Forus nord;EV39 S1000D65 m24;2026-08-15T11:00+02:00;2026-08-15T12:00+02:00;2026-08-15;11:00;12:00;2;29;100,0;1;1;0;29;0,00;-;-;-;-;-;-;-;-
99274B3204701;Sykkelstamvegen Forus nord;EV39 S1000D65 m24;2026-08-15T11:00+02:00;2026-08-15T12:00+02:00;2026-08-15;11:00;12:00;Totalt i retning Sandnes;34;100,0;1;1;0;34;0,00;-;-;-;-;-;-;-;-
99274B3204701;Sykkelstamvegen Forus nord;EV39 S1000D65 m24;2026-08-15T11:00+02:00;2026-08-15T12:00+02:00;2026-08-15;11:00;12:00;Totalt i retning Stavanger;30;100,0;1;1;0;30;0,00;-;-;-;-;-;-;-;-
99274B3204701;Sykkelstamvegen Forus nord;EV39 S1000D65 m24;2026-08-15T11:00+02:00;2026-08-15T12:00+02:00;2026-08-15;11:00;12:00;Totalt;64;100,0;1;1;0;64;0,00;-;-;-;-;-;-;-;-
99274B3204701;Sykkelstamvegen Forus nord;EV39 S1000D65 m24;2026-08-15T12:00+02:00;2026-08-15T13:00+02:00;2026-08-15;12:00;13:00;1;25;100,0;1;1;0;25;0,00;-;-;-;-;-;-;-;-
99274B3204701;Sykkelstamvegen Forus nord;EV39 S1000D65 m24;2026-08-15T12:00+02:00;2026-08-15T13:00+02:00;2026-08-15;12:00;13:00;2;41;100,0;1;1;0;41;0,00;-;-;-;-;-;-;-;-
99274B3204701;Sykkelstamvegen Forus nord;EV39 S1000D65 m24;2026-08-15T12:00+02:00;2026-08-15T13:00+02:00;2026-08-15;12:00;13:00;Totalt i retning Sandnes;31;100,0;1;1;0;31;0,00;-;-;-;-;-;-;-;-
99274B3204701;Sykkelstamvegen Forus nord;EV39 S1000D65 m24;2026-08-15T12:00+02:00;2026-08-15T13:00+02:00;2026-08-15;12:00;13:00;Totalt i retning Stavanger;35;100,0;1;1;0;35;0,00;-;-;-;-;-;-;-;-
99274B3204701;Sykkelstamvegen Forus nord;EV39 S1000D65 m24;2026-08-15T12:00+02:00;2026-08-15T13:00+02:00;2026-08-15;12:00;13:00;Totalt;66;100,0;1;1;0;66;0,00;-;-;-;-;-;-;-;-
99274B3204701;Sykkelstamvegen Forus nord;EV39 S1000D65 m24;2026-08-15T13:00+02:00;2026-08-15T14:00+02:00;2026-08-15;13:00;14:00;1;29;100,0;1;1;0;29;0,00;-;-;-;-;-;-;-;-
99274B3204701;Sykkelstamvegen Forus nord;EV39 S1000D65 m24;2026-08-15T13:00+02:00;2026-08-15T14:00+02:00;2026-08-15;13:00;14:00;2;35;100,0;1;1;0;35;0,00;-;-;-;-;-;-;-;-
99274B3204701;Sykkelstamvegen Forus nord;EV39 S1000D65 m24;2026-08-15T13:00+02:00;2026-08-15T14:00+02:00;2026-08-15;13:00;14:00;Totalt i retning Sandnes;29;100,0;1;1;0;29;0,00;-;-;-;-;-;-;-;-
99274B3204701;Sykkelstamvegen Forus nord;EV39 S1000D65 m24;2026-08-15T13:00+02:00;2026-08-15T14:00+02:00;2026-08-15;13:00;14:00;Totalt i retning Stavanger;35;100,0;1;1;0;35;0,00;-;-;-;-;-;-;-;-
99274B3204701;Sykkelstamvegen Forus nord;EV39 S1000D65 m24;2026-08-15T13:00+02:00;2026-08-15T14:00+02:00;2026-08-15;13:00;14:00;Totalt;64;100,0;1;1;0;64;0,00;-;-;-;-;-;-;-;-
99274B3204701;Sykkelstamvegen Forus nord;EV39 S1000D65 m24;2026-08-15T14:00+02:00;2026-08-15T15:00+02:00;2026-08-15;14:00;15:00;1;32;100,0;1;1;0;32;0,00;-;-;-;-;-;-;-;-
99274B3204701;Sykkelstamvegen Forus nord;EV39 S1000D65 m24;2026-08-15T14:00+02:00;2026-08-15T15:00+02:00;2026-08-15;14:00;15:00;2;26;100,0;1;1;0;26;0,00;-;-;-;-;-;-;-;-
99274B3204701;Sykkelstamvegen Forus nord;EV39 S1000D65 m24;2026-08-15T14:00+02:00;2026-08-15T15:00+02:00;2026-08-15;14:00;15:00;Totalt i retning Sandnes;31;100,0;1;1;0;31;0,00;-;-;-;-;-;-;-;-
99274B3204701;Sykkelstamvegen Forus nord;EV39 S1000D65 m24;2026-08-15T14:00+02:00;2026-08-15T15:00+02:00;2026-08-15;14:00;15:00;Totalt i retning Stavanger;27;100,0;1;1;0;27;0,00;-;-;-;-;-;-;-;-
99274B3204701;Sykkelstamvegen Forus nord;EV39 S1000D65 m24;2026-08-15T14:00+02:00;2026-08-15T15:00+02:00;2026-08-15;14:00;15:00;Totalt;58;100,0;1;1;0;58;0,00;-;-;-;-;-;-;-;-
99274B3204701;Sykkelstamvegen Forus nord;EV39 S1000D65 m24;2026-08-15T15:00+02:00;2026-08-15T16:00+02:00;2026-08-15;15:00;16:00;1;18;100,0;1;1;0;18;0,00;-;-;-;-;-;-;-;-
99274B3204701;Sykkelstamvegen Forus nord;EV39 S1000D65 m24;2026-08-15T15:00+02:00;2026-08-15T16:00+02:00;2026-08-15;15:00;16:00;2;48;100,0;1;1;0;48;0,00;-;-;-;-;-;-;-;-
99274B3204701;Sykkelstamvegen Forus nord;EV39 S1000D65 m24;2026-08-15T15:00+02:00;2026-08-15T16:00+02:00;2026-08-15;15:00;16:00;Totalt i retning Sandnes;19;100,0;1;1;0;19;0,00;-;-;-;-;-;-;-;-
99274B3204701;Sykkelstamvegen Forus nord;EV39 S1000D65 m24;2026-08-15T15:00+02:00;2026-08-15T16:00+02:00;2026-08-15;15:00;16:00;Totalt i retning Stavanger;47;100,0;1;1;0;47;0,00;-;-;-;-;-;-;-;-
99274B3204701;Sykkelstamvegen Forus nord;EV39 S1000D65 m24;2026-08-15T15:00+02:00;2026-08-15T16:00+02:00;2026-08-15;15:00;16:00;Totalt;66;100,0;1;1;0;66;0,00;-;-;-;-;-;-;-;-
99274B3204701;Sykkelstamvegen Forus nord;EV39 S1000D65 m24;2026-08-15T16:00+02:00;2026-08-15T17:00+02:00;2026-08-15;16:00;17:00;1;17;100,0;1;1;0;17;0,00;-;-;-;-;-;-;-;-
99274B3204701;Sykkelstamvegen Forus nord;EV39 S1000D65 m24;2026-08-15T16:00+02:00;2026-08-15T17:00+02:00;2026-08-15;16:00;17:00;2;12;100,0;1;1;0;12;0,00;-;-;-;-;-;-;-;-
99274B3204701;Sykkelstamvegen Forus nord;EV39 S1000D65 m24;2026-08-15T16:00+02:00;2026-08-15T17:00+02:00;2026-08-15;16:00;17:00;Totalt i retning Sandnes;18;100,0;1;1;0;18;0,00;-;-;-;-;-;-;-;-
99274B3204701;Sykkelstamvegen Forus nord;EV39 S1000D65 m24;2026-08-15T16:00+02:00;2026-08-15T17:00+02:00;2026-08-15;16:00;17:00;Totalt i retning Stavanger;11;100,0;1;1;0;11;0,00;-;-;-;-;-;-;-;-
99274B3204701;Sykkelstamvegen Forus nord;EV39 S1000D65 m24;2026-08-15T16:00+02:00;2026-08-15T17:00+02:00;2026-08-15;16:00;17:00;Totalt;29;100,0;1;1;0;29;0,00;-;-;-;-;-;-;-;-
99274B3204701;Sykkelstamvegen Forus nord;EV39 S1000D65 m24;2026-08-15T17:00+02:00;2026-08-15T18:00+02:00;2026-08-15;17:00;18:00;1;9;100,0;1;1;0;9;0,00;-;-;-;-;-;-;-;-
99274B3204701;Sykkelstamvegen Forus nord;EV39 S1000D65 m24;2026-08-15T17:00+02:00;2026-08-15T18:00+02:00;2026-08-15;17:00;18:00;2;30;100,0;1;1;0;30;0,00;-;-;-;-;-;-;-;-
99274B3204701;Sykkelstamvegen Forus nord;EV39 S1000D65 m24;2026-08-15T17:00+02:00;2026-08-15T18:00+02:00;2026-08-15;17:00;18:00;Totalt i retning Sandnes;8;100,0;1;1;0;8;0,00;-;-;-;-;-;-;-;-
99274B3204701;Sykkelstamvegen Forus nord;EV39 S1000D65 m24;2026-08-15T17:00+02:00;2026-08-15T18:00+02:00;2026-08-15;17:00;18:00;Totalt i retning Stavanger;31;100,0;1;1;0;31;0,00;-;-;-;-;-;-;-;-
99274B3204701;Sykkelstamvegen Forus nord;EV39 S1000D65 m24;2026-08-15T17:00+02:00;2026-08-15T18:00+02:00;2026-08-15;17:00;18:00;Totalt;39;100,0;1;1;0;39;0,00;-;-;-;-;-;-;-;-
99274B3204701;Sykkelstamvegen Forus nord;EV39 S1000D65 m24;2026-08-15T18:00+02:00;2026-08-15T19:00+02:00;2026-08-15;18:00;19:00;1;14;100,0;1;1;0;14;0,00;-;-;-;-;-;-;-;-
99274B3204701;Sykkelstamvegen Forus nord;EV39 S1000D65 m24;2026-08-15T18:00+02:00;2026-08-15T19:00+02:00;2026-08-15;18:00;19:00;2;4;100,0;1;1;0;4;0,00;-;-;-;-;-;-;-;-
99274B3204701;Sykkelstamvegen Forus nord;EV39 S1000D65 m24;2026-08-15T18:00+02:00;2026-08-15T19:00+02:00;2026-08-15;18:00;19:00;Totalt i retning Sandnes;14;100,0;1;1;0;14;0,00;-;-;-;-;-;-;-;-
99274B3204701;Sykkelstamvegen Forus nord;EV39 S1000D65 m24;2026-08-15T18:00+02:00;2026-08-15T19:00+02:00;2026-08-15;18:00;19:00;Totalt i retning Stavanger;4;100,0;1;1;0;4;0,00;-;-;-;-;-;-;-;-
99274B3204701;Sykkelstamvegen Forus nord;EV39 S1000D65 m24;2026-08-15T18:00+02:00;2026-08-15T19:00+02:00;2026-08-15;18:00;19:00;Totalt;18;100,0;1;1;0;18;0,00;-;-;-;-;-;-;-;-
99274B3204701;Sykkelstamvegen Forus nord;EV39 S1000D65 m24;2026-08-15T19:00+02:00;2026-08-15T20:00+02:00;2026-08-15;19:00;20:00;1;5;100,0;1;1;0;5;0,00;-;-;-;-;-;-;-;-
99274B3204701;Sykkelstamvegen Forus nord;EV39 S1000D65 m24;2026-08-15T19:00+02:00;2026-08-15T20:00+02:00;2026-08-15;19:00;20:00;2;17;100,0;1;1;0;17;0,00;-;-;-;-;-;-;-;-
99274B3204701;Sykkelstamvegen Forus nord;EV39 S1000D65 m24;2026-08-15T19:00+02:00;2026-08-15T20:00+02:00;2026-08-15;19:00;20:00;Totalt i retning Sandnes;5;100,0;1;1;0;5;0,00;-;-;-;-;-;-;-;-
99274B3204701;Sykkelstamvegen Forus nord;EV39 S1000D65 m24;2026-08-15T19:00+02:00;2026-08-15T20:00+02:00;2026-08-15;19:00;20:00;Totalt i retning Stavanger;17;100,0;1;1;0;17;0,00;-;-;-;-;-;-;-;-
99274B3204701;Sykkelstamvegen Forus nord;EV39 S1000D65 m24;2026-08-15T19:00+02:00;2026-08-15T20:00+02:00;2026-08-15;19:00;20:00;Totalt;22;100,0;1;1;0;22;0,00;-;-;-;-;-;-;-;-
99274B3204701;Sykkelstamvegen Forus nord;EV39 S1000D65 m24;2026-08-15T20:00+02:00;2026-08-15T21:00+02:00;2026-08-15;20:00;21:00;1;5;100,0;1;1;0;5;0,00;-;-;-;-;-;-;-;-
99274B3204701;Sykkelstamvegen Forus nord;EV39 S1000D65 m24;2026-08-15T20:00+02:00;2026-08-15T21:00+02:00;2026-08-15;20:00;21:00;2;3;100,0;1;1;0;3;0,00;-;-;-;-;-;-;-;-
99274B3204701;Sykkelstamvegen Forus nord;EV39 S1000D65 m24;2026-08-15T20:00+02:00;2026-08-15T21:00+02:00;2026-08-15;20:00;21:00;Totalt i retning Sandnes;5;100,0;1;1;0;5;0,00;-;-;-;-;-;-;-;-
99274B3204701;Sykkelstamvegen Forus nord;EV39 S1000D65 m24;2026-08-15T20:00+02:00;2026-08-15T21:00+02:00;2026-08-15;20:00;21:00;Totalt i retning Stavanger;3;100,0;1;1;0;3;0,00;-;-;-;-;-;-;-;-
99274B3204701;Sykkelstamvegen Forus nord;EV39 S1000D65 m24;2026-08-15T20:00+02:00;2026-08-15T21:00+02:00;2026-08-15;20:00;21:00;Totalt;8;100,0;1;1;0;8;0,00;-;-;-;-;-;-;-;-
99274B3204701;Sykkelstamvegen Forus nord;EV39 S1000D65 m24;2026-08-15T21:00+02:00;2026-08-15T22:00+02:00;2026-08-15;21:00;22:00;1;10;100,0;1;1;0;10;0,00;-;-;-;-;-;-;-;-
99274B3204701;Sykkelstamvegen Forus nord;EV39 S1000D65 m24;2026-08-15T21:00+02:00;2026-08-15T22:00+02:00;2026-08-15;21:00;22:00;2;6;100,0;1;1;0;6;0,00;-;-;-;-;-;-;-;-
99274B3204701;Sykkelstamvegen Forus nord;EV39 S1000D65 m24;2026-08-15T21:00+02:00;2026-08-15T22:00+02:00;2026-08-15;21:00;22:00;Totalt i retning Sandnes;7;100,0;1;1;0;7;0,00;-;-;-;-;-;-;-;-
99274B3204701;Sykkelstamvegen Forus nord;EV39 S1000D65 m24;2026-08-15T21:00+02:00;2026-08-15T22:00+02:00;2026-08-15;21:00;22:00;Totalt i retning Stavanger;9;100,0;1;1;0;9;0,00;-;-;-;-;-;-;-;-
99274B3204701;Sykkelstamvegen Forus nord;EV39 S1000D65 m24;2026-08-15T21:00+02:00;2026-08-15T22:00+02:00;2026-08-15;21:00;22:00;Totalt;16;100,0;1;1;0;16;0,00;-;-;-;-;-;-;-;-
99274B3204701;Sykkelstamvegen Forus nord;EV39 S1000D65 m24;2026-08-15T22:00+02:00;2026-08-15T23:00+02:00;2026-08-15;22:00;23:00;1;2;100,0;1;1;0;2;0,00;-;-;-;-;-;-;-;-
99274B3204701;Sykkelstamvegen Forus nord;EV39 S1000D65 m24;2026-08-15T22:00+02:00;2026-08-15T23:00+02:00;2026-08-15;22:00;23:00;2;2;100,0;1;1;0;2;0,00;-;-;-;-;-;-;-;-
99274B3204701;Sykkelstamvegen Forus nord;EV39 S1000D65 m24;2026-08-15T22:00+02:00;2026-08-15T23:00+02:00;2026-08-15;22:00;23:00;Totalt i retning Sandnes;2;100,0;1;1;0;2;0,00;-;-;-;-;-;-;-;-
99274B3204701;Sykkelstamvegen Forus nord;EV39 S1000D65 m24;2026-08-15T22:00+02:00;2026-08-15T23:00+02:00;2026-08-15;22:00;23:00;Totalt i retning Stavanger;2;100,0;1;1;0;2;0,00;-;-;-;-;-;-;-;-
99274B3204701;Sykkelstamvegen Forus nord;EV39 S1000D65 m24;2026-08-15T22:00+02:00;2026-08-15T23:00+02:00;2026-08-15;22:00;23:00;Totalt;4;100,0;1;1;0;4;0,00;-;-;-;-;-;-;-;-
99274B3204701;Sykkelstamvegen Forus nord;EV39 S1000D65 m24;2026-08-15T23:00+02:00;2026-08-16T00:00+02:00;2026-08-15;23:00;00:00;1;2;100,0;1;1;0;2;0,00;-;-;-;-;-;-;-;-
99274B3204701;Sykkelstamvegen Forus nord;EV39 S1000D65 m24;2026-08-15T23:00+02:00;2026-08-16T00:00+02:00;2026-08-15;23:00;00:00;2;1;100,0;1;1;0;1;0,00;-;-;-;-;-;-;-;-
99274B3204701;Sykkelstamvegen Forus nord;EV39 S1000D65 m24;2026-08-15T23:00+02:00;2026-08-16T00:00+02:00;2026-08-15;23:00;00:00;Totalt i retning Sandnes;2;100,0;1;1;0;2;0,00;-;-;-;-;-;-;-;-
99274B3204701;Sykkelstamvegen Forus nord;EV39 S1000D65 m24;2026-08-15T23:00+02:00;2026-08-16T00:00+02:00;2026-08-15;23:00;00:00;Totalt i retning Stavanger;1;100,0;1;1;0;1;0,00;-;-;-;-;-;-;-;-
99274B3204701;Sykkelstamvegen Forus nord;EV39 S1000D65 m24;2026-08-15T23:00+02:00;2026-08-16T00:00+02:00;2026-08-15;23:00;00:00;Totalt;3;100,0;1;1;0;3;0,00;-;-;-;-;-;-;-;-
99274B3204701;Sykkelstamvegen Forus nord;EV39 S1000D65 m24;2026-08-16T00:00+02:00;2026-08-16T01:00+02:00;2026-08-16;00:00;01:00;1;3;100,0;1;1;0;3;0,00;-;-;-;-;-;-;-;-
99274B3204701;Sykkelstamvegen Forus nord;EV39 S1000D65 m24;2026-08-16T00:00+02:00;2026-08-16T01:00+02:00;2026-08-16;00:00;01:00;2;0;100,0;1;1;0;0;100,00;-;-;-;-;-;-;-;-
99274B3204701;Sykkelstamvegen Forus nord;EV39 S1000D65 m24;2026-08-16T00:00+02:00;2026-08-16T01:00+02:00;2026-08-16;00:00;01:00;Totalt i retning Sandnes;3;100,0;1;1;0;3;0,00;-;-;-;-;-;-;-;-
99274B3204701;Sykkelstamvegen Forus nord;EV39 S1000D65 m24;2026-08-16T00:00+02:00;2026-08-16T01:00+02:00;2026-08-16;00:00;01:00;Totalt i retning Stavanger;0;100,0;1;1;0;0;100,00;-;-;-;-;-;-;-;-
99274B3204701;Sykkelstamvegen Forus nord;EV39 S1000D65 m24;2026-08-16T00:00+02:00;2026-08-16T01:00+02:00;2026-08-16;00:00;01:00;Totalt;3;100,0;1;1;0;3;0,00;-;-;-;-;-;-;-;-
99274B3204701;Sykkelstamvegen Forus nord;EV39 S1000D65 m24;2026-08-16T01:00+02:00;2026-08-16T02:00+02:00;2026-08-16;01:00;02:00;1;3;100,0;1;1;0;3;0,00;-;-;-;-;-;-;-;-
99274B3204701;Sykkelstamvegen Forus nord;EV39 S1000D65 m24;2026-08-16T01:00+02:00;2026-08-16T02:00+02:00;2026-08-16;01:00;02:00;2;0;100,0;1;1;0;0;100,00;-;-;-;-;-;-;-;-
99274B3204701;Sykkelstamvegen Forus nord;EV39 S1000D65 m24;2026-08-16T01:00+02:00;2026-08-16T02:00+02:00;2026-08-16;01:00;02:00;Totalt i retning Sandnes;2;100,0;1;1;0;2;0,00;-;-;-;-;-;-;-;-
99274B3204701;Sykkelstamvegen Forus nord;EV39 S1000D65 m24;2026-08-16T01:00+02:00;2026-08-16T02:00+02:00;2026-08-16;01:00;02:00;Totalt i retning Stavanger;1;100,0;1;1;0;1;0,00;-;-;-;-;-;-;-;-
99274B3204701;Sykkelstamvegen Forus nord;EV39 S1000D65 m24;2026-08-16T01:00+02:00;2026-08-16T02:00+02:00;2026-08-16;01:00;02:00;Totalt;3;100,0;1;1;0;3;0,00;-;-;-;-;-;-;-;-
99274B3204701;Sykkelstamvegen Forus nord;EV39 S1000D65 m24;2026-08-16T02:00+02:00;2026-08-16T03:00+02:00;2026-08-16;02:00;03:00;1;0;100,0;1;1;0;0;100,00;-;-;-;-;-;-;-;-
99274B3204701;Sykkelstamvegen Forus nord;EV39 S1000D65 m24;2026-08-16T02:00+02:00;2026-08-16T03:00+02:00;2026-08-16;02:00;03:00;2;0;100,0;1;1;0;0;100,00;-;-;-;-;-;-;-;-
99274B3204701;Sykkelstamvegen Forus nord;EV39 S1000D65 m24;2026-08-16T02:00+02:00;2026-08-16T03:00+02:00;2026-08-16;02:00;03:00;Totalt i retning Sandnes;0;100,0;1;1;0;0;100,00;-;-;-;-;-;-;-;-
99274B3204701;Sykkelstamvegen Forus nord;EV39 S1000D65 m24;2026-08-16T02:00+02:00;2026-08-16T03:00+02:00;2026-08-16;02:00;03:00;Totalt i retning Stavanger;0;100,0;1;1;0;0;100,00;-;-;-;-;-;-;-;-
99274B3204701;Sykkelstamvegen Forus nord;EV39 S1000D65 m24;2026-08-16T02:00+02:00;2026-08-16T03:00+02:00;2026-08-16;02:00;03:00;Totalt;0;100,0;1;1;0;0;100,00;-;-;-;-;-;-;-;-
99274B3204701;Sykkelstamvegen Forus nord;EV39 S1000D65 m24;2026-08-16T03:00+02:00;2026-08-16T04:00+02:00;2026-08-16;03:00;04:00;1;0;100,0;1;1;0;0;100,00;-;-;-;-;-;-;-;-
99274B3204701;Sykkelstamvegen Forus nord;EV39 S1000D65 m24;2026-08-16T03:00+02:00;2026-08-16T04:00+02:00;2026-08-16;03:00;04:00;2;0;100,0;1;1;0;0;100,00;-;-;-;-;-;-;-;-
99274B3204701;Sykkelstamvegen Forus nord;EV39 S1000D65 m24;2026-08-16T03:00+02:00;2026-08-16T04:00+02:00;2026-08-16;03:00;04:00;Totalt i retning Sandnes;0;100,0;1;1;0;0;100,00;-;-;-;-;-;-;-;-
99274B3204701;Sykkelstamvegen Forus nord;EV39 S1000D65 m24;2026-08-16T03:00+02:00;2026-08-16T04:00+02:00;2026-08-16;03:00;04:00;Totalt i retning Stavanger;0;100,0;1;1;0;0;100,00;-;-;-;-;-;-;-;-
99274B3204701;Sykkelstamvegen Forus nord;EV39 S1000D65 m24;2026-08-16T03:00+02:00;2026-08-16T04:00+02:00;2026-08-16;03:00;04:00;Totalt;0;100,0;1;1;0;0;100,00;-;-;-;-;-;-;-;-
99274B3204701;Sykkelstamvegen Forus nord;EV39 S1000D65 m24;2026-08-16T04:00+02:00;2026-08-16T05:00+02:00;2026-08-16;04:00;05:00;1;1;100,0;1;1;0;1;0,00;-;-;-;-;-;-;-;-
99274B3204701;Sykkelstamvegen Forus nord;EV39 S1000D65 m24;2026-08-16T04:00+02:00;2026-08-16T05:00+02:00;2026-08-16;04:00;05:00;2;0;100,0;1;1;0;0;100,00;-;-;-;-;-;-;-;-
99274B3204701;Sykkelstamvegen Forus nord;EV39 S1000D65 m24;2026-08-16T04:00+02:00;2026-08-16T05:00+02:00;2026-08-16;04:00;05:00;Totalt i retning Sandnes;1;100,0;1;1;0;1;0,00;-;-;-;-;-;-;-;-
99274B3204701;Sykkelstamvegen Forus nord;EV39 S1000D65 m24;2026-08-16T04:00+02:00;2026-08-16T05:00+02:00;2026-08-16;04:00;05:00;Totalt i retning Stavanger;0;100,0;1;1;0;0;100,00;-;-;-;-;-;-;-;-
99274B3204701;Sykkelstamvegen Forus nord;EV39 S1000D65 m24;2026-08-16T04:00+02:00;2026-08-16T05:00+02:00;2026-08-16;04:00;05:00;Totalt;1;100,0;1;1;0;1;0,00;-;-;-;-;-;-;-;-
99274B3204701;Sykkelstamvegen Forus nord;EV39 S1000D65 m24;2026-08-16T05:00+02:00;2026-08-16T06:00+02:00;2026-08-16;05:00;06:00;1;0;100,0;1;1;0;0;100,00;-;-;-;-;-;-;-;-
99274B3204701;Sykkelstamvegen Forus nord;EV39 S1000D65 m24;2026-08-16T05:00+02:00;2026-08-16T06:00+02:00;2026-08-16;05:00;06:00;2;0;100,0;1;1;0;0;100,00;-;-;-;-;-;-;-;-
99274B3204701;Sykkelstamvegen Forus nord;EV39 S1000D65 m24;2026-08-16T05:00+02:00;2026-08-16T06:00+02:00;2026-08-16;05:00;06:00;Totalt i retning Sandnes;0;100,0;1;1;0;0;100,00;-;-;-;-;-;-;-;-
99274B3204701;Sykkelstamvegen Forus nord;EV39 S1000D65 m24;2026-08-16T05:00+02:00;2026-08-16T06:00+02:00;2026-08-16;05:00;06:00;Totalt i retning Stavanger;0;100,0;1;1;0;0;100,00;-;-;-;-;-;-;-;-
99274B3204701;Sykkelstamvegen Forus nord;EV39 S1000D65 m24;2026-08-16T05:00+02:00;2026-08-16T06:00+02:00;2026-08-16;05:00;06:00;Totalt;0;100,0;1;1;0;0;100,00;-;-;-;-;-;-;-;-
99274B3204701;Sykkelstamvegen Forus nord;EV39 S1000D65 m24;2026-08-16T06:00+02:00;2026-08-16T07:00+02:00;2026-08-16;06:00;07:00;1;1;100,0;1;1;0;1;0,00;-;-;-;-;-;-;-;-
99274B3204701;Sykkelstamvegen Forus nord;EV39 S1000D65 m24;2026-08-16T06:00+02:00;2026-08-16T07:00+02:00;2026-08-16;06:00;07:00;2;2;100,0;1;1;0;2;0,00;-;-;-;-;-;-;-;-
99274B3204701;Sykkelstamvegen Forus nord;EV39 S1000D65 m24;2026-08-16T06:00+02:00;2026-08-16T07:00+02:00;2026-08-16;06:00;07:00;Totalt i retning Sandnes;1;100,0;1;1;0;1;0,00;-;-;-;-;-;-;-;-
99274B3204701;Sykkelstamvegen Forus nord;EV39 S1000D65 m24;2026-08-16T06:00+02:00;2026-08-16T07:00+02:00;2026-08-16;06:00;07:00;Totalt i retning Stavanger;2;100,0;1;1;0;2;0,00;-;-;-;-;-;-;-;-
99274B3204701;Sykkelstamvegen Forus nord;EV39 S1000D65 m24;2026-08-16T06:00+02:00;2026-08-16T07:00+02:00;2026-08-16;06:00;07:00;Totalt;3;100,0;1;1;0;3;0,00;-;-;-;-;-;-;-;-
99274B3204701;Sykkelstamvegen Forus nord;EV39 S1000D65 m24;2026-08-16T07:00+02:00;2026-08-16T08:00+02:00;2026-08-16;07:00;08:00;1;1;100,0;1;1;0;1;0,00;-;-;-;-;-;-;-;-
99274B3204701;Sykkelstamvegen Forus nord;EV39 S1000D65 m24;2026-08-16T07:00+02:00;2026-08-16T08:00+02:00;2026-08-16;07:00;08:00;2;4;100,0;1;1;0;4;0,00;-;-;-;-;-;-;-;-
99274B3204701;Sykkelstamvegen Forus nord;EV39 S1000D65 m24;2026-08-16T07:00+02:00;2026-08-16T08:00+02:00;2026-08-16;07:00;08:00;Totalt i retning Sandnes;1;100,0;1;1;0;1;0,00;-;-;-;-;-;-;-;-
99274B3204701;Sykkelstamvegen Forus nord;EV39 S1000D65 m24;2026-08-16T07:00+02:00;2026-08-16T08:00+02:00;2026-08-16;07:00;08:00;Totalt i retning Stavanger;4;100,0;1;1;0;4;0,00;-;-;-;-;-;-;-;-
99274B3204701;Sykkelstamvegen Forus nord;EV39 S1000D65 m24;2026-08-16T07:00+02:00;2026-08-16T08:00+02:00;2026-08-16;07:00;08:00;Totalt;5;100,0;1;1;0;5;0,00;-;-;-;-;-;-;-;-
99274B3204701;Sykkelstamvegen Forus nord;EV39 S1000D65 m24;2026-08-16T08:00+02:00;2026-08-16T09:00+02:00;2026-08-16;08:00;09:00;1;9;100,0;1;1;0;9;0,00;-;-;-;-;-;-;-;-
99274B3204701;Sykkelstamvegen Forus nord;EV39 S1000D65 m24;2026-08-16T08:00+02:00;2026-08-16T09:00+02:00;2026-08-16;08:00;09:00;2;4;100,0;1;1;0;4;0,00;-;-;-;-;-;-;-;-
99274B3204701;Sykkelstamvegen Forus nord;EV39 S1000D65 m24;2026-08-16T08:00+02:00;2026-08-16T09:00+02:00;2026-08-16;08:00;09:00;Totalt i retning Sandnes;9;100,0;1;1;0;9;0,00;-;-;-;-;-;-;-;-
99274B3204701;Sykkelstamvegen Forus nord;EV39 S1000D65 m24;2026-08-16T08:00+02:00;2026-08-16T09:00+02:00;2026-08-16;08:00;09:00;Totalt i retning Stavanger;4;100,0;1;1;0;4;0,00;-;-;-;-;-;-;-;-
99274B3204701;Sykkelstamvegen Forus nord;EV39 S1000D65 m24;2026-08-16T08:00+02:00;2026-08-16T09:00+02:00;2026-08-16;08:00;09:00;Totalt;13;100,0;1;1;0;13;0,00;-;-;-;-;-;-;-;-
99274B3204701;Sykkelstamvegen Forus nord;EV39 S1000D65 m24;2026-08-16T09:00+02:00;2026-08-16T10:00+02:00;2026-08-16;09:00;10:00;1;9;100,0;1;1;0;9;0,00;-;-;-;-;-;-;-;-
99274B3204701;Sykkelstamvegen Forus nord;EV39 S1000D65 m24;2026-08-16T09:00+02:00;2026-08-16T10:00+02:00;2026-08-16;09:00;10:00;2;9;100,0;1;1;0;9;0,00;-;-;-;-;-;-;-;-
99274B3204701;Sykkelstamvegen Forus nord;EV39 S1000D65 m24;2026-08-16T09:00+02:00;2026-08-16T10:00+02:00;2026-08-16;09:00;10:00;Totalt i retning Sandnes;10;100,0;1;1;0;10;0,00;-;-;-;-;-;-;-;-
99274B3204701;Sykkelstamvegen Forus nord;EV39 S1000D65 m24;2026-08-16T09:00+02:00;2026-08-16T10:00+02:00;2026-08-16;09:00;10:00;Totalt i retning Stavanger;8;100,0;1;1;0;8;0,00;-;-;-;-;-;-;-;-
99274B3204701;Sykkelstamvegen Forus nord;EV39 S1000D65 m24;2026-08-16T09:00+02:00;2026-08-16T10:00+02:00;2026-08-16;09:00;10:00;Totalt;18;100,0;1;1;0;18;0,00;-;-;-;-;-;-;-;-
99274B3204701;Sykkelstamvegen Forus nord;EV39 S1000D65 m24;2026-08-16T10:00+02:00;2026-08-16T11:00+02:00;2026-08-16;10:00;11:00;1;37;100,0;1;1;0;37;0,00;-;-;-;-;-;-;-;-
99274B3204701;Sykkelstamvegen Forus nord;EV39 S1000D65 m24;2026-08-16T10:00+02:00;2026-08-16T11:00+02:00;2026-08-16;10:00;11:00;2;29;100,0;1;1;0;29;0,00;-;-;-;-;-;-;-;-
99274B3204701;Sykkelstamvegen Forus nord;EV39 S1000D65 m24;2026-08-16T10:00+02:00;2026-08-16T11:00+02:00;2026-08-16;10:00;11:00;Totalt i retning Sandnes;39;100,0;1;1;0;39;0,00;-;-;-;-;-;-;-;-
99274B3204701;Sykkelstamvegen Forus nord;EV39 S1000D65 m24;2026-08-16T10:00+02:00;2026-08-16T11:00+02:00;2026-08-16;10:00;11:00;Totalt i retning Stavanger;27;100,0;1;1;0;27;0,00;-;-;-;-;-;-;-;-
99274B3204701;Sykkelstamvegen Forus nord;EV39 S1000D65 m24;2026-08-16T10:00+02:00;2026-08-16T11:00+02:00;2026-08-16;10:00;11:00;Totalt;66;100,0;1;1;0;66;0,00;-;-;-;-;-;-;-;-
99274B3204701;Sykkelstamvegen Forus nord;EV39 S1000D65 m24;2026-08-16T11:00+02:00;2026-08-16T12:00+02:00;2026-08-16;11:00;12:00;1;37;100,0;1;1;0;37;0,00;-;-;-;-;-;-;-;-
99274B3204701;Sykkelstamvegen Forus nord;EV39 S1000D65 m24;2026-08-16T11:00+02:00;2026-08-16T12:00+02:00;2026-08-16;11:00;12:00;2;33;100,0;1;1;0;33;0,00;-;-;-;-;-;-;-;-
99274B3204701;Sykkelstamvegen Forus nord;EV39 S1000D65 m24;2026-08-16T11:00+02:00;2026-08-16T12:00+02:00;2026-08-16;11:00;12:00;Totalt i retning Sandnes;37;100,0;1;1;0;37;0,00;-;-;-;-;-;-;-;-
99274B3204701;Sykkelstamvegen Forus nord;EV39 S1000D65 m24;2026-08-16T11:00+02:00;2026-08-16T12:00+02:00;2026-08-16;11:00;12:00;Totalt i retning Stavanger;33;100,0;1;1;0;33;0,00;-;-;-;-;-;-;-;-
99274B3204701;Sykkelstamvegen Forus nord;EV39 S1000D65 m24;2026-08-16T11:00+02:00;2026-08-16T12:00+02:00;2026-08-16;11:00;12:00;Totalt;70;100,0;1;1;0;70;0,00;-;-;-;-;-;-;-;-
99274B3204701;Sykkelstamvegen Forus nord;EV39 S1000D65 m24;2026-08-16T12:00+02:00;2026-08-16T13:00+02:00;2026-08-16;12:00;13:00;1;44;100,0;1;1;0;44;0,00;-;-;-;-;-;-;-;-
99274B3204701;Sykkelstamvegen Forus nord;EV39 S1000D65 m24;2026-08-16T12:00+02:00;2026-08-16T13:00+02:00;2026-08-16;12:00;13:00;2;52;100,0;1;1;0;52;0,00;-;-;-;-;-;-;-;-
99274B3204701;Sykkelstamvegen Forus nord;EV39 S1000D65 m24;2026-08-16T12:00+02:00;2026-08-16T13:00+02:00;2026-08-16;12:00;13:00;Totalt i retning Sandnes;41;100,0;1;1;0;41;0,00;-;-;-;-;-;-;-;-
99274B3204701;Sykkelstamvegen Forus nord;EV39 S1000D65 m24;2026-08-16T12:00+02:00;2026-08-16T13:00+02:00;2026-08-16;12:00;13:00;Totalt i retning Stavanger;55;100,0;1;1;0;55;0,00;-;-;-;-;-;-;-;-
99274B3204701;Sykkelstamvegen Forus nord;EV39 S1000D65 m24;2026-08-16T12:00+02:00;2026-08-16T13:00+02:00;2026-08-16;12:00;13:00;Totalt;96;100,0;1;1;0;96;0,00;-;-;-;-;-;-;-;-
99274B3204701;Sykkelstamvegen Forus nord;EV39 S1000D65 m24;2026-08-16T13:00+02:00;2026-08-16T14:00+02:00;2026-08-16;13:00;14:00;1;39;100,0;1;1;0;39;0,00;-;-;-;-;-;-;-;-
99274B3204701;Sykkelstamvegen Forus nord;EV39 S1000D65 m24;2026-08-16T13:00+02:00;2026-08-16T14:00+02:00;2026-08-16;13:00;14:00;2;47;100,0;1;1;0;47;0,00;-;-;-;-;-;-;-;-
99274B3204701;Sykkelstamvegen Forus nord;EV39 S1000D65 m24;2026-08-16T13:00+02:00;2026-08-16T14:00+02:00;2026-08-16;13:00;14:00;Totalt i retning Sandnes;37;100,0;1;1;0;37;0,00;-;-;-;-;-;-;-;-
99274B3204701;Sykkelstamvegen Forus nord;EV39 S1000D65 m24;2026-08-16T13:00+02:00;2026-08-16T14:00+02:00;2026-08-16;13:00;14:00;Totalt i retning Stavanger;49;100,0;1;1;0;49;0,00;-;-;-;-;-;-;-;-
99274B3204701;Sykkelstamvegen Forus nord;EV39 S1000D65 m24;2026-08-16T13:00+02:00;2026-08-16T14:00+02:00;2026-08-16;13:00;14:00;Totalt;86;100,0;1;1;0;86;0,00;-;-;-;-;-;-;-;-
99274B3204701;Sykkelstamvegen Forus nord;EV39 S1000D65 m24;2026-08-16T14:00+02:00;2026-08-16T15:00+02:00;2026-08-16;14:00;15:00;1;34;100,0;1;1;0;34;0,00;-;-;-;-;-;-;-;-
99274B3204701;Sykkelstamvegen Forus nord;EV39 S1000D65 m24;2026-08-16T14:00+02:00;2026-08-16T15:00+02:00;2026-08-16;14:00;15:00;2;45;100,0;1;1;0;45;0,00;-;-;-;-;-;-;-;-
99274B3204701;Sykkelstamvegen Forus nord;EV39 S1000D65 m24;2026-08-16T14:00+02:00;2026-08-16T15:00+02:00;2026-08-16;14:00;15:00;Totalt i retning Sandnes;34;100,0;1;1;0;34;0,00;-;-;-;-;-;-;-;-
99274B3204701;Sykkelstamvegen Forus nord;EV39 S1000D65 m24;2026-08-16T14:00+02:00;2026-08-16T15:00+02:00;2026-08-16;14:00;15:00;Totalt i retning Stavanger;45;100,0;1;1;0;45;0,00;-;-;-;-;-;-;-;-
99274B3204701;Sykkelstamvegen Forus nord;EV39 S1000D65 m24;2026-08-16T14:00+02:00;2026-08-16T15:00+02:00;2026-08-16;14:00;15:00;Totalt;79;100,0;1;1;0;79;0,00;-;-;-;-;-;-;-;-
99274B3204701;Sykkelstamvegen Forus nord;EV39 S1000D65 m24;2026-08-16T15:00+02:00;2026-08-16T16:00+02:00;2026-08-16;15:00;16:00;1;43;100,0;1;1;0;43;0,00;-;-;-;-;-;-;-;-
99274B3204701;Sykkelstamvegen Forus nord;EV39 S1000D65 m24;2026-08-16T15:00+02:00;2026-08-16T16:00+02:00;2026-08-16;15:00;16:00;2;31;100,0;1;1;0;31;0,00;-;-;-;-;-;-;-;-
99274B3204701;Sykkelstamvegen Forus nord;EV39 S1000D65 m24;2026-08-16T15:00+02:00;2026-08-16T16:00+02:00;2026-08-16;15:00;16:00;Totalt i retning Sandnes;42;100,0;1;1;0;42;0,00;-;-;-;-;-;-;-;-
99274B3204701;Sykkelstamvegen Forus nord;EV39 S1000D65 m24;2026-08-16T15:00+02:00;2026-08-16T16:00+02:00;2026-08-16;15:00;16:00;Totalt i retning Stavanger;32;100,0;1;1;0;32;0,00;-;-;-;-;-;-;-;-
99274B3204701;Sykkelstamvegen Forus nord;EV39 S1000D65 m24;2026-08-16T15:00+02:00;2026-08-16T16:00+02:00;2026-08-16;15:00;16:00;Totalt;74;100,0;1;1;0;74;0,00;-;-;-;-;-;-;-;-
99274B3204701;Sykkelstamvegen Forus nord;EV39 S1000D65 m24;2026-08-16T16:00+02:00;2026-08-16T17:00+02:00;2026-08-16;16:00;17:00;1;25;100,0;1;1;0;25;0,00;-;-;-;-;-;-;-;-
99274B3204701;Sykkelstamvegen Forus nord;EV39 S1000D65 m24;2026-08-16T16:00+02:00;2026-08-16T17:00+02:00;2026-08-16;16:00;17:00;2;28;100,0;1;1;0;28;0,00;-;-;-;-;-;-;-;-
99274B3204701;Sykkelstamvegen Forus nord;EV39 S1000D65 m24;2026-08-16T16:00+02:00;2026-08-16T17:00+02:00;2026-08-16;16:00;17:00;Totalt i retning Sandnes;25;100,0;1;1;0;25;0,00;-;-;-;-;-;-;-;-
99274B3204701;Sykkelstamvegen Forus nord;EV39 S1000D65 m24;2026-08-16T16:00+02:00;2026-08-16T17:00+02:00;2026-08-16;16:00;17:00;Totalt i retning Stavanger;28;100,0;1;1;0;28;0,00;-;-;-;-;-;-;-;-
99274B3204701;Sykkelstamvegen Forus nord;EV39 S1000D65 m24;2026-08-16T16:00+02:00;2026-08-16T17:00+02:00;2026-08-16;16:00;17:00;Totalt;53;100,0;1;1;0;53;0,00;-;-;-;-;-;-;-;-
99274B3204701;Sykkelstamvegen Forus nord;EV39 S1000D65 m24;2026-08-16T17:00+02:00;2026-08-16T18:00+02:00;2026-08-16;17:00;18:00;1;31;100,0;1;1;0;31;0,00;-;-;-;-;-;-;-;-
99274B3204701;Sykkelstamvegen Forus nord;EV39 S1000D65 m24;2026-08-16T17:00+02:00;2026-08-16T18:00+02:00;2026-08-16;17:00;18:00;2;15;100,0;1;1;0;15;0,00;-;-;-;-;-;-;-;-
99274B3204701;Sykkelstamvegen Forus nord;EV39 S1000D65 m24;2026-08-16T17:00+02:00;2026-08-16T18:00+02:00;2026-08-16;17:00;18:00;Totalt i retning Sandnes;31;100,0;1;1;0;31;0,00;-;-;-;-;-;-;-;-
99274B3204701;Sykkelstamvegen Forus nord;EV39 S1000D65 m24;2026-08-16T17:00+02:00;2026-08-16T18:00+02:00;2026-08-16;17:00;18:00;Totalt i retning Stavanger;15;100,0;1;1;0;15;0,00;-;-;-;-;-;-;-;-
99274B3204701;Sykkelstamvegen Forus nord;EV39 S1000D65 m24;2026-08-16T17:00+02:00;2026-08-16T18:00+02:00;2026-08-16;17:00;18:00;Totalt;46;100,0;1;1;0;46;0,00;-;-;-;-;-;-;-;-
99274B3204701;Sykkelstamvegen Forus nord;EV39 S1000D65 m24;2026-08-16T18:00+02:00;2026-08-16T19:00+02:00;2026-08-16;18:00;19:00;1;19;100,0;1;1;0;19;0,00;-;-;-;-;-;-;-;-
99274B3204701;Sykkelstamvegen Forus nord;EV39 S1000D65 m24;2026-08-16T18:00+02:00;2026-08-16T19:00+02:00;2026-08-16;18:00;19:00;2;20;100,0;1;1;0;20;0,00;-;-;-;-;-;-;-;-
99274B3204701;Sykkelstamvegen Forus nord;EV39 S1000D65 m24;2026-08-16T18:00+02:00;2026-08-16T19:00+02:00;2026-08-16;18:00;19:00;Totalt i retning Sandnes;21;100,0;1;1;0;21;0,00;-;-;-;-;-;-;-;-
99274B3204701;Sykkelstamvegen Forus nord;EV39 S1000D65 m24;2026-08-16T18:00+02:00;2026-08-16T19:00+02:00;2026-08-16;18:00;19:00;Totalt i retning Stavanger;18;100,0;1;1;0;18;0,00;-;-;-;-;-;-;-;-
99274B3204701;Sykkelstamvegen Forus nord;EV39 S1000D65 m24;2026-08-16T18:00+02:00;2026-08-16T19:00+02:00;2026-08-16;18:00;19:00;Totalt;39;100,0;1;1;0;39;0,00;-;-;-;-;-;-;-;-
99274B3204701;Sykkelstamvegen Forus nord;EV39 S1000D65 m24;2026-08-16T19:00+02:00;2026-08-16T20:00+02:00;2026-08-16;19:00;20:00;1;9;100,0;1;1;0;9;0,00;-;-;-;-;-;-;-;-
99274B3204701;Sykkelstamvegen Forus nord;EV39 S1000D65 m24;2026-08-16T19:00+02:00;2026-08-16T20:00+02:00;2026-08-16;19:00;20:00;2;14;100,0;1;1;0;14;0,00;-;-;-;-;-;-;-;-
99274B3204701;Sykkelstamvegen Forus nord;EV39 S1000D65 m24;2026-08-16T19:00+02:00;2026-08-16T20:00+02:00;2026-08-16;19:00;20:00;Totalt i retning Sandnes;11;100,0;1;1;0;11;0,00;-;-;-;-;-;-;-;-
99274B3204701;Sykkelstamvegen Forus nord;EV39 S1000D65 m24;2026-08-16T19:00+02:00;2026-08-16T20:00+02:00;2026-08-16;19:00;20:00;Totalt i retning Stavanger;12;100,0;1;1;0;12;0,00;-;-;-;-;-;-;-;-
99274B3204701;Sykkelstamvegen Forus nord;EV39 S1000D65 m24;2026-08-16T19:00+02:00;2026-08-16T20:00+02:00;2026-08-16;19:00;20:00;Totalt;23;100,0;1;1;0;23;0,00;-;-;-;-;-;-;-;-
99274B3204701;Sykkelstamvegen Forus nord;EV39 S1000D65 m24;2026-08-16T20:00+02:00;2026-08-16T21:00+02:00;2026-08-16;20:00;21:00;1;6;100,0;1;1;0;6;0,00;-;-;-;-;-;-;-;-
99274B3204701;Sykkelstamvegen Forus nord;EV39 S1000D65 m24;2026-08-16T20:00+02:00;2026-08-16T21:00+02:00;2026-08-16;20:00;21:00;2;2;100,0;1;1;0;2;0,00;-;-;-;-;-;-;-;-
99274B3204701;Sykkelstamvegen Forus nord;EV39 S1000D65 m24;2026-08-16T20:00+02:00;2026-08-16T21:00+02:00;2026-08-16;20:00;21:00;Totalt i retning Sandnes;6;100,0;1;1;0;6;0,00;-;-;-;-;-;-;-;-
99274B3204701;Sykkelstamvegen Forus nord;EV39 S1000D65 m24;2026-08-16T20:00+02:00;2026-08-16T21:00+02:00;2026-08-16;20:00;21:00;Totalt i retning Stavanger;2;100,0;1;1;0;2;0,00;-;-;-;-;-;-;-;-
99274B3204701;Sykkelstamvegen Forus nord;EV39 S1000D65 m24;2026-08-16T20:00+02:00;2026-08-16T21:00+02:00;2026-08-16;20:00;21:00;Totalt;8;100,0;1;1;0;8;0,00;-;-;-;-;-;-;-;-
99274B3204701;Sykkelstamvegen Forus nord;EV39 S1000D65 m24;2026-08-16T21:00+02:00;2026-08-16T22:00+02:00;2026-08-16;21:00;22:00;1;3;100,0;1;1;0;3;0,00;-;-;-;-;-;-;-;-
99274B3204701;Sykkelstamvegen Forus nord;EV39 S1000D65 m24;2026-08-16T21:00+02:00;2026-08-16T22:00+02:00;2026-08-16;21:00;22:00;2;4;100,0;1;1;0;4;0,00;-;-;-;-;-;-;-;-
99274B3204701;Sykkelstamvegen Forus nord;EV39 S1000D65 m24;2026-08-16T21:00+02:00;2026-08-16T22:00+02:00;2026-08-16;21:00;22:00;Totalt i retning Sandnes;3;100,0;1;1;0;3;0,00;-;-;-;-;-;-;-;-
99274B3204701;Sykkelstamvegen Forus nord;EV39 S1000D65 m24;2026-08-16T21:00+02:00;2026-08-16T22:00+02:00;2026-08-16;21:00;22:00;Totalt i retning Stavanger;4;100,0;1;1;0;4;0,00;-;-;-;-;-;-;-;-
99274B3204701;Sykkelstamvegen Forus nord;EV39 S1000D65 m24;2026-08-16T21:00+02:00;2026-08-16T22:00+02:00;2026-08-16;21:00;22:00;Totalt;7;100,0;1;1;0;7;0,00;-;-;-;-;-;-;-;-
99274B3204701;Sykkelstamvegen Forus nord;EV39 S1000D65 m24;2026-08-16T22:00+02:00;2026-08-16T23:00+02:00;2026-08-16;22:00;23:00;1;1;100,0;1;1;0;1;0,00;-;-;-;-;-;-;-;-
99274B3204701;Sykkelstamvegen Forus nord;EV39 S1000D65 m24;2026-08-16T22:00+02:00;2026-08-16T23:00+02:00;2026-08-16;22:00;23:00;2;1;100,0;1;1;0;1;0,00;-;-;-;-;-;-;-;-
99274B3204701;Sykkelstamvegen Forus nord;EV39 S1000D65 m24;2026-08-16T22:00+02:00;2026-08-16T23:00+02:00;2026-08-16;22:00;23:00;Totalt i retning Sandnes;1;100,0;1;1;0;1;0,00;-;-;-;-;-;-;-;-
99274B3204701;Sykkelstamvegen Forus nord;EV39 S1000D65 m24;2026-08-16T22:00+02:00;2026-08-16T23:00+02:00;2026-08-16;22:00;23:00;Totalt i retning Stavanger;1;100,0;1;1;0;1;0,00;-;-;-;-;-;-;-;-
99274B3204701;Sykkelstamvegen Forus nord;EV39 S1000D65 m24;2026-08-16T22:00+02:00;2026-08-16T23:00+02:00;2026-08-16;22:00;23:00;Totalt;2;100,0;1;1;0;2;0,00;-;-;-;-;-;-;-;-
99274B3204701;Sykkelstamvegen Forus nord;EV39 S1000D65 m24;2026-08-16T23:00+02:00;2026-08-17T00:00+02:00;2026-08-16;23:00;00:00;1;1;100,0;1;1;0;1;0,00;-;-;-;-;-;-;-;-
99274B3204701;Sykkelstamvegen Forus nord;EV39 S1000D65 m24;2026-08-16T23:00+02:00;2026-08-17T00:00+02:00;2026-08-16;23:00;00:00;2;0;100,0;1;1;0;0;100,00;-;-;-;-;-;-;-;-
99274B3204701;Sykkelstamvegen Forus nord;EV39 S1000D65 m24;2026-08-16T23:00+02:00;2026-08-17T00:00+02:00;2026-08-16;23:00;00:00;Totalt i retning Sandnes;1;100,0;1;1;0;1;0,00;-;-;-;-;-;-;-;-
99274B3204701;Sykkelstamvegen Forus nord;EV39 S1000D65 m24;2026-08-16T23:00+02:00;2026-08-17T00:00+02:00;2026-08-16;23:00;00:00;Totalt i retning Stavanger;0;100,0;1;1;0;0;100,00;-;-;-;-;-;-;-;-
99274B3204701;Sykkelstamvegen Forus nord;EV39 S1000D65 m24;2026-08-16T23:00+02:00;2026-08-17T00:00+02:00;2026-08-16;23:00;00:00;Totalt;1;100,0;1;1;0;1;0,00;-;-;-;-;-;-;-;-
99274B3204701;Sykkelstamvegen Forus nord;EV39 S1000D65 m24;2026-08-17T00:00+02:00;2026-08-17T01:00+02:00;2026-08-17;00:00;01:00;1;1;100,0;1;1;0;1;0,00;-;-;-;-;-;-;-;-
99274B3204701;Sykkelstamvegen Forus nord;EV39 S1000D65 m24;2026-08-17T00:00+02:00;2026-08-17T01:00+02:00;2026-08-17;00:00;01:00;2;0;100,0;1;1;0;0;100,00;-;-;-;-;-;-;-;-
99274B3204701;Sykkelstamvegen Forus nord;EV39 S1000D65 m24;2026-08-17T00:00+02:00;2026-08-17T01:00+02:00;2026-08-17;00:00;01:00;Totalt i retning Sandnes;1;100,0;1;1;0;1;0,00;-;-;-;-;-;-;-;-
99274B3204701;Sykkelstamvegen Forus nord;EV39 S1000D65 m24;2026-08-17T00:00+02:00;2026-08-17T01:00+02:00;2026-08-17;00:00;01:00;Totalt i retning Stavanger;0;100,0;1;1;0;0;100,00;-;-;-;-;-;-;-;-
99274B3204701;Sykkelstamvegen Forus nord;EV39 S1000D65 m24;2026-08-17T00:00+02:00;2026-08-17T01:00+02:00;2026-08-17;00:00;01:00;Totalt;1;100,0;1;1;0;1;0,00;-;-;-;-;-;-;-;-
99274B3204701;Sykkelstamvegen Forus nord;EV39 S1000D65 m24;2026-08-17T01:00+02:00;2026-08-17T02:00+02:00;2026-08-17;01:00;02:00;1;0;100,0;1;1;0;0;100,00;-;-;-;-;-;-;-;-
99274B3204701;Sykkelstamvegen Forus nord;EV39 S1000D65 m24;2026-08-17T01:00+02:00;2026-08-17T02:00+02:00;2026-08-17;01:00;02:00;2;0;100,0;1;1;0;0;100,00;-;-;-;-;-;-;-;-
99274B3204701;Sykkelstamvegen Forus nord;EV39 S1000D65 m24;2026-08-17T01:00+02:00;2026-08-17T02:00+02:00;2026-08-17;01:00;02:00;Totalt i retning Sandnes;0;100,0;1;1;0;0;100,00;-;-;-;-;-;-;-;-
99274B3204701;Sykkelstamvegen Forus nord;EV39 S1000D65 m24;2026-08-17T01:00+02:00;2026-08-17T02:00+02:00;2026-08-17;01:00;02:00;Totalt i retning Stavanger;0;100,0;1;1;0;0;100,00;-;-;-;-;-;-;-;-
99274B3204701;Sykkelstamvegen Forus nord;EV39 S1000D65 m24;2026-08-17T01:00+02:00;2026-08-17T02:00+02:00;2026-08-17;01:00;02:00;Totalt;0;100,0;1;1;0;0;100,00;-;-;-;-;-;-;-;-
99274B3204701;Sykkelstamvegen Forus nord;EV39 S1000D65 m24;2026-08-17T02:00+02:00;2026-08-17T03:00+02:00;2026-08-17;02:00;03:00;1;0;100,0;1;1;0;0;100,00;-;-;-;-;-;-;-;-
99274B3204701;Sykkelstamvegen Forus nord;EV39 S1000D65 m24;2026-08-17T02:00+02:00;2026-08-17T03:00+02:00;2026-08-17;02:00;03:00;2;0;100,0;1;1;0;0;100,00;-;-;-;-;-;-;-;-
99274B3204701;Sykkelstamvegen Forus nord;EV39 S1000D65 m24;2026-08-17T02:00+02:00;2026-08-17T03:00+02:00;2026-08-17;02:00;03:00;Totalt i retning Sandnes;0;100,0;1;1;0;0;100,00;-;-;-;-;-;-;-;-
99274B3204701;Sykkelstamvegen Forus nord;EV39 S1000D65 m24;2026-08-17T02:00+02:00;2026-08-17T03:00+02:00;2026-08-17;02:00;03:00;Totalt i retning Stavanger;0;100,0;1;1;0;0;100,00;-;-;-;-;-;-;-;-
99274B3204701;Sykkelstamvegen Forus nord;EV39 S1000D65 m24;2026-08-17T02:00+02:00;2026-08-17T03:00+02:00;2026-08-17;02:00;03:00;Totalt;0;100,0;1;1;0;0;100,00;-;-;-;-;-;-;-;-
99274B3204701;Sykkelstamvegen Forus nord;EV39 S1000D65 m24;2026-08-17T03:00+02:00;2026-08-17T04:00+02:00;2026-08-17;03:00;04:00;1;0;100,0;1;1;0;0;100,00;-;-;-;-;-;-;-;-
99274B3204701;Sykkelstamvegen Forus nord;EV39 S1000D65 m24;2026-08-17T03:00+02:00;2026-08-17T04:00+02:00;2026-08-17;03:00;04:00;2;0;100,0;1;1;0;0;100,00;-;-;-;-;-;-;-;-
99274B3204701;Sykkelstamvegen Forus nord;EV39 S1000D65 m24;2026-08-17T03:00+02:00;2026-08-17T04:00+02:00;2026-08-17;03:00;04:00;Totalt i retning Sandnes;0;100,0;1;1;0;0;100,00;-;-;-;-;-;-;-;-
99274B3204701;Sykkelstamvegen Forus nord;EV39 S1000D65 m24;2026-08-17T03:00+02:00;2026-08-17T04:00+02:00;2026-08-17;03:00;04:00;Totalt i retning Stavanger;0;100,0;1;1;0;0;100,00;-;-;-;-;-;-;-;-
99274B3204701;Sykkelstamvegen Forus nord;EV39 S1000D65 m24;2026-08-17T03:00+02:00;2026-08-17T04:00+02:00;2026-08-17;03:00;04:00;Totalt;0;100,0;1;1;0;0;100,00;-;-;-;-;-;-;-;-
99274B3204701;Sykkelstamvegen Forus nord;EV39 S1000D65 m24;2026-08-17T04:00+02:00;2026-08-17T05:00+02:00;2026-08-17;04:00;05:00;1;1;100,0;1;1;0;1;0,00;-;-;-;-;-;-;-;-
99274B3204701;Sykkelstamvegen Forus nord;EV39 S1000D65 m24;2026-08-17T04:00+02:00;2026-08-17T05:00+02:00;2026-08-17;04:00;05:00;2;0;100,0;1;1;0;0;100,00;-;-;-;-;-;-;-;-
99274B3204701;Sykkelstamvegen Forus nord;EV39 S1000D65 m24;2026-08-17T04:00+02:00;2026-08-17T05:00+02:00;2026-08-17;04:00;05:00;Totalt i retning Sandnes;1;100,0;1;1;0;1;0,00;-;-;-;-;-;-;-;-
99274B3204701;Sykkelstamvegen Forus nord;EV39 S1000D65 m24;2026-08-17T04:00+02:00;2026-08-17T05:00+02:00;2026-08-17;04:00;05:00;Totalt i retning Stavanger;0;100,0;1;1;0;0;100,00;-;-;-;-;-;-;-;-
99274B3204701;Sykkelstamvegen Forus nord;EV39 S1000D65 m24;2026-08-17T04:00+02:00;2026-08-17T05:00+02:00;2026-08-17;04:00;05:00;Totalt;1;100,0;1;1;0;1;0,00;-;-;-;-;-;-;-;-
99274B3204701;Sykkelstamvegen Forus nord;EV39 S1000D65 m24;2026-08-17T05:00+02:00;2026-08-17T06:00+02:00;2026-08-17;05:00;06:00;1;7;100,0;1;1;0;7;0,00;-;-;-;-;-;-;-;-
99274B3204701;Sykkelstamvegen Forus nord;EV39 S1000D65 m24;2026-08-17T05:00+02:00;2026-08-17T06:00+02:00;2026-08-17;05:00;06:00;2;15;100,0;1;1;0;15;0,00;-;-;-;-;-;-;-;-
99274B3204701;Sykkelstamvegen Forus nord;EV39 S1000D65 m24;2026-08-17T05:00+02:00;2026-08-17T06:00+02:00;2026-08-17;05:00;06:00;Totalt i retning Sandnes;7;100,0;1;1;0;7;0,00;-;-;-;-;-;-;-;-
99274B3204701;Sykkelstamvegen Forus nord;EV39 S1000D65 m24;2026-08-17T05:00+02:00;2026-08-17T06:00+02:00;2026-08-17;05:00;06:00;Totalt i retning Stavanger;15;100,0;1;1;0;15;0,00;-;-;-;-;-;-;-;-
99274B3204701;Sykkelstamvegen Forus nord;EV39 S1000D65 m24;2026-08-17T05:00+02:00;2026-08-17T06:00+02:00;2026-08-17;05:00;06:00;Totalt;22;100,0;1;1;0;22;0,00;-;-;-;-;-;-;-;-
99274B3204701;Sykkelstamvegen Forus nord;EV39 S1000D65 m24;2026-08-17T06:00+02:00;2026-08-17T07:00+02:00;2026-08-17;06:00;07:00;1;32;100,0;1;1;0;32;0,00;-;-;-;-;-;-;-;-
99274B3204701;Sykkelstamvegen Forus nord;EV39 S1000D65 m24;2026-08-17T06:00+02:00;2026-08-17T07:00+02:00;2026-08-17;06:00;07:00;2;86;100,0;1;1;0;86;0,00;-;-;-;-;-;-;-;-
99274B3204701;Sykkelstamvegen Forus nord;EV39 S1000D65 m24;2026-08-17T06:00+02:00;2026-08-17T07:00+02:00;2026-08-17;06:00;07:00;Totalt i retning Sandnes;32;100,0;1;1;0;32;0,00;-;-;-;-;-;-;-;-
99274B3204701;Sykkelstamvegen Forus nord;EV39 S1000D65 m24;2026-08-17T06:00+02:00;2026-08-17T07:00+02:00;2026-08-17;06:00;07:00;Totalt i retning Stavanger;86;100,0;1;1;0;86;0,00;-;-;-;-;-;-;-;-
99274B3204701;Sykkelstamvegen Forus nord;EV39 S1000D65 m24;2026-08-17T06:00+02:00;2026-08-17T07:00+02:00;2026-08-17;06:00;07:00;Totalt;118;100,0;1;1;0;118;0,00;-;-;-;-;-;-;-;-
99274B3204701;Sykkelstamvegen Forus nord;EV39 S1000D65 m24;2026-08-17T07:00+02:00;2026-08-17T08:00+02:00;2026-08-17;07:00;08:00;1;69;100,0;1;1;0;69;0,00;-;-;-;-;-;-;-;-
99274B3204701;Sykkelstamvegen Forus nord;EV39 S1000D65 m24;2026-08-17T07:00+02:00;2026-08-17T08:00+02:00;2026-08-17;07:00;08:00;2;120;100,0;1;1;0;120;0,00;-;-;-;-;-;-;-;-
99274B3204701;Sykkelstamvegen Forus nord;EV39 S1000D65 m24;2026-08-17T07:00+02:00;2026-08-17T08:00+02:00;2026-08-17;07:00;08:00;Totalt i retning Sandnes;67;100,0;1;1;0;67;0,00;-;-;-;-;-;-;-;-
99274B3204701;Sykkelstamvegen Forus nord;EV39 S1000D65 m24;2026-08-17T07:00+02:00;2026-08-17T08:00+02:00;2026-08-17;07:00;08:00;Totalt i retning Stavanger;122;100,0;1;1;0;122;0,00;-;-;-;-;-;-;-;-
99274B3204701;Sykkelstamvegen Forus nord;EV39 S1000D65 m24;2026-08-17T07:00+02:00;2026-08-17T08:00+02:00;2026-08-17;07:00;08:00;Totalt;189;100,0;1;1;0;189;0,00;-;-;-;-;-;-;-;-
99274B3204701;Sykkelstamvegen Forus nord;EV39 S1000D65 m24;2026-08-17T08:00+02:00;2026-08-17T09:00+02:00;2026-08-17;08:00;09:00;1;30;100,0;1;1;0;30;0,00;-;-;-;-;-;-;-;-
99274B3204701;Sykkelstamvegen Forus nord;EV39 S1000D65 m24;2026-08-17T08:00+02:00;2026-08-17T09:00+02:00;2026-08-17;08:00;09:00;2;56;100,0;1;1;0;56;0,00;-;-;-;-;-;-;-;-
99274B3204701;Sykkelstamvegen Forus nord;EV39 S1000D65 m24;2026-08-17T08:00+02:00;2026-08-17T09:00+02:00;2026-08-17;08:00;09:00;Totalt i retning Sandnes;29;100,0;1;1;0;29;0,00;-;-;-;-;-;-;-;-
99274B3204701;Sykkelstamvegen Forus nord;EV39 S1000D65 m24;2026-08-17T08:00+02:00;2026-08-17T09:00+02:00;2026-08-17;08:00;09:00;Totalt i retning Stavanger;57;100,0;1;1;0;57;0,00;-;-;-;-;-;-;-;-
99274B3204701;Sykkelstamvegen Forus nord;EV39 S1000D65 m24;2026-08-17T08:00+02:00;2026-08-17T09:00+02:00;2026-08-17;08:00;09:00;Totalt;86;100,0;1;1;0;86;0,00;-;-;-;-;-;-;-;-
99274B3204701;Sykkelstamvegen Forus nord;EV39 S1000D65 m24;2026-08-17T09:00+02:00;2026-08-17T10:00+02:00;2026-08-17;09:00;10:00;1;15;100,0;1;1;0;15;0,00;-;-;-;-;-;-;-;-
99274B3204701;Sykkelstamvegen Forus nord;EV39 S1000D65 m24;2026-08-17T09:00+02:00;2026-08-17T10:00+02:00;2026-08-17;09:00;10:00;2;13;100,0;1;1;0;13;0,00;-;-;-;-;-;-;-;-
99274B3204701;Sykkelstamvegen Forus nord;EV39 S1000D65 m24;2026-08-17T09:00+02:00;2026-08-17T10:00+02:00;2026-08-17;09:00;10:00;Totalt i retning Sandnes;15;100,0;1;1;0;15;0,00;-;-;-;-;-;-;-;-
99274B3204701;Sykkelstamvegen Forus nord;EV39 S1000D65 m24;2026-08-17T09:00+02:00;2026-08-17T10:00+02:00;2026-08-17;09:00;10:00;Totalt i retning Stavanger;13;100,0;1;1;0;13;0,00;-;-;-;-;-;-;-;-
99274B3204701;Sykkelstamvegen Forus nord;EV39 S1000D65 m24;2026-08-17T09:00+02:00;2026-08-17T10:00+02:00;2026-08-17;09:00;10:00;Totalt;28;100,0;1;1;0;28;0,00;-;-;-;-;-;-;-;-
99274B3204701;Sykkelstamvegen Forus nord;EV39 S1000D65 m24;2026-08-17T10:00+02:00;2026-08-17T11:00+02:00;2026-08-17;10:00;11:00;1;14;100,0;1;1;0;14;0,00;-;-;-;-;-;-;-;-
99274B3204701;Sykkelstamvegen Forus nord;EV39 S1000D65 m24;2026-08-17T10:00+02:00;2026-08-17T11:00+02:00;2026-08-17;10:00;11:00;2;15;100,0;1;1;0;15;0,00;-;-;-;-;-;-;-;-
99274B3204701;Sykkelstamvegen Forus nord;EV39 S1000D65 m24;2026-08-17T10:00+02:00;2026-08-17T11:00+02:00;2026-08-17;10:00;11:00;Totalt i retning Sandnes;14;100,0;1;1;0;14;0,00;-;-;-;-;-;-;-;-
99274B3204701;Sykkelstamvegen Forus nord;EV39 S1000D65 m24;2026-08-17T10:00+02:00;2026-08-17T11:00+02:00;2026-08-17;10:00;11:00;Totalt i retning Stavanger;15;100,0;1;1;0;15;0,00;-;-;-;-;-;-;-;-
99274B3204701;Sykkelstamvegen Forus nord;EV39 S1000D65 m24;2026-08-17T10:00+02:00;2026-08-17T11:00+02:00;2026-08-17;10:00;11:00;Totalt;29;100,0;1;1;0;29;0,00;-;-;-;-;-;-;-;-
99274B3204701;Sykkelstamvegen Forus nord;EV39 S1000D65 m24;2026-08-17T11:00+02:00;2026-08-17T12:00+02:00;2026-08-17;11:00;12:00;1;17;100,0;1;1;0;17;0,00;-;-;-;-;-;-;-;-
99274B3204701;Sykkelstamvegen Forus nord;EV39 S1000D65 m24;2026-08-17T11:00+02:00;2026-08-17T12:00+02:00;2026-08-17;11:00;12:00;2;20;100,0;1;1;0;20;0,00;-;-;-;-;-;-;-;-
99274B3204701;Sykkelstamvegen Forus nord;EV39 S1000D65 m24;2026-08-17T11:00+02:00;2026-08-17T12:00+02:00;2026-08-17;11:00;12:00;Totalt i retning Sandnes;16;100,0;1;1;0;16;0,00;-;-;-;-;-;-;-;-
99274B3204701;Sykkelstamvegen Forus nord;EV39 S1000D65 m24;2026-08-17T11:00+02:00;2026-08-17T12:00+02:00;2026-08-17;11:00;12:00;Totalt i retning Stavanger;21;100,0;1;1;0;21;0,00;-;-;-;-;-;-;-;-
99274B3204701;Sykkelstamvegen Forus nord;EV39 S1000D65 m24;2026-08-17T11:00+02:00;2026-08-17T12:00+02:00;2026-08-17;11:00;12:00;Totalt;37;100,0;1;1;0;37;0,00;-;-;-;-;-;-;-;-
99274B3204701;Sykkelstamvegen Forus nord;EV39 S1000D65 m24;2026-08-17T12:00+02:00;2026-08-17T13:00+02:00;2026-08-17;12:00;13:00;1;18;100,0;1;1;0;18;0,00;-;-;-;-;-;-;-;-
99274B3204701;Sykkelstamvegen Forus nord;EV39 S1000D65 m24;2026-08-17T12:00+02:00;2026-08-17T13:00+02:00;2026-08-17;12:00;13:00;2;20;100,0;1;1;0;20;0,00;-;-;-;-;-;-;-;-
99274B3204701;Sykkelstamvegen Forus nord;EV39 S1000D65 m24;2026-08-17T12:00+02:00;2026-08-17T13:00+02:00;2026-08-17;12:00;13:00;Totalt i retning Sandnes;16;100,0;1;1;0;16;0,00;-;-;-;-;-;-;-;-
99274B3204701;Sykkelstamvegen Forus nord;EV39 S1000D65 m24;2026-08-17T12:00+02:00;2026-08-17T13:00+02:00;2026-08-17;12:00;13:00;Totalt i retning Stavanger;22;100,0;1;1;0;22;0,00;-;-;-;-;-;-;-;-
99274B3204701;Sykkelstamvegen Forus nord;EV39 S1000D65 m24;2026-08-17T12:00+02:00;2026-08-17T13:00+02:00;2026-08-17;12:00;13:00;Totalt;38;100,0;1;1;0;38;0,00;-;-;-;-;-;-;-;-
99274B3204701;Sykkelstamvegen Forus nord;EV39 S1000D65 m24;2026-08-17T13:00+02:00;2026-08-17T14:00+02:00;2026-08-17;13:00;14:00;1;18;100,0;1;1;0;18;0,00;-;-;-;-;-;-;-;-
99274B3204701;Sykkelstamvegen Forus nord;EV39 S1000D65 m24;2026-08-17T13:00+02:00;2026-08-17T14:00+02:00;2026-08-17;13:00;14:00;2;15;100,0;1;1;0;15;0,00;-;-;-;-;-;-;-;-
99274B3204701;Sykkelstamvegen Forus nord;EV39 S1000D65 m24;2026-08-17T13:00+02:00;2026-08-17T14:00+02:00;2026-08-17;13:00;14:00;Totalt i retning Sandnes;19;100,0;1;1;0;19;0,00;-;-;-;-;-;-;-;-
99274B3204701;Sykkelstamvegen Forus nord;EV39 S1000D65 m24;2026-08-17T13:00+02:00;2026-08-17T14:00+02:00;2026-08-17;13:00;14:00;Totalt i retning Stavanger;14;100,0;1;1;0;14;0,00;-;-;-;-;-;-;-;-
99274B3204701;Sykkelstamvegen Forus nord;EV39 S1000D65 m24;2026-08-17T13:00+02:00;2026-08-17T14:00+02:00;2026-08-17;13:00;14:00;Totalt;33;100,0;1;1;0;33;0,00;-;-;-;-;-;-;-;-
99274B3204701;Sykkelstamvegen Forus nord;EV39 S1000D65 m24;2026-08-17T14:00+02:00;2026-08-17T15:00+02:00;2026-08-17;14:00;15:00;1;46;100,0;1;1;0;46;0,00;-;-;-;-;-;-;-;-
99274B3204701;Sykkelstamvegen Forus nord;EV39 S1000D65 m24;2026-08-17T14:00+02:00;2026-08-17T15:00+02:00;2026-08-17;14:00;15:00;2;23;100,0;1;1;0;23;0,00;-;-;-;-;-;-;-;-
99274B3204701;Sykkelstamvegen Forus nord;EV39 S1000D65 m24;2026-08-17T14:00+02:00;2026-08-17T15:00+02:00;2026-08-17;14:00;15:00;Totalt i retning Sandnes;46;100,0;1;1;0;46;0,00;-;-;-;-;-;-;-;-
99274B3204701;Sykkelstamvegen Forus nord;EV39 S1000D65 m24;2026-08-17T14:00+02:00;2026-08-17T15:00+02:00;2026-08-17;14:00;15:00;Totalt i retning Stavanger;23;100,0;1;1;0;23;0,00;-;-;-;-;-;-;-;-
99274B3204701;Sykkelstamvegen Forus nord;EV39 S1000D65 m24;2026-08-17T14:00+02:00;2026-08-17T15:00+02:00;2026-08-17;14:00;15:00;Totalt;69;100,0;1;1;0;69;0,00;-;-;-;-;-;-;-;-
99274B3204701;Sykkelstamvegen Forus nord;EV39 S1000D65 m24;2026-08-17T15:00+02:00;2026-08-17T16:00+02:00;2026-08-17;15:00;16:00;1;139;100,0;1;1;0;139;0,00;-;-;-;-;-;-;-;-
99274B3204701;Sykkelstamvegen Forus nord;EV39 S1000D65 m24;2026-08-17T15:00+02:00;2026-08-17T16:00+02:00;2026-08-17;15:00;16:00;2;64;100,0;1;1;0;64;0,00;-;-;-;-;-;-;-;-
99274B3204701;Sykkelstamvegen Forus nord;EV39 S1000D65 m24;2026-08-17T15:00+02:00;2026-08-17T16:00+02:00;2026-08-17;15:00;16:00;Totalt i retning Sandnes;139;100,0;1;1;0;139;0,00;-;-;-;-;-;-;-;-
99274B3204701;Sykkelstamvegen Forus nord;EV39 S1000D65 m24;2026-08-17T15:00+02:00;2026-08-17T16:00+02:00;2026-08-17;15:00;16:00;Totalt i retning Stavanger;64;100,0;1;1;0;64;0,00;-;-;-;-;-;-;-;-
99274B3204701;Sykkelstamvegen Forus nord;EV39 S1000D65 m24;2026-08-17T15:00+02:00;2026-08-17T16:00+02:00;2026-08-17;15:00;16:00;Totalt;203;100,0;1;1;0;203;0,00;-;-;-;-;-;-;-;-
99274B3204701;Sykkelstamvegen Forus nord;EV39 S1000D65 m24;2026-08-17T16:00+02:00;2026-08-17T17:00+02:00;2026-08-17;16:00;17:00;1;113;100,0;1;1;0;113;0,00;-;-;-;-;-;-;-;-
99274B3204701;Sykkelstamvegen Forus nord;EV39 S1000D65 m24;2026-08-17T16:00+02:00;2026-08-17T17:00+02:00;2026-08-17;16:00;17:00;2;59;100,0;1;1;0;59;0,00;-;-;-;-;-;-;-;-
99274B3204701;Sykkelstamvegen Forus nord;EV39 S1000D65 m24;2026-08-17T16:00+02:00;2026-08-17T17:00+02:00;2026-08-17;16:00;17:00;Totalt i retning Sandnes;114;100,0;1;1;0;114;0,00;-;-;-;-;-;-;-;-
99274B3204701;Sykkelstamvegen Forus nord;EV39 S1000D65 m24;2026-08-17T16:00+02:00;2026-08-17T17:00+02:00;2026-08-17;16:00;17:00;Totalt i retning Stavanger;58;100,0;1;1;0;58;0,00;-;-;-;-;-;-;-;-
99274B3204701;Sykkelstamvegen Forus nord;EV39 S1000D65 m24;2026-08-17T16:00+02:00;2026-08-17T17:00+02:00;2026-08-17;16:00;17:00;Totalt;172;100,0;1;1;0;172;0,00;-;-;-;-;-;-;-;-
99274B3204701;Sykkelstamvegen Forus nord;EV39 S1000D65 m24;2026-08-17T17:00+02:00;2026-08-17T18:00+02:00;2026-08-17;17:00;18:00;1;45;100,0;1;1;0;45;0,00;-;-;-;-;-;-;-;-
99274B3204701;Sykkelstamvegen Forus nord;EV39 S1000D65 m24;2026-08-17T17:00+02:00;2026-08-17T18:00+02:00;2026-08-17;17:00;18:00;2;35;100,0;1;1;0;35;0,00;-;-;-;-;-;-;-;-
99274B3204701;Sykkelstamvegen Forus nord;EV39 S1000D65 m24;2026-08-17T17:00+02:00;2026-08-17T18:00+02:00;2026-08-17;17:00;18:00;Totalt i retning Sandnes;45;100,0;1;1;0;45;0,00;-;-;-;-;-;-;-;-
99274B3204701;Sykkelstamvegen Forus nord;EV39 S1000D65 m24;2026-08-17T17:00+02:00;2026-08-17T18:00+02:00;2026-08-17;17:00;18:00;Totalt i retning Stavanger;35;100,0;1;1;0;35;0,00;-;-;-;-;-;-;-;-
99274B3204701;Sykkelstamvegen Forus nord;EV39 S1000D65 m24;2026-08-17T17:00+02:00;2026-08-17T18:00+02:00;2026-08-17;17:00;18:00;Totalt;80;100,0;1;1;0;80;0,00;-;-;-;-;-;-;-;-
99274B3204701;Sykkelstamvegen Forus nord;EV39 S1000D65 m24;2026-08-17T18:00+02:00;2026-08-17T19:00+02:00;2026-08-17;18:00;19:00;1;36;100,0;1;1;0;36;0,00;-;-;-;-;-;-;-;-
99274B3204701;Sykkelstamvegen Forus nord;EV39 S1000D65 m24;2026-08-17T18:00+02:00;2026-08-17T19:00+02:00;2026-08-17;18:00;19:00;2;17;100,0;1;1;0;17;0,00;-;-;-;-;-;-;-;-
99274B3204701;Sykkelstamvegen Forus nord;EV39 S1000D65 m24;2026-08-17T18:00+02:00;2026-08-17T19:00+02:00;2026-08-17;18:00;19:00;Totalt i retning Sandnes;36;100,0;1;1;0;36;0,00;-;-;-;-;-;-;-;-
99274B3204701;Sykkelstamvegen Forus nord;EV39 S1000D65 m24;2026-08-17T18:00+02:00;2026-08-17T19:00+02:00;2026-08-17;18:00;19:00;Totalt i retning Stavanger;17;100,0;1;1;0;17;0,00;-;-;-;-;-;-;-;-
99274B3204701;Sykkelstamvegen Forus nord;EV39 S1000D65 m24;2026-08-17T18:00+02:00;2026-08-17T19:00+02:00;2026-08-17;18:00;19:00;Totalt;53;100,0;1;1;0;53;0,00;-;-;-;-;-;-;-;-
99274B3204701;Sykkelstamvegen Forus nord;EV39 S1000D65 m24;2026-08-17T19:00+02:00;2026-08-17T20:00+02:00;2026-08-17;19:00;20:00;1;29;100,0;1;1;0;29;0,00;-;-;-;-;-;-;-;-
99274B3204701;Sykkelstamvegen Forus nord;EV39 S1000D65 m24;2026-08-17T19:00+02:00;2026-08-17T20:00+02:00;2026-08-17;19:00;20:00;2;31;100,0;1;1;0;31;0,00;-;-;-;-;-;-;-;-
99274B3204701;Sykkelstamvegen Forus nord;EV39 S1000D65 m24;2026-08-17T19:00+02:00;2026-08-17T20:00+02:00;2026-08-17;19:00;20:00;Totalt i retning Sandnes;25;100,0;1;1;0;25;0,00;-;-;-;-;-;-;-;-
99274B3204701;Sykkelstamvegen Forus nord;EV39 S1000D65 m24;2026-08-17T19:00+02:00;2026-08-17T20:00+02:00;2026-08-17;19:00;20:00;Totalt i retning Stavanger;35;100,0;1;1;0;35;0,00;-;-;-;-;-;-;-;-
99274B3204701;Sykkelstamvegen Forus nord;EV39 S1000D65 m24;2026-08-17T19:00+02:00;2026-08-17T20:00+02:00;2026-08-17;19:00;20:00;Totalt;60;100,0;1;1;0;60;0,00;-;-;-;-;-;-;-;-
99274B3204701;Sykkelstamvegen Forus nord;EV39 S1000D65 m24;2026-08-17T20:00+02:00;2026-08-17T21:00+02:00;2026-08-17;20:00;21:00;1;17;100,0;1;1;0;17;0,00;-;-;-;-;-;-;-;-
99274B3204701;Sykkelstamvegen Forus nord;EV39 S1000D65 m24;2026-08-17T20:00+02:00;2026-08-17T21:00+02:00;2026-08-17;20:00;21:00;2;13;100,0;1;1;0;13;0,00;-;-;-;-;-;-;-;-
99274B3204701;Sykkelstamvegen Forus nord;EV39 S1000D65 m24;2026-08-17T20:00+02:00;2026-08-17T21:00+02:00;2026-08-17;20:00;21:00;Totalt i retning Sandnes;17;100,0;1;1;0;17;0,00;-;-;-;-;-;-;-;-
99274B3204701;Sykkelstamvegen Forus nord;EV39 S1000D65 m24;2026-08-17T20:00+02:00;2026-08-17T21:00+02:00;2026-08-17;20:00;21:00;Totalt i retning Stavanger;13;100,0;1;1;0;13;0,00;-;-;-;-;-;-;-;-
99274B3204701;Sykkelstamvegen Forus nord;EV39 S1000D65 m24;2026-08-17T20:00+02:00;2026-08-17T21:00+02:00;2026-08-17;20:00;21:00;Totalt;30;100,0;1;1;0;30;0,00;-;-;-;-;-;-;-;-
99274B3204701;Sykkelstamvegen Forus nord;EV39 S1000D65 m24;2026-08-17T21:00+02:00;2026-08-17T22:00+02:00;2026-08-17;21:00;22:00;1;7;100,0;1;1;0;7;0,00;-;-;-;-;-;-;-;-
99274B3204701;Sykkelstamvegen Forus nord;EV39 S1000D65 m24;2026-08-17T21:00+02:00;2026-08-17T22:00+02:00;2026-08-17;21:00;22:00;2;10;100,0;1;1;0;10;0,00;-;-;-;-;-;-;-;-
99274B3204701;Sykkelstamvegen Forus nord;EV39 S1000D65 m24;2026-08-17T21:00+02:00;2026-08-17T22:00+02:00;2026-08-17;21:00;22:00;Totalt i retning Sandnes;7;100,0;1;1;0;7;0,00;-;-;-;-;-;-;-;-
99274B3204701;Sykkelstamvegen Forus nord;EV39 S1000D65 m24;2026-08-17T21:00+02:00;2026-08-17T22:00+02:00;2026-08-17;21:00;22:00;Totalt i retning Stavanger;10;100,0;1;1;0;10;0,00;-;-;-;-;-;-;-;-
99274B3204701;Sykkelstamvegen Forus nord;EV39 S1000D65 m24;2026-08-17T21:00+02:00;2026-08-17T22:00+02:00;2026-08-17;21:00;22:00;Totalt;17;100,0;1;1;0;17;0,00;-;-;-;-;-;-;-;-
99274B3204701;Sykkelstamvegen Forus nord;EV39 S1000D65 m24;2026-08-17T22:00+02:00;2026-08-17T23:00+02:00;2026-08-17;22:00;23:00;1;3;100,0;1;1;0;3;0,00;-;-;-;-;-;-;-;-
99274B3204701;Sykkelstamvegen Forus nord;EV39 S1000D65 m24;2026-08-17T22:00+02:00;2026-08-17T23:00+02:00;2026-08-17;22:00;23:00;2;0;100,0;1;1;0;0;100,00;-;-;-;-;-;-;-;-
99274B3204701;Sykkelstamvegen Forus nord;EV39 S1000D65 m24;2026-08-17T22:00+02:00;2026-08-17T23:00+02:00;2026-08-17;22:00;23:00;Totalt i retning Sandnes;3;100,0;1;1;0;3;0,00;-;-;-;-;-;-;-;-
99274B3204701;Sykkelstamvegen Forus nord;EV39 S1000D65 m24;2026-08-17T22:00+02:00;2026-08-17T23:00+02:00;2026-08-17;22:00;23:00;Totalt i retning Stavanger;0;100,0;1;1;0;0;100,00;-;-;-;-;-;-;-;-
99274B3204701;Sykkelstamvegen Forus nord;EV39 S1000D65 m24;2026-08-17T22:00+02:00;2026-08-17T23:00+02:00;2026-08-17;22:00;23:00;Totalt;3;100,0;1;1;0;3;0,00;-;-;-;-;-;-;-;-
99274B3204701;Sykkelstamvegen Forus nord;EV39 S1000D65 m24;2026-08-17T23:00+02:00;2026-08-18T00:00+02:00;2026-08-17;23:00;00:00;1;2;100,0;1;1;0;2;0,00;-;-;-;-;-;-;-;-
99274B3204701;Sykkelstamvegen Forus nord;EV39 S1000D65 m24;2026-08-17T23:00+02:00;2026-08-18T00:00+02:00;2026-08-17;23:00;00:00;2;0;100,0;1;1;0;0;100,00;-;-;-;-;-;-;-;-
99274B3204701;Sykkelstamvegen Forus nord;EV39 S1000D65 m24;2026-08-17T23:00+02:00;2026-08-18T00:00+02:00;2026-08-17;23:00;00:00;Totalt i retning Sandnes;2;100,0;1;1;0;2;0,00;-;-;-;-;-;-;-;-
99274B3204701;Sykkelstamvegen Forus nord;EV39 S1000D65 m24;2026-08-17T23:00+02:00;2026-08-18T00:00+02:00;2026-08-17;23:00;00:00;Totalt i retning Stavanger;0;100,0;1;1;0;0;100,00;-;-;-;-;-;-;-;-
99274B3204701;Sykkelstamvegen Forus nord;EV39 S1000D65 m24;2026-08-17T23:00+02:00;2026-08-18T00:00+02:00;2026-08-17;23:00;00:00;Totalt;2;100,0;1;1;0;2;0,00;-;-;-;-;-;-;-;-
99274B3204701;Sykkelstamvegen Forus nord;EV39 S1000D65 m24;2026-08-18T00:00+02:00;2026-08-18T01:00+02:00;2026-08-18;00:00;01:00;1;0;100,0;1;1;0;0;100,00;-;-;-;-;-;-;-;-
99274B3204701;Sykkelstamvegen Forus nord;EV39 S1000D65 m24;2026-08-18T00:00+02:00;2026-08-18T01:00+02:00;2026-08-18;00:00;01:00;2;0;100,0;1;1;0;0;100,00;-;-;-;-;-;-;-;-
99274B3204701;Sykkelstamvegen Forus nord;EV39 S1000D65 m24;2026-08-18T00:00+02:00;2026-08-18T01:00+02:00;2026-08-18;00:00;01:00;Totalt i retning Sandnes;0;100,0;1;1;0;0;100,00;-;-;-;-;-;-;-;-
99274B3204701;Sykkelstamvegen Forus nord;EV39 S1000D65 m24;2026-08-18T00:00+02:00;2026-08-18T01:00+02:00;2026-08-18;00:00;01:00;Totalt i retning Stavanger;0;100,0;1;1;0;0;100,00;-;-;-;-;-;-;-;-
99274B3204701;Sykkelstamvegen Forus nord;EV39 S1000D65 m24;2026-08-18T00:00+02:00;2026-08-18T01:00+02:00;2026-08-18;00:00;01:00;Totalt;0;100,0;1;1;0;0;100,00;-;-;-;-;-;-;-;-
99274B3204701;Sykkelstamvegen Forus nord;EV39 S1000D65 m24;2026-08-18T01:00+02:00;2026-08-18T02:00+02:00;2026-08-18;01:00;02:00;1;3;100,0;1;1;0;3;0,00;-;-;-;-;-;-;-;-
99274B3204701;Sykkelstamvegen Forus nord;EV39 S1000D65 m24;2026-08-18T01:00+02:00;2026-08-18T02:00+02:00;2026-08-18;01:00;02:00;2;0;100,0;1;1;0;0;100,00;-;-;-;-;-;-;-;-
99274B3204701;Sykkelstamvegen Forus nord;EV39 S1000D65 m24;2026-08-18T01:00+02:00;2026-08-18T02:00+02:00;2026-08-18;01:00;02:00;Totalt i retning Sandnes;3;100,0;1;1;0;3;0,00;-;-;-;-;-;-;-;-
99274B3204701;Sykkelstamvegen Forus nord;EV39 S1000D65 m24;2026-08-18T01:00+02:00;2026-08-18T02:00+02:00;2026-08-18;01:00;02:00;Totalt i retning Stavanger;0;100,0;1;1;0;0;100,00;-;-;-;-;-;-;-;-
99274B3204701;Sykkelstamvegen Forus nord;EV39 S1000D65 m24;2026-08-18T01:00+02:00;2026-08-18T02:00+02:00;2026-08-18;01:00;02:00;Totalt;3;100,0;1;1;0;3;0,00;-;-;-;-;-;-;-;-
99274B3204701;Sykkelstamvegen Forus nord;EV39 S1000D65 m24;2026-08-18T02:00+02:00;2026-08-18T03:00+02:00;2026-08-18;02:00;03:00;1;1;100,0;1;1;0;1;0,00;-;-;-;-;-;-;-;-
99274B3204701;Sykkelstamvegen Forus nord;EV39 S1000D65 m24;2026-08-18T02:00+02:00;2026-08-18T03:00+02:00;2026-08-18;02:00;03:00;2;0;100,0;1;1;0;0;100,00;-;-;-;-;-;-;-;-
99274B3204701;Sykkelstamvegen Forus nord;EV39 S1000D65 m24;2026-08-18T02:00+02:00;2026-08-18T03:00+02:00;2026-08-18;02:00;03:00;Totalt i retning Sandnes;1;100,0;1;1;0;1;0,00;-;-;-;-;-;-;-;-
99274B3204701;Sykkelstamvegen Forus nord;EV39 S1000D65 m24;2026-08-18T02:00+02:00;2026-08-18T03:00+02:00;2026-08-18;02:00;03:00;Totalt i retning Stavanger;0;100,0;1;1;0;0;100,00;-;-;-;-;-;-;-;-
99274B3204701;Sykkelstamvegen Forus nord;EV39 S1000D65 m24;2026-08-18T02:00+02:00;2026-08-18T03:00+02:00;2026-08-18;02:00;03:00;Totalt;1;100,0;1;1;0;1;0,00;-;-;-;-;-;-;-;-
99274B3204701;Sykkelstamvegen Forus nord;EV39 S1000D65 m24;2026-08-18T03:00+02:00;2026-08-18T04:00+02:00;2026-08-18;03:00;04:00;1;0;100,0;1;1;0;0;100,00;-;-;-;-;-;-;-;-
99274B3204701;Sykkelstamvegen Forus nord;EV39 S1000D65 m24;2026-08-18T03:00+02:00;2026-08-18T04:00+02:00;2026-08-18;03:00;04:00;2;0;100,0;1;1;0;0;100,00;-;-;-;-;-;-;-;-
99274B3204701;Sykkelstamvegen Forus nord;EV39 S1000D65 m24;2026-08-18T03:00+02:00;2026-08-18T04:00+02:00;2026-08-18;03:00;04:00;Totalt i retning Sandnes;0;100,0;1;1;0;0;100,00;-;-;-;-;-;-;-;-
99274B3204701;Sykkelstamvegen Forus nord;EV39 S1000D65 m24;2026-08-18T03:00+02:00;2026-08-18T04:00+02:00;2026-08-18;03:00;04:00;Totalt i retning Stavanger;0;100,0;1;1;0;0;100,00;-;-;-;-;-;-;-;-
99274B3204701;Sykkelstamvegen Forus nord;EV39 S1000D65 m24;2026-08-18T03:00+02:00;2026-08-18T04:00+02:00;2026-08-18;03:00;04:00;Totalt;0;100,0;1;1;0;0;100,00;-;-;-;-;-;-;-;-
99274B3204701;Sykkelstamvegen Forus nord;EV39 S1000D65 m24;2026-08-18T04:00+02:00;2026-08-18T05:00+02:00;2026-08-18;04:00;05:00;1;0;100,0;1;1;0;0;100,00;-;-;-;-;-;-;-;-
99274B3204701;Sykkelstamvegen Forus nord;EV39 S1000D65 m24;2026-08-18T04:00+02:00;2026-08-18T05:00+02:00;2026-08-18;04:00;05:00;2;1;100,0;1;1;0;1;0,00;-;-;-;-;-;-;-;-
99274B3204701;Sykkelstamvegen Forus nord;EV39 S1000D65 m24;2026-08-18T04:00+02:00;2026-08-18T05:00+02:00;2026-08-18;04:00;05:00;Totalt i retning Sandnes;0;100,0;1;1;0;0;100,00;-;-;-;-;-;-;-;-
99274B3204701;Sykkelstamvegen Forus nord;EV39 S1000D65 m24;2026-08-18T04:00+02:00;2026-08-18T05:00+02:00;2026-08-18;04:00;05:00;Totalt i retning Stavanger;1;100,0;1;1;0;1;0,00;-;-;-;-;-;-;-;-
99274B3204701;Sykkelstamvegen Forus nord;EV39 S1000D65 m24;2026-08-18T04:00+02:00;2026-08-18T05:00+02:00;2026-08-18;04:00;05:00;Totalt;1;100,0;1;1;0;1;0,00;-;-;-;-;-;-;-;-
99274B3204701;Sykkelstamvegen Forus nord;EV39 S1000D65 m24;2026-08-18T05:00+02:00;2026-08-18T06:00+02:00;2026-08-18;05:00;06:00;1;7;100,0;1;1;0;7;0,00;-;-;-;-;-;-;-;-
99274B3204701;Sykkelstamvegen Forus nord;EV39 S1000D65 m24;2026-08-18T05:00+02:00;2026-08-18T06:00+02:00;2026-08-18;05:00;06:00;2;14;100,0;1;1;0;14;0,00;-;-;-;-;-;-;-;-
99274B3204701;Sykkelstamvegen Forus nord;EV39 S1000D65 m24;2026-08-18T05:00+02:00;2026-08-18T06:00+02:00;2026-08-18;05:00;06:00;Totalt i retning Sandnes;7;100,0;1;1;0;7;0,00;-;-;-;-;-;-;-;-
99274B3204701;Sykkelstamvegen Forus nord;EV39 S1000D65 m24;2026-08-18T05:00+02:00;2026-08-18T06:00+02:00;2026-08-18;05:00;06:00;Totalt i retning Stavanger;14;100,0;1;1;0;14;0,00;-;-;-;-;-;-;-;-
99274B3204701;Sykkelstamvegen Forus nord;EV39 S1000D65 m24;2026-08-18T05:00+02:00;2026-08-18T06:00+02:00;2026-08-18;05:00;06:00;Totalt;21;100,0;1;1;0;21;0,00;-;-;-;-;-;-;-;-
99274B3204701;Sykkelstamvegen Forus nord;EV39 S1000D65 m24;2026-08-18T06:00+02:00;2026-08-18T07:00+02:00;2026-08-18;06:00;07:00;1;28;100,0;1;1;0;28;0,00;-;-;-;-;-;-;-;-
99274B3204701;Sykkelstamvegen Forus nord;EV39 S1000D65 m24;2026-08-18T06:00+02:00;2026-08-18T07:00+02:00;2026-08-18;06:00;07:00;2;65;100,0;1;1;0;65;0,00;-;-;-;-;-;-;-;-
99274B3204701;Sykkelstamvegen Forus nord;EV39 S1000D65 m24;2026-08-18T06:00+02:00;2026-08-18T07:00+02:00;2026-08-18;06:00;07:00;Totalt i retning Sandnes;28;100,0;1;1;0;28;0,00;-;-;-;-;-;-;-;-
99274B3204701;Sykkelstamvegen Forus nord;EV39 S1000D65 m24;2026-08-18T06:00+02:00;2026-08-18T07:00+02:00;2026-08-18;06:00;07:00;Totalt i retning Stavanger;65;100,0;1;1;0;65;0,00;-;-;-;-;-;-;-;-
99274B3204701;Sykkelstamvegen Forus nord;EV39 S1000D65 m24;2026-08-18T06:00+02:00;2026-08-18T07:00+02:00;2026-08-18;06:00;07:00;Totalt;93;100,0;1;1;0;93;0,00;-;-;-;-;-;-;-;-
99274B3204701;Sykkelstamvegen Forus nord;EV39 S1000D65 m24;2026-08-18T07:00+02:00;2026-08-18T08:00+02:00;2026-08-18;07:00;08:00;1;64;100,0;1;1;0;64;0,00;-;-;-;-;-;-;-;-
99274B3204701;Sykkelstamvegen Forus nord;EV39 S1000D65 m24;2026-08-18T07:00+02:00;2026-08-18T08:00+02:00;2026-08-18;07:00;08:00;2;139;100,0;1;1;0;139;0,00;-;-;-;-;-;-;-;-
99274B3204701;Sykkelstamvegen Forus nord;EV39 S1000D65 m24;2026-08-18T07:00+02:00;2026-08-18T08:00+02:00;2026-08-18;07:00;08:00;Totalt i retning Sandnes;61;100,0;1;1;0;61;0,00;-;-;-;-;-;-;-;-
99274B3204701;Sykkelstamvegen Forus nord;EV39 S1000D65 m24;2026-08-18T07:00+02:00;2026-08-18T08:00+02:00;2026-08-18;07:00;08:00;Totalt i retning Stavanger;142;100,0;1;1;0;142;0,00;-;-;-;-;-;-;-;-
99274B3204701;Sykkelstamvegen Forus nord;EV39 S1000D65 m24;2026-08-18T07:00+02:00;2026-08-18T08:00+02:00;2026-08-18;07:00;08:00;Totalt;203;100,0;1;1;0;203;0,00;-;-;-;-;-;-;-;-
99274B3204701;Sykkelstamvegen Forus nord;EV39 S1000D65 m24;2026-08-18T08:00+02:00;2026-08-18T09:00+02:00;2026-08-18;08:00;09:00;1;41;100,0;1;1;0;41;0,00;-;-;-;-;-;-;-;-
99274B3204701;Sykkelstamvegen Forus nord;EV39 S1000D65 m24;2026-08-18T08:00+02:00;2026-08-18T09:00+02:00;2026-08-18;08:00;09:00;2;62;100,0;1;1;0;62;0,00;-;-;-;-;-;-;-;-
99274B3204701;Sykkelstamvegen Forus nord;EV39 S1000D65 m24;2026-08-18T08:00+02:00;2026-08-18T09:00+02:00;2026-08-18;08:00;09:00;Totalt i retning Sandnes;41;100,0;1;1;0;41;0,00;-;-;-;-;-;-;-;-
99274B3204701;Sykkelstamvegen Forus nord;EV39 S1000D65 m24;2026-08-18T08:00+02:00;2026-08-18T09:00+02:00;2026-08-18;08:00;09:00;Totalt i retning Stavanger;62;100,0;1;1;0;62;0,00;-;-;-;-;-;-;-;-
99274B3204701;Sykkelstamvegen Forus nord;EV39 S1000D65 m24;2026-08-18T08:00+02:00;2026-08-18T09:00+02:00;2026-08-18;08:00;09:00;Totalt;103;100,0;1;1;0;103;0,00;-;-;-;-;-;-;-;-
99274B3204701;Sykkelstamvegen Forus nord;EV39 S1000D65 m24;2026-08-18T09:00+02:00;2026-08-18T10:00+02:00;2026-08-18;09:00;10:00;1;18;100,0;1;1;0;18;0,00;-;-;-;-;-;-;-;-
99274B3204701;Sykkelstamvegen Forus nord;EV39 S1000D65 m24;2026-08-18T09:00+02:00;2026-08-18T10:00+02:00;2026-08-18;09:00;10:00;2;13;100,0;1;1;0;13;0,00;-;-;-;-;-;-;-;-
99274B3204701;Sykkelstamvegen Forus nord;EV39 S1000D65 m24;2026-08-18T09:00+02:00;2026-08-18T10:00+02:00;2026-08-18;09:00;10:00;Totalt i retning Sandnes;18;100,0;1;1;0;18;0,00;-;-;-;-;-;-;-;-
99274B3204701;Sykkelstamvegen Forus nord;EV39 S1000D65 m24;2026-08-18T09:00+02:00;2026-08-18T10:00+02:00;2026-08-18;09:00;10:00;Totalt i retning Stavanger;13;100,0;1;1;0;13;0,00;-;-;-;-;-;-;-;-
99274B3204701;Sykkelstamvegen Forus nord;EV39 S1000D65 m24;2026-08-18T09:00+02:00;2026-08-18T10:00+02:00;2026-08-18;09:00;10:00;Totalt;31;100,0;1;1;0;31;0,00;-;-;-;-;-;-;-;-
99274B3204701;Sykkelstamvegen Forus nord;EV39 S1000D65 m24;2026-08-18T10:00+02:00;2026-08-18T11:00+02:00;2026-08-18;10:00;11:00;1;24;100,0;1;1;0;24;0,00;-;-;-;-;-;-;-;-
99274B3204701;Sykkelstamvegen Forus nord;EV39 S1000D65 m24;2026-08-18T10:00+02:00;2026-08-18T11:00+02:00;2026-08-18;10:00;11:00;2;25;100,0;1;1;0;25;0,00;-;-;-;-;-;-;-;-
99274B3204701;Sykkelstamvegen Forus nord;EV39 S1000D65 m24;2026-08-18T10:00+02:00;2026-08-18T11:00+02:00;2026-08-18;10:00;11:00;Totalt i retning Sandnes;25;100,0;1;1;0;25;0,00;-;-;-;-;-;-;-;-
99274B3204701;Sykkelstamvegen Forus nord;EV39 S1000D65 m24;2026-08-18T10:00+02:00;2026-08-18T11:00+02:00;2026-08-18;10:00;11:00;Totalt i retning Stavanger;24;100,0;1;1;0;24;0,00;-;-;-;-;-;-;-;-
99274B3204701;Sykkelstamvegen Forus nord;EV39 S1000D65 m24;2026-08-18T10:00+02:00;2026-08-18T11:00+02:00;2026-08-18;10:00;11:00;Totalt;49;100,0;1;1;0;49;0,00;-;-;-;-;-;-;-;-
99274B3204701;Sykkelstamvegen Forus nord;EV39 S1000D65 m24;2026-08-18T11:00+02:00;2026-08-18T12:00+02:00;2026-08-18;11:00;12:00;1;26;100,0;1;1;0;26;0,00;-;-;-;-;-;-;-;-
99274B3204701;Sykkelstamvegen Forus nord;EV39 S1000D65 m24;2026-08-18T11:00+02:00;2026-08-18T12:00+02:00;2026-08-18;11:00;12:00;2;13;100,0;1;1;0;13;0,00;-;-;-;-;-;-;-;-
99274B3204701;Sykkelstamvegen Forus nord;EV39 S1000D65 m24;2026-08-18T11:00+02:00;2026-08-18T12:00+02:00;2026-08-18;11:00;12:00;Totalt i retning Sandnes;26;100,0;1;1;0;26;0,00;-;-;-;-;-;-;-;-
99274B3204701;Sykkelstamvegen Forus nord;EV39 S1000D65 m24;2026-08-18T11:00+02:00;2026-08-18T12:00+02:00;2026-08-18;11:00;12:00;Totalt i retning Stavanger;13;100,0;1;1;0;13;0,00;-;-;-;-;-;-;-;-
99274B3204701;Sykkelstamvegen Forus nord;EV39 S1000D65 m24;2026-08-18T11:00+02:00;2026-08-18T12:00+02:00;2026-08-18;11:00;12:00;Totalt;39;100,0;1;1;0;39;0,00;-;-;-;-;-;-;-;-
99274B3204701;Sykkelstamvegen Forus nord;EV39 S1000D65 m24;2026-08-18T12:00+02:00;2026-08-18T13:00+02:00;2026-08-18;12:00;13:00;1;22;100,0;1;1;0;22;0,00;-;-;-;-;-;-;-;-
99274B3204701;Sykkelstamvegen Forus nord;EV39 S1000D65 m24;2026-08-18T12:00+02:00;2026-08-18T13:00+02:00;2026-08-18;12:00;13:00;2;22;100,0;1;1;0;22;0,00;-;-;-;-;-;-;-;-
99274B3204701;Sykkelstamvegen Forus nord;EV39 S1000D65 m24;2026-08-18T12:00+02:00;2026-08-18T13:00+02:00;2026-08-18;12:00;13:00;Totalt i retning Sandnes;22;100,0;1;1;0;22;0,00;-;-;-;-;-;-;-;-
99274B3204701;Sykkelstamvegen Forus nord;EV39 S1000D65 m24;2026-08-18T12:00+02:00;2026-08-18T13:00+02:00;2026-08-18;12:00;13:00;Totalt i retning Stavanger;22;100,0;1;1;0;22;0,00;-;-;-;-;-;-;-;-
99274B3204701;Sykkelstamvegen Forus nord;EV39 S1000D65 m24;2026-08-18T12:00+02:00;2026-08-18T13:00+02:00;2026-08-18;12:00;13:00;Totalt;44;100,0;1;1;0;44;0,00;-;-;-;-;-;-;-;-
99274B3204701;Sykkelstamvegen Forus nord;EV39 S1000D65 m24;2026-08-18T13:00+02:00;2026-08-18T14:00+02:00;2026-08-18;13:00;14:00;1;31;100,0;1;1;0;31;0,00;-;-;-;-;-;-;-;-
99274B3204701;Sykkelstamvegen Forus nord;EV39 S1000D65 m24;2026-08-18T13:00+02:00;2026-08-18T14:00+02:00;2026-08-18;13:00;14:00;2;21;100,0;1;1;0;21;0,00;-;-;-;-;-;-;-;-
99274B3204701;Sykkelstamvegen Forus nord;EV39 S1000D65 m24;2026-08-18T13:00+02:00;2026-08-18T14:00+02:00;2026-08-18;13:00;14:00;Totalt i retning Sandnes;30;100,0;1;1;0;30;0,00;-;-;-;-;-;-;-;-
99274B3204701;Sykkelstamvegen Forus nord;EV39 S1000D65 m24;2026-08-18T13:00+02:00;2026-08-18T14:00+02:00;2026-08-18;13:00;14:00;Totalt i retning Stavanger;22;100,0;1;1;0;22;0,00;-;-;-;-;-;-;-;-
99274B3204701;Sykkelstamvegen Forus nord;EV39 S1000D65 m24;2026-08-18T13:00+02:00;2026-08-18T14:00+02:00;2026-08-18;13:00;14:00;Totalt;52;100,0;1;1;0;52;0,00;-;-;-;-;-;-;-;-
99274B3204701;Sykkelstamvegen Forus nord;EV39 S1000D65 m24;2026-08-18T14:00+02:00;2026-08-18T15:00+02:00;2026-08-18;14:00;15:00;1;54;100,0;1;1;0;54;0,00;-;-;-;-;-;-;-;-
99274B3204701;Sykkelstamvegen Forus nord;EV39 S1000D65 m24;2026-08-18T14:00+02:00;2026-08-18T15:00+02:00;2026-08-18;14:00;15:00;2;34;100,0;1;1;0;34;0,00;-;-;-;-;-;-;-;-
99274B3204701;Sykkelstamvegen Forus nord;EV39 S1000D65 m24;2026-08-18T14:00+02:00;2026-08-18T15:00+02:00;2026-08-18;14:00;15:00;Totalt i retning Sandnes;54;100,0;1;1;0;54;0,00;-;-;-;-;-;-;-;-
99274B3204701;Sykkelstamvegen Forus nord;EV39 S1000D65 m24;2026-08-18T14:00+02:00;2026-08-18T15:00+02:00;2026-08-18;14:00;15:00;Totalt i retning Stavanger;34;100,0;1;1;0;34;0,00;-;-;-;-;-;-;-;-
99274B3204701;Sykkelstamvegen Forus nord;EV39 S1000D65 m24;2026-08-18T14:00+02:00;2026-08-18T15:00+02:00;2026-08-18;14:00;15:00;Totalt;88;100,0;1;1;0;88;0,00;-;-;-;-;-;-;-;-
99274B3204701;Sykkelstamvegen Forus nord;EV39 S1000D65 m24;2026-08-18T15:00+02:00;2026-08-18T16:00+02:00;2026-08-18;15:00;16:00;1;152;100,0;1;1;0;152;0,00;-;-;-;-;-;-;-;-
99274B3204701;Sykkelstamvegen Forus nord;EV39 S1000D65 m24;2026-08-18T15:00+02:00;2026-08-18T16:00+02:00;2026-08-18;15:00;16:00;2;61;100,0;1;1;0;61;0,00;-;-;-;-;-;-;-;-
99274B3204701;Sykkelstamvegen Forus nord;EV39 S1000D65 m24;2026-08-18T15:00+02:00;2026-08-18T16:00+02:00;2026-08-18;15:00;16:00;Totalt i retning Sandnes;156;100,0;1;1;0;156;0,00;-;-;-;-;-;-;-;-
99274B3204701;Sykkelstamvegen Forus nord;EV39 S1000D65 m24;2026-08-18T15:00+02:00;2026-08-18T16:00+02:00;2026-08-18;15:00;16:00;Totalt i retning Stavanger;57;100,0;1;1;0;57;0,00;-;-;-;-;-;-;-;-
99274B3204701;Sykkelstamvegen Forus nord;EV39 S1000D65 m24;2026-08-18T15:00+02:00;2026-08-18T16:00+02:00;2026-08-18;15:00;16:00;Totalt;213;100,0;1;1;0;213;0,00;-;-;-;-;-;-;-;-
99274B3204701;Sykkelstamvegen Forus nord;EV39 S1000D65 m24;2026-08-18T16:00+02:00;2026-08-18T17:00+02:00;2026-08-18;16:00;17:00;1;113;100,0;1;1;0;113;0,00;-;-;-;-;-;-;-;-
99274B3204701;Sykkelstamvegen Forus nord;EV39 S1000D65 m24;2026-08-18T16:00+02:00;2026-08-18T17:00+02:00;2026-08-18;16:00;17:00;2;65;100,0;1;1;0;65;0,00;-;-;-;-;-;-;-;-
99274B3204701;Sykkelstamvegen Forus nord;EV39 S1000D65 m24;2026-08-18T16:00+02:00;2026-08-18T17:00+02:00;2026-08-18;16:00;17:00;Totalt i retning Sandnes;110;100,0;1;1;0;110;0,00;-;-;-;-;-;-;-;-
99274B3204701;Sykkelstamvegen Forus nord;EV39 S1000D65 m24;2026-08-18T16:00+02:00;2026-08-18T17:00+02:00;2026-08-18;16:00;17:00;Totalt i retning Stavanger;68;100,0;1;1;0;68;0,00;-;-;-;-;-;-;-;-
99274B3204701;Sykkelstamvegen Forus nord;EV39 S1000D65 m24;2026-08-18T16:00+02:00;2026-08-18T17:00+02:00;2026-08-18;16:00;17:00;Totalt;178;100,0;1;1;0;178;0,00;-;-;-;-;-;-;-;-
99274B3204701;Sykkelstamvegen Forus nord;EV39 S1000D65 m24;2026-08-18T17:00+02:00;2026-08-18T18:00+02:00;2026-08-18;17:00;18:00;1;69;100,0;1;1;0;69;0,00;-;-;-;-;-;-;-;-
99274B3204701;Sykkelstamvegen Forus nord;EV39 S1000D65 m24;2026-08-18T17:00+02:00;2026-08-18T18:00+02:00;2026-08-18;17:00;18:00;2;56;100,0;1;1;0;56;0,00;-;-;-;-;-;-;-;-
99274B3204701;Sykkelstamvegen Forus nord;EV39 S1000D65 m24;2026-08-18T17:00+02:00;2026-08-18T18:00+02:00;2026-08-18;17:00;18:00;Totalt i retning Sandnes;71;100,0;1;1;0;71;0,00;-;-;-;-;-;-;-;-
99274B3204701;Sykkelstamvegen Forus nord;EV39 S1000D65 m24;2026-08-18T17:00+02:00;2026-08-18T18:00+02:00;2026-08-18;17:00;18:00;Totalt i retning Stavanger;54;100,0;1;1;0;54;0,00;-;-;-;-;-;-;-;-
99274B3204701;Sykkelstamvegen Forus nord;EV39 S1000D65 m24;2026-08-18T17:00+02:00;2026-08-18T18:00+02:00;2026-08-18;17:00;18:00;Totalt;125;100,0;1;1;0;125;0,00;-;-;-;-;-;-;-;-
99274B3204701;Sykkelstamvegen Forus nord;EV39 S1000D65 m24;2026-08-18T18:00+02:00;2026-08-18T19:00+02:00;2026-08-18;18:00;19:00;1;47;100,0;1;1;0;47;0,00;-;-;-;-;-;-;-;-
99274B3204701;Sykkelstamvegen Forus nord;EV39 S1000D65 m24;2026-08-18T18:00+02:00;2026-08-18T19:00+02:00;2026-08-18;18:00;19:00;2;42;100,0;1;1;0;42;0,00;-;-;-;-;-;-;-;-
99274B3204701;Sykkelstamvegen Forus nord;EV39 S1000D65 m24;2026-08-18T18:00+02:00;2026-08-18T19:00+02:00;2026-08-18;18:00;19:00;Totalt i retning Sandnes;45;100,0;1;1;0;45;0,00;-;-;-;-;-;-;-;-
99274B3204701;Sykkelstamvegen Forus nord;EV39 S1000D65 m24;2026-08-18T18:00+02:00;2026-08-18T19:00+02:00;2026-08-18;18:00;19:00;Totalt i retning Stavanger;44;100,0;1;1;0;44;0,00;-;-;-;-;-;-;-;-
99274B3204701;Sykkelstamvegen Forus nord;EV39 S1000D65 m24;2026-08-18T18:00+02:00;2026-08-18T19:00+02:00;2026-08-18;18:00;19:00;Totalt;89;100,0;1;1;0;89;0,00;-;-;-;-;-;-;-;-
99274B3204701;Sykkelstamvegen Forus nord;EV39 S1000D65 m24;2026-08-18T19:00+02:00;2026-08-18T20:00+02:00;2026-08-18;19:00;20:00;1;29;100,0;1;1;0;29;0,00;-;-;-;-;-;-;-;-
99274B3204701;Sykkelstamvegen Forus nord;EV39 S1000D65 m24;2026-08-18T19:00+02:00;2026-08-18T20:00+02:00;2026-08-18;19:00;20:00;2;23;100,0;1;1;0;23;0,00;-;-;-;-;-;-;-;-
99274B3204701;Sykkelstamvegen Forus nord;EV39 S1000D65 m24;2026-08-18T19:00+02:00;2026-08-18T20:00+02:00;2026-08-18;19:00;20:00;Totalt i retning Sandnes;27;100,0;1;1;0;27;0,00;-;-;-;-;-;-;-;-
99274B3204701;Sykkelstamvegen Forus nord;EV39 S1000D65 m24;2026-08-18T19:00+02:00;2026-08-18T20:00+02:00;2026-08-18;19:00;20:00;Totalt i retning Stavanger;25;100,0;1;1;0;25;0,00;-;-;-;-;-;-;-;-
99274B3204701;Sykkelstamvegen Forus nord;EV39 S1000D65 m24;2026-08-18T19:00+02:00;2026-08-18T20:00+02:00;2026-08-18;19:00;20:00;Totalt;52;100,0;1;1;0;52;0,00;-;-;-;-;-;-;-;-
99274B3204701;Sykkelstamvegen Forus nord;EV39 S1000D65 m24;2026-08-18T20:00+02:00;2026-08-18T21:00+02:00;2026-08-18;20:00;21:00;1;14;100,0;1;1;0;14;0,00;-;-;-;-;-;-;-;-
99274B3204701;Sykkelstamvegen Forus nord;EV39 S1000D65 m24;2026-08-18T20:00+02:00;2026-08-18T21:00+02:00;2026-08-18;20:00;21:00;2;9;100,0;1;1;0;9;0,00;-;-;-;-;-;-;-;-
99274B3204701;Sykkelstamvegen Forus nord;EV39 S1000D65 m24;2026-08-18T20:00+02:00;2026-08-18T21:00+02:00;2026-08-18;20:00;21:00;Totalt i retning Sandnes;13;100,0;1;1;0;13;0,00;-;-;-;-;-;-;-;-
99274B3204701;Sykkelstamvegen Forus nord;EV39 S1000D65 m24;2026-08-18T20:00+02:00;2026-08-18T21:00+02:00;2026-08-18;20:00;21:00;Totalt i retning Stavanger;10;100,0;1;1;0;10;0,00;-;-;-;-;-;-;-;-
99274B3204701;Sykkelstamvegen Forus nord;EV39 S1000D65 m24;2026-08-18T20:00+02:00;2026-08-18T21:00+02:00;2026-08-18;20:00;21:00;Totalt;23;100,0;1;1;0;23;0,00;-;-;-;-;-;-;-;-
99274B3204701;Sykkelstamvegen Forus nord;EV39 S1000D65 m24;2026-08-18T21:00+02:00;2026-08-18T22:00+02:00;2026-08-18;21:00;22:00;1;16;100,0;1;1;0;16;0,00;-;-;-;-;-;-;-;-
99274B3204701;Sykkelstamvegen Forus nord;EV39 S1000D65 m24;2026-08-18T21:00+02:00;2026-08-18T22:00+02:00;2026-08-18;21:00;22:00;2;7;100,0;1;1;0;7;0,00;-;-;-;-;-;-;-;-
99274B3204701;Sykkelstamvegen Forus nord;EV39 S1000D65 m24;2026-08-18T21:00+02:00;2026-08-18T22:00+02:00;2026-08-18;21:00;22:00;Totalt i retning Sandnes;17;100,0;1;1;0;17;0,00;-;-;-;-;-;-;-;-
99274B3204701;Sykkelstamvegen Forus nord;EV39 S1000D65 m24;2026-08-18T21:00+02:00;2026-08-18T22:00+02:00;2026-08-18;21:00;22:00;Totalt i retning Stavanger;6;100,0;1;1;0;6;0,00;-;-;-;-;-;-;-;-
99274B3204701;Sykkelstamvegen Forus nord;EV39 S1000D65 m24;2026-08-18T21:00+02:00;2026-08-18T22:00+02:00;2026-08-18;21:00;22:00;Totalt;23;100,0;1;1;0;23;0,00;-;-;-;-;-;-;-;-
99274B3204701;Sykkelstamvegen Forus nord;EV39 S1000D65 m24;2026-08-18T22:00+02:00;2026-08-18T23:00+02:00;2026-08-18;22:00;23:00;1;3;100,0;1;1;0;3;0,00;-;-;-;-;-;-;-;-
99274B3204701;Sykkelstamvegen Forus nord;EV39 S1000D65 m24;2026-08-18T22:00+02:00;2026-08-18T23:00+02:00;2026-08-18;22:00;23:00;2;3;100,0;1;1;0;3;0,00;-;-;-;-;-;-;-;-
99274B3204701;Sykkelstamvegen Forus nord;EV39 S1000D65 m24;2026-08-18T22:00+02:00;2026-08-18T23:00+02:00;2026-08-18;22:00;23:00;Totalt i retning Sandnes;2;100,0;1;1;0;2;0,00;-;-;-;-;-;-;-;-
99274B3204701;Sykkelstamvegen Forus nord;EV39 S1000D65 m24;2026-08-18T22:00+02:00;2026-08-18T23:00+02:00;2026-08-18;22:00;23:00;Totalt i retning Stavanger;4;100,0;1;1;0;4;0,00;-;-;-;-;-;-;-;-
99274B3204701;Sykkelstamvegen Forus nord;EV39 S1000D65 m24;2026-08-18T22:00+02:00;2026-08-18T23:00+02:00;2026-08-18;22:00;23:00;Totalt;6;100,0;1;1;0;6;0,00;-;-;-;-;-;-;-;-
99274B3204701;Sykkelstamvegen Forus nord;EV39 S1000D65 m24;2026-08-18T23:00+02:00;2026-08-19T00:00+02:00;2026-08-18;23:00;00:00;1;2;100,0;1;1;0;2;0,00;-;-;-;-;-;-;-;-
99274B3204701;Sykkelstamvegen Forus nord;EV39 S1000D65 m24;2026-08-18T23:00+02:00;2026-08-19T00:00+02:00;2026-08-18;23:00;00:00;2;1;100,0;1;1;0;1;0,00;-;-;-;-;-;-;-;-
99274B3204701;Sykkelstamvegen Forus nord;EV39 S1000D65 m24;2026-08-18T23:00+02:00;2026-08-19T00:00+02:00;2026-08-18;23:00;00:00;Totalt i retning Sandnes;2;100,0;1;1;0;2;0,00;-;-;-;-;-;-;-;-
99274B3204701;Sykkelstamvegen Forus nord;EV39 S1000D65 m24;2026-08-18T23:00+02:00;2026-08-19T00:00+02:00;2026-08-18;23:00;00:00;Totalt i retning Stavanger;1;100,0;1;1;0;1;0,00;-;-;-;-;-;-;-;-
99274B3204701;Sykkelstamvegen Forus nord;EV39 S1000D65 m24;2026-08-18T23:00+02:00;2026-08-19T00:00+02:00;2026-08-18;23:00;00:00;Totalt;3;100,0;1;1;0;3;0,00;-;-;-;-;-;-;-;-
99274B3204701;Sykkelstamvegen Forus nord;EV39 S1000D65 m24;2026-08-19T00:00+02:00;2026-08-19T01:00+02:00;2026-08-19;00:00;01:00;1;1;100,0;1;1;0;1;0,00;-;-;-;-;-;-;-;-
99274B3204701;Sykkelstamvegen Forus nord;EV39 S1000D65 m24;2026-08-19T00:00+02:00;2026-08-19T01:00+02:00;2026-08-19;00:00;01:00;2;0;100,0;1;1;0;0;100,00;-;-;-;-;-;-;-;-
99274B3204701;Sykkelstamvegen Forus nord;EV39 S1000D65 m24;2026-08-19T00:00+02:00;2026-08-19T01:00+02:00;2026-08-19;00:00;01:00;Totalt i retning Sandnes;1;100,0;1;1;0;1;0,00;-;-;-;-;-;-;-;-
99274B3204701;Sykkelstamvegen Forus nord;EV39 S1000D65 m24;2026-08-19T00:00+02:00;2026-08-19T01:00+02:00;2026-08-19;00:00;01:00;Totalt i retning Stavanger;0;100,0;1;1;0;0;100,00;-;-;-;-;-;-;-;-
99274B3204701;Sykkelstamvegen Forus nord;EV39 S1000D65 m24;2026-08-19T00:00+02:00;2026-08-19T01:00+02:00;2026-08-19;00:00;01:00;Totalt;1;100,0;1;1;0;1;0,00;-;-;-;-;-;-;-;-
99274B3204701;Sykkelstamvegen Forus nord;EV39 S1000D65 m24;2026-08-19T01:00+02:00;2026-08-19T02:00+02:00;2026-08-19;01:00;02:00;1;0;100,0;1;1;0;0;100,00;-;-;-;-;-;-;-;-
99274B3204701;Sykkelstamvegen Forus nord;EV39 S1000D65 m24;2026-08-19T01:00+02:00;2026-08-19T02:00+02:00;2026-08-19;01:00;02:00;2;0;100,0;1;1;0;0;100,00;-;-;-;-;-;-;-;-
99274B3204701;Sykkelstamvegen Forus nord;EV39 S1000D65 m24;2026-08-19T01:00+02:00;2026-08-19T02:00+02:00;2026-08-19;01:00;02:00;Totalt i retning Sandnes;0;100,0;1;1;0;0;100,00;-;-;-;-;-;-;-;-
99274B3204701;Sykkelstamvegen Forus nord;EV39 S1000D65 m24;2026-08-19T01:00+02:00;2026-08-19T02:00+02:00;2026-08-19;01:00;02:00;Totalt i retning Stavanger;0;100,0;1;1;0;0;100,00;-;-;-;-;-;-;-;-
99274B3204701;Sykkelstamvegen Forus nord;EV39 S1000D65 m24;2026-08-19T01:00+02:00;2026-08-19T02:00+02:00;2026-08-19;01:00;02:00;Totalt;0;100,0;1;1;0;0;100,00;-;-;-;-;-;-;-;-
99274B3204701;Sykkelstamvegen Forus nord;EV39 S1000D65 m24;2026-08-19T02:00+02:00;2026-08-19T03:00+02:00;2026-08-19;02:00;03:00;1;1;100,0;1;1;0;1;0,00;-;-;-;-;-;-;-;-
99274B3204701;Sykkelstamvegen Forus nord;EV39 S1000D65 m24;2026-08-19T02:00+02:00;2026-08-19T03:00+02:00;2026-08-19;02:00;03:00;2;0;100,0;1;1;0;0;100,00;-;-;-;-;-;-;-;-
99274B3204701;Sykkelstamvegen Forus nord;EV39 S1000D65 m24;2026-08-19T02:00+02:00;2026-08-19T03:00+02:00;2026-08-19;02:00;03:00;Totalt i retning Sandnes;1;100,0;1;1;0;1;0,00;-;-;-;-;-;-;-;-
99274B3204701;Sykkelstamvegen Forus nord;EV39 S1000D65 m24;2026-08-19T02:00+02:00;2026-08-19T03:00+02:00;2026-08-19;02:00;03:00;Totalt i retning Stavanger;0;100,0;1;1;0;0;100,00;-;-;-;-;-;-;-;-
99274B3204701;Sykkelstamvegen Forus nord;EV39 S1000D65 m24;2026-08-19T02:00+02:00;2026-08-19T03:00+02:00;2026-08-19;02:00;03:00;Totalt;1;100,0;1;1;0;1;0,00;-;-;-;-;-;-;-;-
99274B3204701;Sykkelstamvegen Forus nord;EV39 S1000D65 m24;2026-08-19T03:00+02:00;2026-08-19T04:00+02:00;2026-08-19;03:00;04:00;1;0;100,0;1;1;0;0;100,00;-;-;-;-;-;-;-;-
99274B3204701;Sykkelstamvegen Forus nord;EV39 S1000D65 m24;2026-08-19T03:00+02:00;2026-08-19T04:00+02:00;2026-08-19;03:00;04:00;2;0;100,0;1;1;0;0;100,00;-;-;-;-;-;-;-;-
99274B3204701;Sykkelstamvegen Forus nord;EV39 S1000D65 m24;2026-08-19T03:00+02:00;2026-08-19T04:00+02:00;2026-08-19;03:00;04:00;Totalt i retning Sandnes;0;100,0;1;1;0;0;100,00;-;-;-;-;-;-;-;-
99274B3204701;Sykkelstamvegen Forus nord;EV39 S1000D65 m24;2026-08-19T03:00+02:00;2026-08-19T04:00+02:00;2026-08-19;03:00;04:00;Totalt i retning Stavanger;0;100,0;1;1;0;0;100,00;-;-;-;-;-;-;-;-
99274B3204701;Sykkelstamvegen Forus nord;EV39 S1000D65 m24;2026-08-19T03:00+02:00;2026-08-19T04:00+02:00;2026-08-19;03:00;04:00;Totalt;0;100,0;1;1;0;0;100,00;-;-;-;-;-;-;-;-
99274B3204701;Sykkelstamvegen Forus nord;EV39 S1000D65 m24;2026-08-19T04:00+02:00;2026-08-19T05:00+02:00;2026-08-19;04:00;05:00;1;1;100,0;1;1;0;1;0,00;-;-;-;-;-;-;-;-
99274B3204701;Sykkelstamvegen Forus nord;EV39 S1000D65 m24;2026-08-19T04:00+02:00;2026-08-19T05:00+02:00;2026-08-19;04:00;05:00;2;1;100,0;1;1;0;1;0,00;-;-;-;-;-;-;-;-
99274B3204701;Sykkelstamvegen Forus nord;EV39 S1000D65 m24;2026-08-19T04:00+02:00;2026-08-19T05:00+02:00;2026-08-19;04:00;05:00;Totalt i retning Sandnes;1;100,0;1;1;0;1;0,00;-;-;-;-;-;-;-;-
99274B3204701;Sykkelstamvegen Forus nord;EV39 S1000D65 m24;2026-08-19T04:00+02:00;2026-08-19T05:00+02:00;2026-08-19;04:00;05:00;Totalt i retning Stavanger;1;100,0;1;1;0;1;0,00;-;-;-;-;-;-;-;-
99274B3204701;Sykkelstamvegen Forus nord;EV39 S1000D65 m24;2026-08-19T04:00+02:00;2026-08-19T05:00+02:00;2026-08-19;04:00;05:00;Totalt;2;100,0;1;1;0;2;0,00;-;-;-;-;-;-;-;-
99274B3204701;Sykkelstamvegen Forus nord;EV39 S1000D65 m24;2026-08-19T05:00+02:00;2026-08-19T06:00+02:00;2026-08-19;05:00;06:00;1;7;100,0;1;1;0;7;0,00;-;-;-;-;-;-;-;-
99274B3204701;Sykkelstamvegen Forus nord;EV39 S1000D65 m24;2026-08-19T05:00+02:00;2026-08-19T06:00+02:00;2026-08-19;05:00;06:00;2;10;100,0;1;1;0;10;0,00;-;-;-;-;-;-;-;-
99274B3204701;Sykkelstamvegen Forus nord;EV39 S1000D65 m24;2026-08-19T05:00+02:00;2026-08-19T06:00+02:00;2026-08-19;05:00;06:00;Totalt i retning Sandnes;7;100,0;1;1;0;7;0,00;-;-;-;-;-;-;-;-
99274B3204701;Sykkelstamvegen Forus nord;EV39 S1000D65 m24;2026-08-19T05:00+02:00;2026-08-19T06:00+02:00;2026-08-19;05:00;06:00;Totalt i retning Stavanger;10;100,0;1;1;0;10;0,00;-;-;-;-;-;-;-;-
99274B3204701;Sykkelstamvegen Forus nord;EV39 S1000D65 m24;2026-08-19T05:00+02:00;2026-08-19T06:00+02:00;2026-08-19;05:00;06:00;Totalt;17;100,0;1;1;0;17;0,00;-;-;-;-;-;-;-;-
99274B3204701;Sykkelstamvegen Forus nord;EV39 S1000D65 m24;2026-08-19T06:00+02:00;2026-08-19T07:00+02:00;2026-08-19;06:00;07:00;1;26;100,0;1;1;0;26;0,00;-;-;-;-;-;-;-;-
99274B3204701;Sykkelstamvegen Forus nord;EV39 S1000D65 m24;2026-08-19T06:00+02:00;2026-08-19T07:00+02:00;2026-08-19;06:00;07:00;2;64;100,0;1;1;0;64;0,00;-;-;-;-;-;-;-;-
99274B3204701;Sykkelstamvegen Forus nord;EV39 S1000D65 m24;2026-08-19T06:00+02:00;2026-08-19T07:00+02:00;2026-08-19;06:00;07:00;Totalt i retning Sandnes;26;100,0;1;1;0;26;0,00;-;-;-;-;-;-;-;-
99274B3204701;Sykkelstamvegen Forus nord;EV39 S1000D65 m24;2026-08-19T06:00+02:00;2026-08-19T07:00+02:00;2026-08-19;06:00;07:00;Totalt i retning Stavanger;64;100,0;1;1;0;64;0,00;-;-;-;-;-;-;-;-
99274B3204701;Sykkelstamvegen Forus nord;EV39 S1000D65 m24;2026-08-19T06:00+02:00;2026-08-19T07:00+02:00;2026-08-19;06:00;07:00;Totalt;90;100,0;1;1;0;90;0,00;-;-;-;-;-;-;-;-
99274B3204701;Sykkelstamvegen Forus nord;EV39 S1000D65 m24;2026-08-19T07:00+02:00;2026-08-19T08:00+02:00;2026-08-19;07:00;08:00;1;67;100,0;1;1;0;67;0,00;-;-;-;-;-;-;-;-
99274B3204701;Sykkelstamvegen Forus nord;EV39 S1000D65 m24;2026-08-19T07:00+02:00;2026-08-19T08:00+02:00;2026-08-19;07:00;08:00;2;144;100,0;1;1;0;144;0,00;-;-;-;-;-;-;-;-
99274B3204701;Sykkelstamvegen Forus nord;EV39 S1000D65 m24;2026-08-19T07:00+02:00;2026-08-19T08:00+02:00;2026-08-19;07:00;08:00;Totalt i retning Sandnes;63;100,0;1;1;0;63;0,00;-;-;-;-;-;-;-;-
99274B3204701;Sykkelstamvegen Forus nord;EV39 S1000D65 m24;2026-08-19T07:00+02:00;2026-08-19T08:00+02:00;2026-08-19;07:00;08:00;Totalt i retning Stavanger;148;100,0;1;1;0;148;0,00;-;-;-;-;-;-;-;-
99274B3204701;Sykkelstamvegen Forus nord;EV39 S1000D65 m24;2026-08-19T07:00+02:00;2026-08-19T08:00+02:00;2026-08-19;07:00;08:00;Totalt;211;100,0;1;1;0;211;0,00;-;-;-;-;-;-;-;-
99274B3204701;Sykkelstamvegen Forus nord;EV39 S1000D65 m24;2026-08-19T08:00+02:00;2026-08-19T09:00+02:00;2026-08-19;08:00;09:00;1;44;100,0;1;1;0;44;0,00;-;-;-;-;-;-;-;-
99274B3204701;Sykkelstamvegen Forus nord;EV39 S1000D65 m24;2026-08-19T08:00+02:00;2026-08-19T09:00+02:00;2026-08-19;08:00;09:00;2;63;100,0;1;1;0;63;0,00;-;-;-;-;-;-;-;-
99274B3204701;Sykkelstamvegen Forus nord;EV39 S1000D65 m24;2026-08-19T08:00+02:00;2026-08-19T09:00+02:00;2026-08-19;08:00;09:00;Totalt i retning Sandnes;40;100,0;1;1;0;40;0,00;-;-;-;-;-;-;-;-
99274B3204701;Sykkelstamvegen Forus nord;EV39 S1000D65 m24;2026-08-19T08:00+02:00;2026-08-19T09:00+02:00;2026-08-19;08:00;09:00;Totalt i retning Stavanger;67;100,0;1;1;0;67;0,00;-;-;-;-;-;-;-;-
99274B3204701;Sykkelstamvegen Forus nord;EV39 S1000D65 m24;2026-08-19T08:00+02:00;2026-08-19T09:00+02:00;2026-08-19;08:00;09:00;Totalt;107;100,0;1;1;0;107;0,00;-;-;-;-;-;-;-;-
99274B3204701;Sykkelstamvegen Forus nord;EV39 S1000D65 m24;2026-08-19T09:00+02:00;2026-08-19T10:00+02:00;2026-08-19;09:00;10:00;1;17;100,0;1;1;0;17;0,00;-;-;-;-;-;-;-;-
99274B3204701;Sykkelstamvegen Forus nord;EV39 S1000D65 m24;2026-08-19T09:00+02:00;2026-08-19T10:00+02:00;2026-08-19;09:00;10:00;2;12;100,0;1;1;0;12;0,00;-;-;-;-;-;-;-;-
99274B3204701;Sykkelstamvegen Forus nord;EV39 S1000D65 m24;2026-08-19T09:00+02:00;2026-08-19T10:00+02:00;2026-08-19;09:00;10:00;Totalt i retning Sandnes;17;100,0;1;1;0;17;0,00;-;-;-;-;-;-;-;-
99274B3204701;Sykkelstamvegen Forus nord;EV39 S1000D65 m24;2026-08-19T09:00+02:00;2026-08-19T10:00+02:00;2026-08-19;09:00;10:00;Totalt i retning Stavanger;12;100,0;1;1;0;12;0,00;-;-;-;-;-;-;-;-
99274B3204701;Sykkelstamvegen Forus nord;EV39 S1000D65 m24;2026-08-19T09:00+02:00;2026-08-19T10:00+02:00;2026-08-19;09:00;10:00;Totalt;29;100,0;1;1;0;29;0,00;-;-;-;-;-;-;-;-
99274B3204701;Sykkelstamvegen Forus nord;EV39 S1000D65 m24;2026-08-19T10:00+02:00;2026-08-19T11:00+02:00;2026-08-19;10:00;11:00;1;20;100,0;1;1;0;20;0,00;-;-;-;-;-;-;-;-
99274B3204701;Sykkelstamvegen Forus nord;EV39 S1000D65 m24;2026-08-19T10:00+02:00;2026-08-19T11:00+02:00;2026-08-19;10:00;11:00;2;21;100,0;1;1;0;21;0,00;-;-;-;-;-;-;-;-
99274B3204701;Sykkelstamvegen Forus nord;EV39 S1000D65 m24;2026-08-19T10:00+02:00;2026-08-19T11:00+02:00;2026-08-19;10:00;11:00;Totalt i retning Sandnes;25;100,0;1;1;0;25;0,00;-;-;-;-;-;-;-;-
99274B3204701;Sykkelstamvegen Forus nord;EV39 S1000D65 m24;2026-08-19T10:00+02:00;2026-08-19T11:00+02:00;2026-08-19;10:00;11:00;Totalt i retning Stavanger;16;100,0;1;1;0;16;0,00;-;-;-;-;-;-;-;-
99274B3204701;Sykkelstamvegen Forus nord;EV39 S1000D65 m24;2026-08-19T10:00+02:00;2026-08-19T11:00+02:00;2026-08-19;10:00;11:00;Totalt;41;100,0;1;1;0;41;0,00;-;-;-;-;-;-;-;-
99274B3204701;Sykkelstamvegen Forus nord;EV39 S1000D65 m24;2026-08-19T11:00+02:00;2026-08-19T12:00+02:00;2026-08-19;11:00;12:00;1;31;100,0;1;1;0;31;0,00;-;-;-;-;-;-;-;-
99274B3204701;Sykkelstamvegen Forus nord;EV39 S1000D65 m24;2026-08-19T11:00+02:00;2026-08-19T12:00+02:00;2026-08-19;11:00;12:00;2;22;100,0;1;1;0;22;0,00;-;-;-;-;-;-;-;-
99274B3204701;Sykkelstamvegen Forus nord;EV39 S1000D65 m24;2026-08-19T11:00+02:00;2026-08-19T12:00+02:00;2026-08-19;11:00;12:00;Totalt i retning Sandnes;31;100,0;1;1;0;31;0,00;-;-;-;-;-;-;-;-
99274B3204701;Sykkelstamvegen Forus nord;EV39 S1000D65 m24;2026-08-19T11:00+02:00;2026-08-19T12:00+02:00;2026-08-19;11:00;12:00;Totalt i retning Stavanger;22;100,0;1;1;0;22;0,00;-;-;-;-;-;-;-;-
99274B3204701;Sykkelstamvegen Forus nord;EV39 S1000D65 m24;2026-08-19T11:00+02:00;2026-08-19T12:00+02:00;2026-08-19;11:00;12:00;Totalt;53;100,0;1;1;0;53;0,00;-;-;-;-;-;-;-;-
99274B3204701;Sykkelstamvegen Forus nord;EV39 S1000D65 m24;2026-08-19T12:00+02:00;2026-08-19T13:00+02:00;2026-08-19;12:00;13:00;1;35;100,0;1;1;0;35;0,00;-;-;-;-;-;-;-;-
99274B3204701;Sykkelstamvegen Forus nord;EV39 S1000D65 m24;2026-08-19T12:00+02:00;2026-08-19T13:00+02:00;2026-08-19;12:00;13:00;2;17;100,0;1;1;0;17;0,00;-;-;-;-;-;-;-;-
99274B3204701;Sykkelstamvegen Forus nord;EV39 S1000D65 m24;2026-08-19T12:00+02:00;2026-08-19T13:00+02:00;2026-08-19;12:00;13:00;Totalt i retning Sandnes;35;100,0;1;1;0;35;0,00;-;-;-;-;-;-;-;-
99274B3204701;Sykkelstamvegen Forus nord;EV39 S1000D65 m24;2026-08-19T12:00+02:00;2026-08-19T13:00+02:00;2026-08-19;12:00;13:00;Totalt i retning Stavanger;17;100,0;1;1;0;17;0,00;-;-;-;-;-;-;-;-
99274B3204701;Sykkelstamvegen Forus nord;EV39 S1000D65 m24;2026-08-19T12:00+02:00;2026-08-19T13:00+02:00;2026-08-19;12:00;13:00;Totalt;52;100,0;1;1;0;52;0,00;-;-;-;-;-;-;-;-
99274B3204701;Sykkelstamvegen Forus nord;EV39 S1000D65 m24;2026-08-19T13:00+02:00;2026-08-19T14:00+02:00;2026-08-19;13:00;14:00;1;22;100,0;1;1;0;22;0,00;-;-;-;-;-;-;-;-
99274B3204701;Sykkelstamvegen Forus nord;EV39 S1000D65 m24;2026-08-19T13:00+02:00;2026-08-19T14:00+02:00;2026-08-19;13:00;14:00;2;32;100,0;1;1;0;32;0,00;-;-;-;-;-;-;-;-
99274B3204701;Sykkelstamvegen Forus nord;EV39 S1000D65 m24;2026-08-19T13:00+02:00;2026-08-19T14:00+02:00;2026-08-19;13:00;14:00;Totalt i retning Sandnes;22;100,0;1;1;0;22;0,00;-;-;-;-;-;-;-;-
99274B3204701;Sykkelstamvegen Forus nord;EV39 S1000D65 m24;2026-08-19T13:00+02:00;2026-08-19T14:00+02:00;2026-08-19;13:00;14:00;Totalt i retning Stavanger;32;100,0;1;1;0;32;0,00;-;-;-;-;-;-;-;-
99274B3204701;Sykkelstamvegen Forus nord;EV39 S1000D65 m24;2026-08-19T13:00+02:00;2026-08-19T14:00+02:00;2026-08-19;13:00;14:00;Totalt;54;100,0;1;1;0;54;0,00;-;-;-;-;-;-;-;-
99274B3204701;Sykkelstamvegen Forus nord;EV39 S1000D65 m24;2026-08-19T14:00+02:00;2026-08-19T15:00+02:00;2026-08-19;14:00;15:00;1;53;100,0;1;1;0;53;0,00;-;-;-;-;-;-;-;-
99274B3204701;Sykkelstamvegen Forus nord;EV39 S1000D65 m24;2026-08-19T14:00+02:00;2026-08-19T15:00+02:00;2026-08-19;14:00;15:00;2;36;100,0;1;1;0;36;0,00;-;-;-;-;-;-;-;-
99274B3204701;Sykkelstamvegen Forus nord;EV39 S1000D65 m24;2026-08-19T14:00+02:00;2026-08-19T15:00+02:00;2026-08-19;14:00;15:00;Totalt i retning Sandnes;52;100,0;1;1;0;52;0,00;-;-;-;-;-;-;-;-
99274B3204701;Sykkelstamvegen Forus nord;EV39 S1000D65 m24;2026-08-19T14:00+02:00;2026-08-19T15:00+02:00;2026-08-19;14:00;15:00;Totalt i retning Stavanger;37;100,0;1;1;0;37;0,00;-;-;-;-;-;-;-;-
99274B3204701;Sykkelstamvegen Forus nord;EV39 S1000D65 m24;2026-08-19T14:00+02:00;2026-08-19T15:00+02:00;2026-08-19;14:00;15:00;Totalt;89;100,0;1;1;0;89;0,00;-;-;-;-;-;-;-;-
99274B3204701;Sykkelstamvegen Forus nord;EV39 S1000D65 m24;2026-08-19T15:00+02:00;2026-08-19T16:00+02:00;2026-08-19;15:00;16:00;1;161;100,0;1;1;0;161;0,00;-;-;-;-;-;-;-;-
99274B3204701;Sykkelstamvegen Forus nord;EV39 S1000D65 m24;2026-08-19T15:00+02:00;2026-08-19T16:00+02:00;2026-08-19;15:00;16:00;2;55;100,0;1;1;0;55;0,00;-;-;-;-;-;-;-;-
99274B3204701;Sykkelstamvegen Forus nord;EV39 S1000D65 m24;2026-08-19T15:00+02:00;2026-08-19T16:00+02:00;2026-08-19;15:00;16:00;Totalt i retning Sandnes;160;100,0;1;1;0;160;0,00;-;-;-;-;-;-;-;-
99274B3204701;Sykkelstamvegen Forus nord;EV39 S1000D65 m24;2026-08-19T15:00+02:00;2026-08-19T16:00+02:00;2026-08-19;15:00;16:00;Totalt i retning Stavanger;56;100,0;1;1;0;56;0,00;-;-;-;-;-;-;-;-
99274B3204701;Sykkelstamvegen Forus nord;EV39 S1000D65 m24;2026-08-19T15:00+02:00;2026-08-19T16:00+02:00;2026-08-19;15:00;16:00;Totalt;216;100,0;1;1;0;216;0,00;-;-;-;-;-;-;-;-
99274B3204701;Sykkelstamvegen Forus nord;EV39 S1000D65 m24;2026-08-19T16:00+02:00;2026-08-19T17:00+02:00;2026-08-19;16:00;17:00;1;117;100,0;1;1;0;117;0,00;-;-;-;-;-;-;-;-
99274B3204701;Sykkelstamvegen Forus nord;EV39 S1000D65 m24;2026-08-19T16:00+02:00;2026-08-19T17:00+02:00;2026-08-19;16:00;17:00;2;63;100,0;1;1;0;63;0,00;-;-;-;-;-;-;-;-
99274B3204701;Sykkelstamvegen Forus nord;EV39 S1000D65 m24;2026-08-19T16:00+02:00;2026-08-19T17:00+02:00;2026-08-19;16:00;17:00;Totalt i retning Sandnes;115;100,0;1;1;0;115;0,00;-;-;-;-;-;-;-;-
99274B3204701;Sykkelstamvegen Forus nord;EV39 S1000D65 m24;2026-08-19T16:00+02:00;2026-08-19T17:00+02:00;2026-08-19;16:00;17:00;Totalt i retning Stavanger;65;100,0;1;1;0;65;0,00;-;-;-;-;-;-;-;-
99274B3204701;Sykkelstamvegen Forus nord;EV39 S1000D65 m24;2026-08-19T16:00+02:00;2026-08-19T17:00+02:00;2026-08-19;16:00;17:00;Totalt;180;100,0;1;1;0;180;0,00;-;-;-;-;-;-;-;-
99274B3204701;Sykkelstamvegen Forus nord;EV39 S1000D65 m24;2026-08-19T17:00+02:00;2026-08-19T18:00+02:00;2026-08-19;17:00;18:00;1;54;100,0;1;1;0;54;0,00;-;-;-;-;-;-;-;-
99274B3204701;Sykkelstamvegen Forus nord;EV39 S1000D65 m24;2026-08-19T17:00+02:00;2026-08-19T18:00+02:00;2026-08-19;17:00;18:00;2;31;100,0;1;1;0;31;0,00;-;-;-;-;-;-;-;-
99274B3204701;Sykkelstamvegen Forus nord;EV39 S1000D65 m24;2026-08-19T17:00+02:00;2026-08-19T18:00+02:00;2026-08-19;17:00;18:00;Totalt i retning Sandnes;53;100,0;1;1;0;53;0,00;-;-;-;-;-;-;-;-
99274B3204701;Sykkelstamvegen Forus nord;EV39 S1000D65 m24;2026-08-19T17:00+02:00;2026-08-19T18:00+02:00;2026-08-19;17:00;18:00;Totalt i retning Stavanger;32;100,0;1;1;0;32;0,00;-;-;-;-;-;-;-;-
99274B3204701;Sykkelstamvegen Forus nord;EV39 S1000D65 m24;2026-08-19T17:00+02:00;2026-08-19T18:00+02:00;2026-08-19;17:00;18:00;Totalt;85;100,0;1;1;0;85;0,00;-;-;-;-;-;-;-;-
99274B3204701;Sykkelstamvegen Forus nord;EV39 S1000D65 m24;2026-08-19T18:00+02:00;2026-08-19T19:00+02:00;2026-08-19;18:00;19:00;1;37;100,0;1;1;0;37;0,00;-;-;-;-;-;-;-;-
99274B3204701;Sykkelstamvegen Forus nord;EV39 S1000D65 m24;2026-08-19T18:00+02:00;2026-08-19T19:00+02:00;2026-08-19;18:00;19:00;2;32;100,0;1;1;0;32;0,00;-;-;-;-;-;-;-;-
99274B3204701;Sykkelstamvegen Forus nord;EV39 S1000D65 m24;2026-08-19T18:00+02:00;2026-08-19T19:00+02:00;2026-08-19;18:00;19:00;Totalt i retning Sandnes;36;100,0;1;1;0;36;0,00;-;-;-;-;-;-;-;-
99274B3204701;Sykkelstamvegen Forus nord;EV39 S1000D65 m24;2026-08-19T18:00+02:00;2026-08-19T19:00+02:00;2026-08-19;18:00;19:00;Totalt i retning Stavanger;33;100,0;1;1;0;33;0,00;-;-;-;-;-;-;-;-
99274B3204701;Sykkelstamvegen Forus nord;EV39 S1000D65 m24;2026-08-19T18:00+02:00;2026-08-19T19:00+02:00;2026-08-19;18:00;19:00;Totalt;69;100,0;1;1;0;69;0,00;-;-;-;-;-;-;-;-
99274B3204701;Sykkelstamvegen Forus nord;EV39 S1000D65 m24;2026-08-19T19:00+02:00;2026-08-19T20:00+02:00;2026-08-19;19:00;20:00;1;20;100,0;1;1;0;20;0,00;-;-;-;-;-;-;-;-
99274B3204701;Sykkelstamvegen Forus nord;EV39 S1000D65 m24;2026-08-19T19:00+02:00;2026-08-19T20:00+02:00;2026-08-19;19:00;20:00;2;30;100,0;1;1;0;30;0,00;-;-;-;-;-;-;-;-
99274B3204701;Sykkelstamvegen Forus nord;EV39 S1000D65 m24;2026-08-19T19:00+02:00;2026-08-19T20:00+02:00;2026-08-19;19:00;20:00;Totalt i retning Sandnes;22;100,0;1;1;0;22;0,00;-;-;-;-;-;-;-;-
99274B3204701;Sykkelstamvegen Forus nord;EV39 S1000D65 m24;2026-08-19T19:00+02:00;2026-08-19T20:00+02:00;2026-08-19;19:00;20:00;Totalt i retning Stavanger;28;100,0;1;1;0;28;0,00;-;-;-;-;-;-;-;-
99274B3204701;Sykkelstamvegen Forus nord;EV39 S1000D65 m24;2026-08-19T19:00+02:00;2026-08-19T20:00+02:00;2026-08-19;19:00;20:00;Totalt;50;100,0;1;1;0;50;0,00;-;-;-;-;-;-;-;-
99274B3204701;Sykkelstamvegen Forus nord;EV39 S1000D65 m24;2026-08-19T20:00+02:00;2026-08-19T21:00+02:00;2026-08-19;20:00;21:00;1;25;100,0;1;1;0;25;0,00;-;-;-;-;-;-;-;-
99274B3204701;Sykkelstamvegen Forus nord;EV39 S1000D65 m24;2026-08-19T20:00+02:00;2026-08-19T21:00+02:00;2026-08-19;20:00;21:00;2;13;100,0;1;1;0;13;0,00;-;-;-;-;-;-;-;-
99274B3204701;Sykkelstamvegen Forus nord;EV39 S1000D65 m24;2026-08-19T20:00+02:00;2026-08-19T21:00+02:00;2026-08-19;20:00;21:00;Totalt i retning Sandnes;25;100,0;1;1;0;25;0,00;-;-;-;-;-;-;-;-
99274B3204701;Sykkelstamvegen Forus nord;EV39 S1000D65 m24;2026-08-19T20:00+02:00;2026-08-19T21:00+02:00;2026-08-19;20:00;21:00;Totalt i retning Stavanger;13;100,0;1;1;0;13;0,00;-;-;-;-;-;-;-;-
99274B3204701;Sykkelstamvegen Forus nord;EV39 S1000D65 m24;2026-08-19T20:00+02:00;2026-08-19T21:00+02:00;2026-08-19;20:00;21:00;Totalt;38;100,0;1;1;0;38;0,00;-;-;-;-;-;-;-;-
99274B3204701;Sykkelstamvegen Forus nord;EV39 S1000D65 m24;2026-08-19T21:00+02:00;2026-08-19T22:00+02:00;2026-08-19;21:00;22:00;1;5;100,0;1;1;0;5;0,00;-;-;-;-;-;-;-;-
99274B3204701;Sykkelstamvegen Forus nord;EV39 S1000D65 m24;2026-08-19T21:00+02:00;2026-08-19T22:00+02:00;2026-08-19;21:00;22:00;2;6;100,0;1;1;0;6;0,00;-;-;-;-;-;-;-;-
99274B3204701;Sykkelstamvegen Forus nord;EV39 S1000D65 m24;2026-08-19T21:00+02:00;2026-08-19T22:00+02:00;2026-08-19;21:00;22:00;Totalt i retning Sandnes;5;100,0;1;1;0;5;0,00;-;-;-;-;-;-;-;-
99274B3204701;Sykkelstamvegen Forus nord;EV39 S1000D65 m24;2026-08-19T21:00+02:00;2026-08-19T22:00+02:00;2026-08-19;21:00;22:00;Totalt i retning Stavanger;6;100,0;1;1;0;6;0,00;-;-;-;-;-;-;-;-
99274B3204701;Sykkelstamvegen Forus nord;EV39 S1000D65 m24;2026-08-19T21:00+02:00;2026-08-19T22:00+02:00;2026-08-19;21:00;22:00;Totalt;11;100,0;1;1;0;11;0,00;-;-;-;-;-;-;-;-
99274B3204701;Sykkelstamvegen Forus nord;EV39 S1000D65 m24;2026-08-19T22:00+02:00;2026-08-19T23:00+02:00;2026-08-19;22:00;23:00;1;5;100,0;1;1;0;5;0,00;-;-;-;-;-;-;-;-
99274B3204701;Sykkelstamvegen Forus nord;EV39 S1000D65 m24;2026-08-19T22:00+02:00;2026-08-19T23:00+02:00;2026-08-19;22:00;23:00;2;4;100,0;1;1;0;4;0,00;-;-;-;-;-;-;-;-
99274B3204701;Sykkelstamvegen Forus nord;EV39 S1000D65 m24;2026-08-19T22:00+02:00;2026-08-19T23:00+02:00;2026-08-19;22:00;23:00;Totalt i retning Sandnes;5;100,0;1;1;0;5;0,00;-;-;-;-;-;-;-;-
99274B3204701;Sykkelstamvegen Forus nord;EV39 S1000D65 m24;2026-08-19T22:00+02:00;2026-08-19T23:00+02:00;2026-08-19;22:00;23:00;Totalt i retning Stavanger;4;100,0;1;1;0;4;0,00;-;-;-;-;-;-;-;-
99274B3204701;Sykkelstamvegen Forus nord;EV39 S1000D65 m24;2026-08-19T22:00+02:00;2026-08-19T23:00+02:00;2026-08-19;22:00;23:00;Totalt;9;100,0;1;1;0;9;0,00;-;-;-;-;-;-;-;-
99274B3204701;Sykkelstamvegen Forus nord;EV39 S1000D65 m24;2026-08-19T23:00+02:00;2026-08-20T00:00+02:00;2026-08-19;23:00;00:00;1;1;100,0;1;1;0;1;0,00;-;-;-;-;-;-;-;-
99274B3204701;Sykkelstamvegen Forus nord;EV39 S1000D65 m24;2026-08-19T23:00+02:00;2026-08-20T00:00+02:00;2026-08-19;23:00;00:00;2;0;100,0;1;1;0;0;100,00;-;-;-;-;-;-;-;-
99274B3204701;Sykkelstamvegen Forus nord;EV39 S1000D65 m24;2026-08-19T23:00+02:00;2026-08-20T00:00+02:00;2026-08-19;23:00;00:00;Totalt i retning Sandnes;1;100,0;1;1;0;1;0,00;-;-;-;-;-;-;-;-
99274B3204701;Sykkelstamvegen Forus nord;EV39 S1000D65 m24;2026-08-19T23:00+02:00;2026-08-20T00:00+02:00;2026-08-19;23:00;00:00;Totalt i retning Stavanger;0;100,0;1;1;0;0;100,00;-;-;-;-;-;-;-;-
99274B3204701;Sykkelstamvegen Forus nord;EV39 S1000D65 m24;2026-08-19T23:00+02:00;2026-08-20T00:00+02:00;2026-08-19;23:00;00:00;Totalt;1;100,0;1;1;0;1;0,00;-;-;-;-;-;-;-;-
99274B3204701;Sykkelstamvegen Forus nord;EV39 S1000D65 m24;2026-08-20T00:00+02:00;2026-08-20T01:00+02:00;2026-08-20;00:00;01:00;1;3;100,0;1;1;0;3;0,00;-;-;-;-;-;-;-;-
99274B3204701;Sykkelstamvegen Forus nord;EV39 S1000D65 m24;2026-08-20T00:00+02:00;2026-08-20T01:00+02:00;2026-08-20;00:00;01:00;2;0;100,0;1;1;0;0;100,00;-;-;-;-;-;-;-;-
99274B3204701;Sykkelstamvegen Forus nord;EV39 S1000D65 m24;2026-08-20T00:00+02:00;2026-08-20T01:00+02:00;2026-08-20;00:00;01:00;Totalt i retning Sandnes;3;100,0;1;1;0;3;0,00;-;-;-;-;-;-;-;-
99274B3204701;Sykkelstamvegen Forus nord;EV39 S1000D65 m24;2026-08-20T00:00+02:00;2026-08-20T01:00+02:00;2026-08-20;00:00;01:00;Totalt i retning Stavanger;0;100,0;1;1;0;0;100,00;-;-;-;-;-;-;-;-
99274B3204701;Sykkelstamvegen Forus nord;EV39 S1000D65 m24;2026-08-20T00:00+02:00;2026-08-20T01:00+02:00;2026-08-20;00:00;01:00;Totalt;3;100,0;1;1;0;3;0,00;-;-;-;-;-;-;-;-
99274B3204701;Sykkelstamvegen Forus nord;EV39 S1000D65 m24;2026-08-20T01:00+02:00;2026-08-20T02:00+02:00;2026-08-20;01:00;02:00;1;0;100,0;1;1;0;0;100,00;-;-;-;-;-;-;-;-
99274B3204701;Sykkelstamvegen Forus nord;EV39 S1000D65 m24;2026-08-20T01:00+02:00;2026-08-20T02:00+02:00;2026-08-20;01:00;02:00;2;0;100,0;1;1;0;0;100,00;-;-;-;-;-;-;-;-
99274B3204701;Sykkelstamvegen Forus nord;EV39 S1000D65 m24;2026-08-20T01:00+02:00;2026-08-20T02:00+02:00;2026-08-20;01:00;02:00;Totalt i retning Sandnes;0;100,0;1;1;0;0;100,00;-;-;-;-;-;-;-;-
99274B3204701;Sykkelstamvegen Forus nord;EV39 S1000D65 m24;2026-08-20T01:00+02:00;2026-08-20T02:00+02:00;2026-08-20;01:00;02:00;Totalt i retning Stavanger;0;100,0;1;1;0;0;100,00;-;-;-;-;-;-;-;-
99274B3204701;Sykkelstamvegen Forus nord;EV39 S1000D65 m24;2026-08-20T01:00+02:00;2026-08-20T02:00+02:00;2026-08-20;01:00;02:00;Totalt;0;100,0;1;1;0;0;100,00;-;-;-;-;-;-;-;-
99274B3204701;Sykkelstamvegen Forus nord;EV39 S1000D65 m24;2026-08-20T02:00+02:00;2026-08-20T03:00+02:00;2026-08-20;02:00;03:00;1;1;100,0;1;1;0;1;0,00;-;-;-;-;-;-;-;-
99274B3204701;Sykkelstamvegen Forus nord;EV39 S1000D65 m24;2026-08-20T02:00+02:00;2026-08-20T03:00+02:00;2026-08-20;02:00;03:00;2;0;100,0;1;1;0;0;100,00;-;-;-;-;-;-;-;-
99274B3204701;Sykkelstamvegen Forus nord;EV39 S1000D65 m24;2026-08-20T02:00+02:00;2026-08-20T03:00+02:00;2026-08-20;02:00;03:00;Totalt i retning Sandnes;1;100,0;1;1;0;1;0,00;-;-;-;-;-;-;-;-
99274B3204701;Sykkelstamvegen Forus nord;EV39 S1000D65 m24;2026-08-20T02:00+02:00;2026-08-20T03:00+02:00;2026-08-20;02:00;03:00;Totalt i retning Stavanger;0;100,0;1;1;0;0;100,00;-;-;-;-;-;-;-;-
99274B3204701;Sykkelstamvegen Forus nord;EV39 S1000D65 m24;2026-08-20T02:00+02:00;2026-08-20T03:00+02:00;2026-08-20;02:00;03:00;Totalt;1;100,0;1;1;0;1;0,00;-;-;-;-;-;-;-;-
99274B3204701;Sykkelstamvegen Forus nord;EV39 S1000D65 m24;2026-08-20T03:00+02:00;2026-08-20T04:00+02:00;2026-08-20;03:00;04:00;1;0;100,0;1;1;0;0;100,00;-;-;-;-;-;-;-;-
99274B3204701;Sykkelstamvegen Forus nord;EV39 S1000D65 m24;2026-08-20T03:00+02:00;2026-08-20T04:00+02:00;2026-08-20;03:00;04:00;2;0;100,0;1;1;0;0;100,00;-;-;-;-;-;-;-;-
99274B3204701;Sykkelstamvegen Forus nord;EV39 S1000D65 m24;2026-08-20T03:00+02:00;2026-08-20T04:00+02:00;2026-08-20;03:00;04:00;Totalt i retning Sandnes;0;100,0;1;1;0;0;100,00;-;-;-;-;-;-;-;-
99274B3204701;Sykkelstamvegen Forus nord;EV39 S1000D65 m24;2026-08-20T03:00+02:00;2026-08-20T04:00+02:00;2026-08-20;03:00;04:00;Totalt i retning Stavanger;0;100,0;1;1;0;0;100,00;-;-;-;-;-;-;-;-
99274B3204701;Sykkelstamvegen Forus nord;EV39 S1000D65 m24;2026-08-20T03:00+02:00;2026-08-20T04:00+02:00;2026-08-20;03:00;04:00;Totalt;0;100,0;1;1;0;0;100,00;-;-;-;-;-;-;-;-
99274B3204701;Sykkelstamvegen Forus nord;EV39 S1000D65 m24;2026-08-20T04:00+02:00;2026-08-20T05:00+02:00;2026-08-20;04:00;05:00;1;1;100,0;1;1;0;1;0,00;-;-;-;-;-;-;-;-
99274B3204701;Sykkelstamvegen Forus nord;EV39 S1000D65 m24;2026-08-20T04:00+02:00;2026-08-20T05:00+02:00;2026-08-20;04:00;05:00;2;1;100,0;1;1;0;1;0,00;-;-;-;-;-;-;-;-
99274B3204701;Sykkelstamvegen Forus nord;EV39 S1000D65 m24;2026-08-20T04:00+02:00;2026-08-20T05:00+02:00;2026-08-20;04:00;05:00;Totalt i retning Sandnes;1;100,0;1;1;0;1;0,00;-;-;-;-;-;-;-;-
99274B3204701;Sykkelstamvegen Forus nord;EV39 S1000D65 m24;2026-08-20T04:00+02:00;2026-08-20T05:00+02:00;2026-08-20;04:00;05:00;Totalt i retning Stavanger;1;100,0;1;1;0;1;0,00;-;-;-;-;-;-;-;-
99274B3204701;Sykkelstamvegen Forus nord;EV39 S1000D65 m24;2026-08-20T04:00+02:00;2026-08-20T05:00+02:00;2026-08-20;04:00;05:00;Totalt;2;100,0;1;1;0;2;0,00;-;-;-;-;-;-;-;-
99274B3204701;Sykkelstamvegen Forus nord;EV39 S1000D65 m24;2026-08-20T05:00+02:00;2026-08-20T06:00+02:00;2026-08-20;05:00;06:00;1;7;100,0;1;1;0;7;0,00;-;-;-;-;-;-;-;-
99274B3204701;Sykkelstamvegen Forus nord;EV39 S1000D65 m24;2026-08-20T05:00+02:00;2026-08-20T06:00+02:00;2026-08-20;05:00;06:00;2;9;100,0;1;1;0;9;0,00;-;-;-;-;-;-;-;-
99274B3204701;Sykkelstamvegen Forus nord;EV39 S1000D65 m24;2026-08-20T05:00+02:00;2026-08-20T06:00+02:00;2026-08-20;05:00;06:00;Totalt i retning Sandnes;7;100,0;1;1;0;7;0,00;-;-;-;-;-;-;-;-
99274B3204701;Sykkelstamvegen Forus nord;EV39 S1000D65 m24;2026-08-20T05:00+02:00;2026-08-20T06:00+02:00;2026-08-20;05:00;06:00;Totalt i retning Stavanger;9;100,0;1;1;0;9;0,00;-;-;-;-;-;-;-;-
99274B3204701;Sykkelstamvegen Forus nord;EV39 S1000D65 m24;2026-08-20T05:00+02:00;2026-08-20T06:00+02:00;2026-08-20;05:00;06:00;Totalt;16;100,0;1;1;0;16;0,00;-;-;-;-;-;-;-;-
99274B3204701;Sykkelstamvegen Forus nord;EV39 S1000D65 m24;2026-08-20T06:00+02:00;2026-08-20T07:00+02:00;2026-08-20;06:00;07:00;1;37;100,0;1;1;0;37;0,00;-;-;-;-;-;-;-;-
99274B3204701;Sykkelstamvegen Forus nord;EV39 S1000D65 m24;2026-08-20T06:00+02:00;2026-08-20T07:00+02:00;2026-08-20;06:00;07:00;2;58;100,0;1;1;0;58;0,00;-;-;-;-;-;-;-;-
99274B3204701;Sykkelstamvegen Forus nord;EV39 S1000D65 m24;2026-08-20T06:00+02:00;2026-08-20T07:00+02:00;2026-08-20;06:00;07:00;Totalt i retning Sandnes;36;100,0;1;1;0;36;0,00;-;-;-;-;-;-;-;-
99274B3204701;Sykkelstamvegen Forus nord;EV39 S1000D65 m24;2026-08-20T06:00+02:00;2026-08-20T07:00+02:00;2026-08-20;06:00;07:00;Totalt i retning Stavanger;59;100,0;1;1;0;59;0,00;-;-;-;-;-;-;-;-
99274B3204701;Sykkelstamvegen Forus nord;EV39 S1000D65 m24;2026-08-20T06:00+02:00;2026-08-20T07:00+02:00;2026-08-20;06:00;07:00;Totalt;95;100,0;1;1;0;95;0,00;-;-;-;-;-;-;-;-
99274B3204701;Sykkelstamvegen Forus nord;EV39 S1000D65 m24;2026-08-20T07:00+02:00;2026-08-20T08:00+02:00;2026-08-20;07:00;08:00;1;55;100,0;1;1;0;55;0,00;-;-;-;-;-;-;-;-
99274B3204701;Sykkelstamvegen Forus nord;EV39 S1000D65 m24;2026-08-20T07:00+02:00;2026-08-20T08:00+02:00;2026-08-20;07:00;08:00;2;104;100,0;1;1;0;104;0,00;-;-;-;-;-;-;-;-
99274B3204701;Sykkelstamvegen Forus nord;EV39 S1000D65 m24;2026-08-20T07:00+02:00;2026-08-20T08:00+02:00;2026-08-20;07:00;08:00;Totalt i retning Sandnes;55;100,0;1;1;0;55;0,00;-;-;-;-;-;-;-;-
99274B3204701;Sykkelstamvegen Forus nord;EV39 S1000D65 m24;2026-08-20T07:00+02:00;2026-08-20T08:00+02:00;2026-08-20;07:00;08:00;Totalt i retning Stavanger;104;100,0;1;1;0;104;0,00;-;-;-;-;-;-;-;-
99274B3204701;Sykkelstamvegen Forus nord;EV39 S1000D65 m24;2026-08-20T07:00+02:00;2026-08-20T08:00+02:00;2026-08-20;07:00;08:00;Totalt;159;100,0;1;1;0;159;0,00;-;-;-;-;-;-;-;-
99274B3204701;Sykkelstamvegen Forus nord;EV39 S1000D65 m24;2026-08-20T08:00+02:00;2026-08-20T09:00+02:00;2026-08-20;08:00;09:00;1;36;100,0;1;1;0;36;0,00;-;-;-;-;-;-;-;-
99274B3204701;Sykkelstamvegen Forus nord;EV39 S1000D65 m24;2026-08-20T08:00+02:00;2026-08-20T09:00+02:00;2026-08-20;08:00;09:00;2;75;100,0;1;1;0;75;0,00;-;-;-;-;-;-;-;-
99274B3204701;Sykkelstamvegen Forus nord;EV39 S1000D65 m24;2026-08-20T08:00+02:00;2026-08-20T09:00+02:00;2026-08-20;08:00;09:00;Totalt i retning Sandnes;36;100,0;1;1;0;36;0,00;-;-;-;-;-;-;-;-
99274B3204701;Sykkelstamvegen Forus nord;EV39 S1000D65 m24;2026-08-20T08:00+02:00;2026-08-20T09:00+02:00;2026-08-20;08:00;09:00;Totalt i retning Stavanger;75;100,0;1;1;0;75;0,00;-;-;-;-;-;-;-;-
99274B3204701;Sykkelstamvegen Forus nord;EV39 S1000D65 m24;2026-08-20T08:00+02:00;2026-08-20T09:00+02:00;2026-08-20;08:00;09:00;Totalt;111;100,0;1;1;0;111;0,00;-;-;-;-;-;-;-;-
99274B3204701;Sykkelstamvegen Forus nord;EV39 S1000D65 m24;2026-08-20T09:00+02:00;2026-08-20T10:00+02:00;2026-08-20;09:00;10:00;1;11;100,0;1;1;0;11;0,00;-;-;-;-;-;-;-;-
99274B3204701;Sykkelstamvegen Forus nord;EV39 S1000D65 m24;2026-08-20T09:00+02:00;2026-08-20T10:00+02:00;2026-08-20;09:00;10:00;2;15;100,0;1;1;0;15;0,00;-;-;-;-;-;-;-;-
99274B3204701;Sykkelstamvegen Forus nord;EV39 S1000D65 m24;2026-08-20T09:00+02:00;2026-08-20T10:00+02:00;2026-08-20;09:00;10:00;Totalt i retning Sandnes;10;100,0;1;1;0;10;0,00;-;-;-;-;-;-;-;-
99274B3204701;Sykkelstamvegen Forus nord;EV39 S1000D65 m24;2026-08-20T09:00+02:00;2026-08-20T10:00+02:00;2026-08-20;09:00;10:00;Totalt i retning Stavanger;16;100,0;1;1;0;16;0,00;-;-;-;-;-;-;-;-
99274B3204701;Sykkelstamvegen Forus nord;EV39 S1000D65 m24;2026-08-20T09:00+02:00;2026-08-20T10:00+02:00;2026-08-20;09:00;10:00;Totalt;26;100,0;1;1;0;26;0,00;-;-;-;-;-;-;-;-
99274B3204701;Sykkelstamvegen Forus nord;EV39 S1000D65 m24;2026-08-20T10:00+02:00;2026-08-20T11:00+02:00;2026-08-20;10:00;11:00;1;31;100,0;1;1;0;31;0,00;-;-;-;-;-;-;-;-
99274B3204701;Sykkelstamvegen Forus nord;EV39 S1000D65 m24;2026-08-20T10:00+02:00;2026-08-20T11:00+02:00;2026-08-20;10:00;11:00;2;19;100,0;1;1;0;19;0,00;-;-;-;-;-;-;-;-
99274B3204701;Sykkelstamvegen Forus nord;EV39 S1000D65 m24;2026-08-20T10:00+02:00;2026-08-20T11:00+02:00;2026-08-20;10:00;11:00;Totalt i retning Sandnes;32;100,0;1;1;0;32;0,00;-;-;-;-;-;-;-;-
99274B3204701;Sykkelstamvegen Forus nord;EV39 S1000D65 m24;2026-08-20T10:00+02:00;2026-08-20T11:00+02:00;2026-08-20;10:00;11:00;Totalt i retning Stavanger;18;100,0;1;1;0;18;0,00;-;-;-;-;-;-;-;-
99274B3204701;Sykkelstamvegen Forus nord;EV39 S1000D65 m24;2026-08-20T10:00+02:00;2026-08-20T11:00+02:00;2026-08-20;10:00;11:00;Totalt;50;100,0;1;1;0;50;0,00;-;-;-;-;-;-;-;-
99274B3204701;Sykkelstamvegen Forus nord;EV39 S1000D65 m24;2026-08-20T11:00+02:00;2026-08-20T12:00+02:00;2026-08-20;11:00;12:00;1;18;100,0;1;1;0;18;0,00;-;-;-;-;-;-;-;-
99274B3204701;Sykkelstamvegen Forus nord;EV39 S1000D65 m24;2026-08-20T11:00+02:00;2026-08-20T12:00+02:00;2026-08-20;11:00;12:00;2;25;100,0;1;1;0;25;0,00;-;-;-;-;-;-;-;-
99274B3204701;Sykkelstamvegen Forus nord;EV39 S1000D65 m24;2026-08-20T11:00+02:00;2026-08-20T12:00+02:00;2026-08-20;11:00;12:00;Totalt i retning Sandnes;18;100,0;1;1;0;18;0,00;-;-;-;-;-;-;-;-
99274B3204701;Sykkelstamvegen Forus nord;EV39 S1000D65 m24;2026-08-20T11:00+02:00;2026-08-20T12:00+02:00;2026-08-20;11:00;12:00;Totalt i retning Stavanger;25;100,0;1;1;0;25;0,00;-;-;-;-;-;-;-;-
99274B3204701;Sykkelstamvegen Forus nord;EV39 S1000D65 m24;2026-08-20T11:00+02:00;2026-08-20T12:00+02:00;2026-08-20;11:00;12:00;Totalt;43;100,0;1;1;0;43;0,00;-;-;-;-;-;-;-;-
99274B3204701;Sykkelstamvegen Forus nord;EV39 S1000D65 m24;2026-08-20T12:00+02:00;2026-08-20T13:00+02:00;2026-08-20;12:00;13:00;1;11;100,0;1;1;0;11;0,00;-;-;-;-;-;-;-;-
99274B3204701;Sykkelstamvegen Forus nord;EV39 S1000D65 m24;2026-08-20T12:00+02:00;2026-08-20T13:00+02:00;2026-08-20;12:00;13:00;2;23;100,0;1;1;0;23;0,00;-;-;-;-;-;-;-;-
99274B3204701;Sykkelstamvegen Forus nord;EV39 S1000D65 m24;2026-08-20T12:00+02:00;2026-08-20T13:00+02:00;2026-08-20;12:00;13:00;Totalt i retning Sandnes;12;100,0;1;1;0;12;0,00;-;-;-;-;-;-;-;-
99274B3204701;Sykkelstamvegen Forus nord;EV39 S1000D65 m24;2026-08-20T12:00+02:00;2026-08-20T13:00+02:00;2026-08-20;12:00;13:00;Totalt i retning Stavanger;22;100,0;1;1;0;22;0,00;-;-;-;-;-;-;-;-
99274B3204701;Sykkelstamvegen Forus nord;EV39 S1000D65 m24;2026-08-20T12:00+02:00;2026-08-20T13:00+02:00;2026-08-20;12:00;13:00;Totalt;34;100,0;1;1;0;34;0,00;-;-;-;-;-;-;-;-
99274B3204701;Sykkelstamvegen Forus nord;EV39 S1000D65 m24;2026-08-20T13:00+02:00;2026-08-20T14:00+02:00;2026-08-20;13:00;14:00;1;19;100,0;1;1;0;19;0,00;-;-;-;-;-;-;-;-
99274B3204701;Sykkelstamvegen Forus nord;EV39 S1000D65 m24;2026-08-20T13:00+02:00;2026-08-20T14:00+02:00;2026-08-20;13:00;14:00;2;22;100,0;1;1;0;22;0,00;-;-;-;-;-;-;-;-
99274B3204701;Sykkelstamvegen Forus nord;EV39 S1000D65 m24;2026-08-20T13:00+02:00;2026-08-20T14:00+02:00;2026-08-20;13:00;14:00;Totalt i retning Sandnes;20;100,0;1;1;0;20;0,00;-;-;-;-;-;-;-;-
99274B3204701;Sykkelstamvegen Forus nord;EV39 S1000D65 m24;2026-08-20T13:00+02:00;2026-08-20T14:00+02:00;2026-08-20;13:00;14:00;Totalt i retning Stavanger;21;100,0;1;1;0;21;0,00;-;-;-;-;-;-;-;-
99274B3204701;Sykkelstamvegen Forus nord;EV39 S1000D65 m24;2026-08-20T13:00+02:00;2026-08-20T14:00+02:00;2026-08-20;13:00;14:00;Totalt;41;100,0;1;1;0;41;0,00;-;-;-;-;-;-;-;-
99274B3204701;Sykkelstamvegen Forus nord;EV39 S1000D65 m24;2026-08-20T14:00+02:00;2026-08-20T15:00+02:00;2026-08-20;14:00;15:00;1;40;100,0;1;1;0;40;0,00;-;-;-;-;-;-;-;-
99274B3204701;Sykkelstamvegen Forus nord;EV39 S1000D65 m24;2026-08-20T14:00+02:00;2026-08-20T15:00+02:00;2026-08-20;14:00;15:00;2;38;100,0;1;1;0;38;0,00;-;-;-;-;-;-;-;-
99274B3204701;Sykkelstamvegen Forus nord;EV39 S1000D65 m24;2026-08-20T14:00+02:00;2026-08-20T15:00+02:00;2026-08-20;14:00;15:00;Totalt i retning Sandnes;40;100,0;1;1;0;40;0,00;-;-;-;-;-;-;-;-
99274B3204701;Sykkelstamvegen Forus nord;EV39 S1000D65 m24;2026-08-20T14:00+02:00;2026-08-20T15:00+02:00;2026-08-20;14:00;15:00;Totalt i retning Stavanger;38;100,0;1;1;0;38;0,00;-;-;-;-;-;-;-;-
99274B3204701;Sykkelstamvegen Forus nord;EV39 S1000D65 m24;2026-08-20T14:00+02:00;2026-08-20T15:00+02:00;2026-08-20;14:00;15:00;Totalt;78;100,0;1;1;0;78;0,00;-;-;-;-;-;-;-;-
99274B3204701;Sykkelstamvegen Forus nord;EV39 S1000D65 m24;2026-08-20T15:00+02:00;2026-08-20T16:00+02:00;2026-08-20;15:00;16:00;1;165;100,0;1;1;0;165;0,00;-;-;-;-;-;-;-;-
99274B3204701;Sykkelstamvegen Forus nord;EV39 S1000D65 m24;2026-08-20T15:00+02:00;2026-08-20T16:00+02:00;2026-08-20;15:00;16:00;2;64;100,0;1;1;0;64;0,00;-;-;-;-;-;-;-;-
99274B3204701;Sykkelstamvegen Forus nord;EV39 S1000D65 m24;2026-08-20T15:00+02:00;2026-08-20T16:00+02:00;2026-08-20;15:00;16:00;Totalt i retning Sandnes;169;100,0;1;1;0;169;0,00;-;-;-;-;-;-;-;-
99274B3204701;Sykkelstamvegen Forus nord;EV39 S1000D65 m24;2026-08-20T15:00+02:00;2026-08-20T16:00+02:00;2026-08-20;15:00;16:00;Totalt i retning Stavanger;60;100,0;1;1;0;60;0,00;-;-;-;-;-;-;-;-
99274B3204701;Sykkelstamvegen Forus nord;EV39 S1000D65 m24;2026-08-20T15:00+02:00;2026-08-20T16:00+02:00;2026-08-20;15:00;16:00;Totalt;229;100,0;1;1;0;229;0,00;-;-;-;-;-;-;-;-
99274B3204701;Sykkelstamvegen Forus nord;EV39 S1000D65 m24;2026-08-20T16:00+02:00;2026-08-20T17:00+02:00;2026-08-20;16:00;17:00;1;127;100,0;1;1;0;127;0,00;-;-;-;-;-;-;-;-
99274B3204701;Sykkelstamvegen Forus nord;EV39 S1000D65 m24;2026-08-20T16:00+02:00;2026-08-20T17:00+02:00;2026-08-20;16:00;17:00;2;57;100,0;1;1;0;57;0,00;-;-;-;-;-;-;-;-
99274B3204701;Sykkelstamvegen Forus nord;EV39 S1000D65 m24;2026-08-20T16:00+02:00;2026-08-20T17:00+02:00;2026-08-20;16:00;17:00;Totalt i retning Sandnes;124;100,0;1;1;0;124;0,00;-;-;-;-;-;-;-;-
99274B3204701;Sykkelstamvegen Forus nord;EV39 S1000D65 m24;2026-08-20T16:00+02:00;2026-08-20T17:00+02:00;2026-08-20;16:00;17:00;Totalt i retning Stavanger;60;100,0;1;1;0;60;0,00;-;-;-;-;-;-;-;-
99274B3204701;Sykkelstamvegen Forus nord;EV39 S1000D65 m24;2026-08-20T16:00+02:00;2026-08-20T17:00+02:00;2026-08-20;16:00;17:00;Totalt;184;100,0;1;1;0;184;0,00;-;-;-;-;-;-;-;-
99274B3204701;Sykkelstamvegen Forus nord;EV39 S1000D65 m24;2026-08-20T17:00+02:00;2026-08-20T18:00+02:00;2026-08-20;17:00;18:00;1;55;100,0;1;1;0;55;0,00;-;-;-;-;-;-;-;-
99274B3204701;Sykkelstamvegen Forus nord;EV39 S1000D65 m24;2026-08-20T17:00+02:00;2026-08-20T18:00+02:00;2026-08-20;17:00;18:00;2;27;100,0;1;1;0;27;0,00;-;-;-;-;-;-;-;-
99274B3204701;Sykkelstamvegen Forus nord;EV39 S1000D65 m24;2026-08-20T17:00+02:00;2026-08-20T18:00+02:00;2026-08-20;17:00;18:00;Totalt i retning Sandnes;55;100,0;1;1;0;55;0,00;-;-;-;-;-;-;-;-
99274B3204701;Sykkelstamvegen Forus nord;EV39 S1000D65 m24;2026-08-20T17:00+02:00;2026-08-20T18:00+02:00;2026-08-20;17:00;18:00;Totalt i retning Stavanger;27;100,0;1;1;0;27;0,00;-;-;-;-;-;-;-;-
99274B3204701;Sykkelstamvegen Forus nord;EV39 S1000D65 m24;2026-08-20T17:00+02:00;2026-08-20T18:00+02:00;2026-08-20;17:00;18:00;Totalt;82;100,0;1;1;0;82;0,00;-;-;-;-;-;-;-;-
99274B3204701;Sykkelstamvegen Forus nord;EV39 S1000D65 m24;2026-08-20T18:00+02:00;2026-08-20T19:00+02:00;2026-08-20;18:00;19:00;1;34;100,0;1;1;0;34;0,00;-;-;-;-;-;-;-;-
99274B3204701;Sykkelstamvegen Forus nord;EV39 S1000D65 m24;2026-08-20T18:00+02:00;2026-08-20T19:00+02:00;2026-08-20;18:00;19:00;2;25;100,0;1;1;0;25;0,00;-;-;-;-;-;-;-;-
99274B3204701;Sykkelstamvegen Forus nord;EV39 S1000D65 m24;2026-08-20T18:00+02:00;2026-08-20T19:00+02:00;2026-08-20;18:00;19:00;Totalt i retning Sandnes;35;100,0;1;1;0;35;0,00;-;-;-;-;-;-;-;-
99274B3204701;Sykkelstamvegen Forus nord;EV39 S1000D65 m24;2026-08-20T18:00+02:00;2026-08-20T19:00+02:00;2026-08-20;18:00;19:00;Totalt i retning Stavanger;24;100,0;1;1;0;24;0,00;-;-;-;-;-;-;-;-
99274B3204701;Sykkelstamvegen Forus nord;EV39 S1000D65 m24;2026-08-20T18:00+02:00;2026-08-20T19:00+02:00;2026-08-20;18:00;19:00;Totalt;59;100,0;1;1;0;59;0,00;-;-;-;-;-;-;-;-
99274B3204701;Sykkelstamvegen Forus nord;EV39 S1000D65 m24;2026-08-20T19:00+02:00;2026-08-20T20:00+02:00;2026-08-20;19:00;20:00;1;12;100,0;1;1;0;12;0,00;-;-;-;-;-;-;-;-
99274B3204701;Sykkelstamvegen Forus nord;EV39 S1000D65 m24;2026-08-20T19:00+02:00;2026-08-20T20:00+02:00;2026-08-20;19:00;20:00;2;19;100,0;1;1;0;19;0,00;-;-;-;-;-;-;-;-
99274B3204701;Sykkelstamvegen Forus nord;EV39 S1000D65 m24;2026-08-20T19:00+02:00;2026-08-20T20:00+02:00;2026-08-20;19:00;20:00;Totalt i retning Sandnes;12;100,0;1;1;0;12;0,00;-;-;-;-;-;-;-;-
99274B3204701;Sykkelstamvegen Forus nord;EV39 S1000D65 m24;2026-08-20T19:00+02:00;2026-08-20T20:00+02:00;2026-08-20;19:00;20:00;Totalt i retning Stavanger;19;100,0;1;1;0;19;0,00;-;-;-;-;-;-;-;-
99274B3204701;Sykkelstamvegen Forus nord;EV39 S1000D65 m24;2026-08-20T19:00+02:00;2026-08-20T20:00+02:00;2026-08-20;19:00;20:00;Totalt;31;100,0;1;1;0;31;0,00;-;-;-;-;-;-;-;-
99274B3204701;Sykkelstamvegen Forus nord;EV39 S1000D65 m24;2026-08-20T20:00+02:00;2026-08-20T21:00+02:00;2026-08-20;20:00;21:00;1;13;100,0;1;1;0;13;0,00;-;-;-;-;-;-;-;-
99274B3204701;Sykkelstamvegen Forus nord;EV39 S1000D65 m24;2026-08-20T20:00+02:00;2026-08-20T21:00+02:00;2026-08-20;20:00;21:00;2;11;100,0;1;1;0;11;0,00;-;-;-;-;-;-;-;-
99274B3204701;Sykkelstamvegen Forus nord;EV39 S1000D65 m24;2026-08-20T20:00+02:00;2026-08-20T21:00+02:00;2026-08-20;20:00;21:00;Totalt i retning Sandnes;13;100,0;1;1;0;13;0,00;-;-;-;-;-;-;-;-
99274B3204701;Sykkelstamvegen Forus nord;EV39 S1000D65 m24;2026-08-20T20:00+02:00;2026-08-20T21:00+02:00;2026-08-20;20:00;21:00;Totalt i retning Stavanger;11;100,0;1;1;0;11;0,00;-;-;-;-;-;-;-;-
99274B3204701;Sykkelstamvegen Forus nord;EV39 S1000D65 m24;2026-08-20T20:00+02:00;2026-08-20T21:00+02:00;2026-08-20;20:00;21:00;Totalt;24;100,0;1;1;0;24;0,00;-;-;-;-;-;-;-;-
99274B3204701;Sykkelstamvegen Forus nord;EV39 S1000D65 m24;2026-08-20T21:00+02:00;2026-08-20T22:00+02:00;2026-08-20;21:00;22:00;1;5;100,0;1;1;0;5;0,00;-;-;-;-;-;-;-;-
99274B3204701;Sykkelstamvegen Forus nord;EV39 S1000D65 m24;2026-08-20T21:00+02:00;2026-08-20T22:00+02:00;2026-08-20;21:00;22:00;2;11;100,0;1;1;0;11;0,00;-;-;-;-;-;-;-;-
99274B3204701;Sykkelstamvegen Forus nord;EV39 S1000D65 m24;2026-08-20T21:00+02:00;2026-08-20T22:00+02:00;2026-08-20;21:00;22:00;Totalt i retning Sandnes;5;100,0;1;1;0;5;0,00;-;-;-;-;-;-;-;-
99274B3204701;Sykkelstamvegen Forus nord;EV39 S1000D65 m24;2026-08-20T21:00+02:00;2026-08-20T22:00+02:00;2026-08-20;21:00;22:00;Totalt i retning Stavanger;11;100,0;1;1;0;11;0,00;-;-;-;-;-;-;-;-
99274B3204701;Sykkelstamvegen Forus nord;EV39 S1000D65 m24;2026-08-20T21:00+02:00;2026-08-20T22:00+02:00;2026-08-20;21:00;22:00;Totalt;16;100,0;1;1;0;16;0,00;-;-;-;-;-;-;-;-
99274B3204701;Sykkelstamvegen Forus nord;EV39 S1000D65 m24;2026-08-20T22:00+02:00;2026-08-20T23:00+02:00;2026-08-20;22:00;23:00;1;4;100,0;1;1;0;4;0,00;-;-;-;-;-;-;-;-
99274B3204701;Sykkelstamvegen Forus nord;EV39 S1000D65 m24;2026-08-20T22:00+02:00;2026-08-20T23:00+02:00;2026-08-20;22:00;23:00;2;4;100,0;1;1;0;4;0,00;-;-;-;-;-;-;-;-
99274B3204701;Sykkelstamvegen Forus nord;EV39 S1000D65 m24;2026-08-20T22:00+02:00;2026-08-20T23:00+02:00;2026-08-20;22:00;23:00;Totalt i retning Sandnes;4;100,0;1;1;0;4;0,00;-;-;-;-;-;-;-;-
99274B3204701;Sykkelstamvegen Forus nord;EV39 S1000D65 m24;2026-08-20T22:00+02:00;2026-08-20T23:00+02:00;2026-08-20;22:00;23:00;Totalt i retning Stavanger;4;100,0;1;1;0;4;0,00;-;-;-;-;-;-;-;-
99274B3204701;Sykkelstamvegen Forus nord;EV39 S1000D65 m24;2026-08-20T22:00+02:00;2026-08-20T23:00+02:00;2026-08-20;22:00;23:00;Totalt;8;100,0;1;1;0;8;0,00;-;-;-;-;-;-;-;-
99274B3204701;Sykkelstamvegen Forus nord;EV39 S1000D65 m24;2026-08-20T23:00+02:00;2026-08-21T00:00+02:00;2026-08-20;23:00;00:00;1;1;100,0;1;1;0;1;0,00;-;-;-;-;-;-;-;-
99274B3204701;Sykkelstamvegen Forus nord;EV39 S1000D65 m24;2026-08-20T23:00+02:00;2026-08-21T00:00+02:00;2026-08-20;23:00;00:00;2;0;100,0;1;1;0;0;100,00;-;-;-;-;-;-;-;-
99274B3204701;Sykkelstamvegen Forus nord;EV39 S1000D65 m24;2026-08-20T23:00+02:00;2026-08-21T00:00+02:00;2026-08-20;23:00;00:00;Totalt i retning Sandnes;1;100,0;1;1;0;1;0,00;-;-;-;-;-;-;-;-
99274B3204701;Sykkelstamvegen Forus nord;EV39 S1000D65 m24;2026-08-20T23:00+02:00;2026-08-21T00:00+02:00;2026-08-20;23:00;00:00;Totalt i retning Stavanger;0;100,0;1;1;0;0;100,00;-;-;-;-;-;-;-;-
99274B3204701;Sykkelstamvegen Forus nord;EV39 S1000D65 m24;2026-08-20T23:00+02:00;2026-08-21T00:00+02:00;2026-08-20;23:00;00:00;Totalt;1;100,0;1;1;0;1;0,00;-;-;-;-;-;-;-;-
99274B3204701;Sykkelstamvegen Forus nord;EV39 S1000D65 m24;2026-08-21T00:00+02:00;2026-08-21T01:00+02:00;2026-08-21;00:00;01:00;1;1;100,0;1;1;0;1;0,00;-;-;-;-;-;-;-;-
99274B3204701;Sykkelstamvegen Forus nord;EV39 S1000D65 m24;2026-08-21T00:00+02:00;2026-08-21T01:00+02:00;2026-08-21;00:00;01:00;2;0;100,0;1;1;0;0;100,00;-;-;-;-;-;-;-;-
99274B3204701;Sykkelstamvegen Forus nord;EV39 S1000D65 m24;2026-08-21T00:00+02:00;2026-08-21T01:00+02:00;2026-08-21;00:00;01:00;Totalt i retning Sandnes;1;100,0;1;1;0;1;0,00;-;-;-;-;-;-;-;-
99274B3204701;Sykkelstamvegen Forus nord;EV39 S1000D65 m24;2026-08-21T00:00+02:00;2026-08-21T01:00+02:00;2026-08-21;00:00;01:00;Totalt i retning Stavanger;0;100,0;1;1;0;0;100,00;-;-;-;-;-;-;-;-
99274B3204701;Sykkelstamvegen Forus nord;EV39 S1000D65 m24;2026-08-21T00:00+02:00;2026-08-21T01:00+02:00;2026-08-21;00:00;01:00;Totalt;1;100,0;1;1;0;1;0,00;-;-;-;-;-;-;-;-
99274B3204701;Sykkelstamvegen Forus nord;EV39 S1000D65 m24;2026-08-21T01:00+02:00;2026-08-21T02:00+02:00;2026-08-21;01:00;02:00;1;0;100,0;1;1;0;0;100,00;-;-;-;-;-;-;-;-
99274B3204701;Sykkelstamvegen Forus nord;EV39 S1000D65 m24;2026-08-21T01:00+02:00;2026-08-21T02:00+02:00;2026-08-21;01:00;02:00;2;0;100,0;1;1;0;0;100,00;-;-;-;-;-;-;-;-
99274B3204701;Sykkelstamvegen Forus nord;EV39 S1000D65 m24;2026-08-21T01:00+02:00;2026-08-21T02:00+02:00;2026-08-21;01:00;02:00;Totalt i retning Sandnes;0;100,0;1;1;0;0;100,00;-;-;-;-;-;-;-;-
99274B3204701;Sykkelstamvegen Forus nord;EV39 S1000D65 m24;2026-08-21T01:00+02:00;2026-08-21T02:00+02:00;2026-08-21;01:00;02:00;Totalt i retning Stavanger;0;100,0;1;1;0;0;100,00;-;-;-;-;-;-;-;-
99274B3204701;Sykkelstamvegen Forus nord;EV39 S1000D65 m24;2026-08-21T01:00+02:00;2026-08-21T02:00+02:00;2026-08-21;01:00;02:00;Totalt;0;100,0;1;1;0;0;100,00;-;-;-;-;-;-;-;-
99274B3204701;Sykkelstamvegen Forus nord;EV39 S1000D65 m24;2026-08-21T02:00+02:00;2026-08-21T03:00+02:00;2026-08-21;02:00;03:00;1;0;100,0;1;1;0;0;100,00;-;-;-;-;-;-;-;-
99274B3204701;Sykkelstamvegen Forus nord;EV39 S1000D65 m24;2026-08-21T02:00+02:00;2026-08-21T03:00+02:00;2026-08-21;02:00;03:00;2;0;100,0;1;1;0;0;100,00;-;-;-;-;-;-;-;-
99274B3204701;Sykkelstamvegen Forus nord;EV39 S1000D65 m24;2026-08-21T02:00+02:00;2026-08-21T03:00+02:00;2026-08-21;02:00;03:00;Totalt i retning Sandnes;0;100,0;1;1;0;0;100,00;-;-;-;-;-;-;-;-
99274B3204701;Sykkelstamvegen Forus nord;EV39 S1000D65 m24;2026-08-21T02:00+02:00;2026-08-21T03:00+02:00;2026-08-21;02:00;03:00;Totalt i retning Stavanger;0;100,0;1;1;0;0;100,00;-;-;-;-;-;-;-;-
99274B3204701;Sykkelstamvegen Forus nord;EV39 S1000D65 m24;2026-08-21T02:00+02:00;2026-08-21T03:00+02:00;2026-08-21;02:00;03:00;Totalt;0;100,0;1;1;0;0;100,00;-;-;-;-;-;-;-;-
99274B3204701;Sykkelstamvegen Forus nord;EV39 S1000D65 m24;2026-08-21T03:00+02:00;2026-08-21T04:00+02:00;2026-08-21;03:00;04:00;1;0;100,0;1;1;0;0;100,00;-;-;-;-;-;-;-;-
99274B3204701;Sykkelstamvegen Forus nord;EV39 S1000D65 m24;2026-08-21T03:00+02:00;2026-08-21T04:00+02:00;2026-08-21;03:00;04:00;2;0;100,0;1;1;0;0;100,00;-;-;-;-;-;-;-;-
99274B3204701;Sykkelstamvegen Forus nord;EV39 S1000D65 m24;2026-08-21T03:00+02:00;2026-08-21T04:00+02:00;2026-08-21;03:00;04:00;Totalt i retning Sandnes;0;100,0;1;1;0;0;100,00;-;-;-;-;-;-;-;-
99274B3204701;Sykkelstamvegen Forus nord;EV39 S1000D65 m24;2026-08-21T03:00+02:00;2026-08-21T04:00+02:00;2026-08-21;03:00;04:00;Totalt i retning Stavanger;0;100,0;1;1;0;0;100,00;-;-;-;-;-;-;-;-
99274B3204701;Sykkelstamvegen Forus nord;EV39 S1000D65 m24;2026-08-21T03:00+02:00;2026-08-21T04:00+02:00;2026-08-21;03:00;04:00;Totalt;0;100,0;1;1;0;0;100,00;-;-;-;-;-;-;-;-
99274B3204701;Sykkelstamvegen Forus nord;EV39 S1000D65 m24;2026-08-21T04:00+02:00;2026-08-21T05:00+02:00;2026-08-21;04:00;05:00;1;1;100,0;1;1;0;1;0,00;-;-;-;-;-;-;-;-
99274B3204701;Sykkelstamvegen Forus nord;EV39 S1000D65 m24;2026-08-21T04:00+02:00;2026-08-21T05:00+02:00;2026-08-21;04:00;05:00;2;0;100,0;1;1;0;0;100,00;-;-;-;-;-;-;-;-
99274B3204701;Sykkelstamvegen Forus nord;EV39 S1000D65 m24;2026-08-21T04:00+02:00;2026-08-21T05:00+02:00;2026-08-21;04:00;05:00;Totalt i retning Sandnes;1;100,0;1;1;0;1;0,00;-;-;-;-;-;-;-;-
99274B3204701;Sykkelstamvegen Forus nord;EV39 S1000D65 m24;2026-08-21T04:00+02:00;2026-08-21T05:00+02:00;2026-08-21;04:00;05:00;Totalt i retning Stavanger;0;100,0;1;1;0;0;100,00;-;-;-;-;-;-;-;-
99274B3204701;Sykkelstamvegen Forus nord;EV39 S1000D65 m24;2026-08-21T04:00+02:00;2026-08-21T05:00+02:00;2026-08-21;04:00;05:00;Totalt;1;100,0;1;1;0;1;0,00;-;-;-;-;-;-;-;-
99274B3204701;Sykkelstamvegen Forus nord;EV39 S1000D65 m24;2026-08-21T05:00+02:00;2026-08-21T06:00+02:00;2026-08-21;05:00;06:00;1;3;100,0;1;1;0;3;0,00;-;-;-;-;-;-;-;-
99274B3204701;Sykkelstamvegen Forus nord;EV39 S1000D65 m24;2026-08-21T05:00+02:00;2026-08-21T06:00+02:00;2026-08-21;05:00;06:00;2;9;100,0;1;1;0;9;0,00;-;-;-;-;-;-;-;-
99274B3204701;Sykkelstamvegen Forus nord;EV39 S1000D65 m24;2026-08-21T05:00+02:00;2026-08-21T06:00+02:00;2026-08-21;05:00;06:00;Totalt i retning Sandnes;3;100,0;1;1;0;3;0,00;-;-;-;-;-;-;-;-
99274B3204701;Sykkelstamvegen Forus nord;EV39 S1000D65 m24;2026-08-21T05:00+02:00;2026-08-21T06:00+02:00;2026-08-21;05:00;06:00;Totalt i retning Stavanger;9;100,0;1;1;0;9;0,00;-;-;-;-;-;-;-;-
99274B3204701;Sykkelstamvegen Forus nord;EV39 S1000D65 m24;2026-08-21T05:00+02:00;2026-08-21T06:00+02:00;2026-08-21;05:00;06:00;Totalt;12;100,0;1;1;0;12;0,00;-;-;-;-;-;-;-;-
99274B3204701;Sykkelstamvegen Forus nord;EV39 S1000D65 m24;2026-08-21T06:00+02:00;2026-08-21T07:00+02:00;2026-08-21;06:00;07:00;1;20;100,0;1;1;0;20;0,00;-;-;-;-;-;-;-;-
99274B3204701;Sykkelstamvegen Forus nord;EV39 S1000D65 m24;2026-08-21T06:00+02:00;2026-08-21T07:00+02:00;2026-08-21;06:00;07:00;2;48;100,0;1;1;0;48;0,00;-;-;-;-;-;-;-;-
99274B3204701;Sykkelstamvegen Forus nord;EV39 S1000D65 m24;2026-08-21T06:00+02:00;2026-08-21T07:00+02:00;2026-08-21;06:00;07:00;Totalt i retning Sandnes;20;100,0;1;1;0;20;0,00;-;-;-;-;-;-;-;-
99274B3204701;Sykkelstamvegen Forus nord;EV39 S1000D65 m24;2026-08-21T06:00+02:00;2026-08-21T07:00+02:00;2026-08-21;06:00;07:00;Totalt i retning Stavanger;48;100,0;1;1;0;48;0,00;-;-;-;-;-;-;-;-
99274B3204701;Sykkelstamvegen Forus nord;EV39 S1000D65 m24;2026-08-21T06:00+02:00;2026-08-21T07:00+02:00;2026-08-21;06:00;07:00;Totalt;68;100,0;1;1;0;68;0,00;-;-;-;-;-;-;-;-
99274B3204701;Sykkelstamvegen Forus nord;EV39 S1000D65 m24;2026-08-21T07:00+02:00;2026-08-21T08:00+02:00;2026-08-21;07:00;08:00;1;44;100,0;1;1;0;44;0,00;-;-;-;-;-;-;-;-
99274B3204701;Sykkelstamvegen Forus nord;EV39 S1000D65 m24;2026-08-21T07:00+02:00;2026-08-21T08:00+02:00;2026-08-21;07:00;08:00;2;94;100,0;1;1;0;94;0,00;-;-;-;-;-;-;-;-
99274B3204701;Sykkelstamvegen Forus nord;EV39 S1000D65 m24;2026-08-21T07:00+02:00;2026-08-21T08:00+02:00;2026-08-21;07:00;08:00;Totalt i retning Sandnes;46;100,0;1;1;0;46;0,00;-;-;-;-;-;-;-;-
99274B3204701;Sykkelstamvegen Forus nord;EV39 S1000D65 m24;2026-08-21T07:00+02:00;2026-08-21T08:00+02:00;2026-08-21;07:00;08:00;Totalt i retning Stavanger;92;100,0;1;1;0;92;0,00;-;-;-;-;-;-;-;-
99274B3204701;Sykkelstamvegen Forus nord;EV39 S1000D65 m24;2026-08-21T07:00+02:00;2026-08-21T08:00+02:00;2026-08-21;07:00;08:00;Totalt;138;100,0;1;1;0;138;0,00;-;-;-;-;-;-;-;-
99274B3204701;Sykkelstamvegen Forus nord;EV39 S1000D65 m24;2026-08-21T08:00+02:00;2026-08-21T09:00+02:00;2026-08-21;08:00;09:00;1;29;100,0;1;1;0;29;0,00;-;-;-;-;-;-;-;-
99274B3204701;Sykkelstamvegen Forus nord;EV39 S1000D65 m24;2026-08-21T08:00+02:00;2026-08-21T09:00+02:00;2026-08-21;08:00;09:00;2;57;100,0;1;1;0;57;0,00;-;-;-;-;-;-;-;-
99274B3204701;Sykkelstamvegen Forus nord;EV39 S1000D65 m24;2026-08-21T08:00+02:00;2026-08-21T09:00+02:00;2026-08-21;08:00;09:00;Totalt i retning Sandnes;29;100,0;1;1;0;29;0,00;-;-;-;-;-;-;-;-
99274B3204701;Sykkelstamvegen Forus nord;EV39 S1000D65 m24;2026-08-21T08:00+02:00;2026-08-21T09:00+02:00;2026-08-21;08:00;09:00;Totalt i retning Stavanger;57;100,0;1;1;0;57;0,00;-;-;-;-;-;-;-;-
99274B3204701;Sykkelstamvegen Forus nord;EV39 S1000D65 m24;2026-08-21T08:00+02:00;2026-08-21T09:00+02:00;2026-08-21;08:00;09:00;Totalt;86;100,0;1;1;0;86;0,00;-;-;-;-;-;-;-;-
99274B3204701;Sykkelstamvegen Forus nord;EV39 S1000D65 m24;2026-08-21T09:00+02:00;2026-08-21T10:00+02:00;2026-08-21;09:00;10:00;1;14;100,0;1;1;0;14;0,00;-;-;-;-;-;-;-;-
99274B3204701;Sykkelstamvegen Forus nord;EV39 S1000D65 m24;2026-08-21T09:00+02:00;2026-08-21T10:00+02:00;2026-08-21;09:00;10:00;2;17;100,0;1;1;0;17;0,00;-;-;-;-;-;-;-;-
99274B3204701;Sykkelstamvegen Forus nord;EV39 S1000D65 m24;2026-08-21T09:00+02:00;2026-08-21T10:00+02:00;2026-08-21;09:00;10:00;Totalt i retning Sandnes;15;100,0;1;1;0;15;0,00;-;-;-;-;-;-;-;-
99274B3204701;Sykkelstamvegen Forus nord;EV39 S1000D65 m24;2026-08-21T09:00+02:00;2026-08-21T10:00+02:00;2026-08-21;09:00;10:00;Totalt i retning Stavanger;16;100,0;1;1;0;16;0,00;-;-;-;-;-;-;-;-
99274B3204701;Sykkelstamvegen Forus nord;EV39 S1000D65 m24;2026-08-21T09:00+02:00;2026-08-21T10:00+02:00;2026-08-21;09:00;10:00;Totalt;31;100,0;1;1;0;31;0,00;-;-;-;-;-;-;-;-
99274B3204701;Sykkelstamvegen Forus nord;EV39 S1000D65 m24;2026-08-21T10:00+02:00;2026-08-21T11:00+02:00;2026-08-21;10:00;11:00;1;16;100,0;1;1;0;16;0,00;-;-;-;-;-;-;-;-
99274B3204701;Sykkelstamvegen Forus nord;EV39 S1000D65 m24;2026-08-21T10:00+02:00;2026-08-21T11:00+02:00;2026-08-21;10:00;11:00;2;12;100,0;1;1;0;12;0,00;-;-;-;-;-;-;-;-
99274B3204701;Sykkelstamvegen Forus nord;EV39 S1000D65 m24;2026-08-21T10:00+02:00;2026-08-21T11:00+02:00;2026-08-21;10:00;11:00;Totalt i retning Sandnes;16;100,0;1;1;0;16;0,00;-;-;-;-;-;-;-;-
99274B3204701;Sykkelstamvegen Forus nord;EV39 S1000D65 m24;2026-08-21T10:00+02:00;2026-08-21T11:00+02:00;2026-08-21;10:00;11:00;Totalt i retning Stavanger;12;100,0;1;1;0;12;0,00;-;-;-;-;-;-;-;-
99274B3204701;Sykkelstamvegen Forus nord;EV39 S1000D65 m24;2026-08-21T10:00+02:00;2026-08-21T11:00+02:00;2026-08-21;10:00;11:00;Totalt;28;100,0;1;1;0;28;0,00;-;-;-;-;-;-;-;-
99274B3204701;Sykkelstamvegen Forus nord;EV39 S1000D65 m24;2026-08-21T11:00+02:00;2026-08-21T12:00+02:00;2026-08-21;11:00;12:00;1;16;100,0;1;1;0;16;0,00;-;-;-;-;-;-;-;-
99274B3204701;Sykkelstamvegen Forus nord;EV39 S1000D65 m24;2026-08-21T11:00+02:00;2026-08-21T12:00+02:00;2026-08-21;11:00;12:00;2;19;100,0;1;1;0;19;0,00;-;-;-;-;-;-;-;-
99274B3204701;Sykkelstamvegen Forus nord;EV39 S1000D65 m24;2026-08-21T11:00+02:00;2026-08-21T12:00+02:00;2026-08-21;11:00;12:00;Totalt i retning Sandnes;18;100,0;1;1;0;18;0,00;-;-;-;-;-;-;-;-
99274B3204701;Sykkelstamvegen Forus nord;EV39 S1000D65 m24;2026-08-21T11:00+02:00;2026-08-21T12:00+02:00;2026-08-21;11:00;12:00;Totalt i retning Stavanger;17;100,0;1;1;0;17;0,00;-;-;-;-;-;-;-;-
99274B3204701;Sykkelstamvegen Forus nord;EV39 S1000D65 m24;2026-08-21T11:00+02:00;2026-08-21T12:00+02:00;2026-08-21;11:00;12:00;Totalt;35;100,0;1;1;0;35;0,00;-;-;-;-;-;-;-;-
99274B3204701;Sykkelstamvegen Forus nord;EV39 S1000D65 m24;2026-08-21T12:00+02:00;2026-08-21T13:00+02:00;2026-08-21;12:00;13:00;1;15;100,0;1;1;0;15;0,00;-;-;-;-;-;-;-;-
99274B3204701;Sykkelstamvegen Forus nord;EV39 S1000D65 m24;2026-08-21T12:00+02:00;2026-08-21T13:00+02:00;2026-08-21;12:00;13:00;2;12;100,0;1;1;0;12;0,00;-;-;-;-;-;-;-;-
99274B3204701;Sykkelstamvegen Forus nord;EV39 S1000D65 m24;2026-08-21T12:00+02:00;2026-08-21T13:00+02:00;2026-08-21;12:00;13:00;Totalt i retning Sandnes;15;100,0;1;1;0;15;0,00;-;-;-;-;-;-;-;-
99274B3204701;Sykkelstamvegen Forus nord;EV39 S1000D65 m24;2026-08-21T12:00+02:00;2026-08-21T13:00+02:00;2026-08-21;12:00;13:00;Totalt i retning Stavanger;12;100,0;1;1;0;12;0,00;-;-;-;-;-;-;-;-
99274B3204701;Sykkelstamvegen Forus nord;EV39 S1000D65 m24;2026-08-21T12:00+02:00;2026-08-21T13:00+02:00;2026-08-21;12:00;13:00;Totalt;27;100,0;1;1;0;27;0,00;-;-;-;-;-;-;-;-
99274B3204701;Sykkelstamvegen Forus nord;EV39 S1000D65 m24;2026-08-21T13:00+02:00;2026-08-21T14:00+02:00;2026-08-21;13:00;14:00;1;21;100,0;1;1;0;21;0,00;-;-;-;-;-;-;-;-
99274B3204701;Sykkelstamvegen Forus nord;EV39 S1000D65 m24;2026-08-21T13:00+02:00;2026-08-21T14:00+02:00;2026-08-21;13:00;14:00;2;9;100,0;1;1;0;9;0,00;-;-;-;-;-;-;-;-
99274B3204701;Sykkelstamvegen Forus nord;EV39 S1000D65 m24;2026-08-21T13:00+02:00;2026-08-21T14:00+02:00;2026-08-21;13:00;14:00;Totalt i retning Sandnes;20;100,0;1;1;0;20;0,00;-;-;-;-;-;-;-;-
99274B3204701;Sykkelstamvegen Forus nord;EV39 S1000D65 m24;2026-08-21T13:00+02:00;2026-08-21T14:00+02:00;2026-08-21;13:00;14:00;Totalt i retning Stavanger;10;100,0;1;1;0;10;0,00;-;-;-;-;-;-;-;-
99274B3204701;Sykkelstamvegen Forus nord;EV39 S1000D65 m24;2026-08-21T13:00+02:00;2026-08-21T14:00+02:00;2026-08-21;13:00;14:00;Totalt;30;100,0;1;1;0;30;0,00;-;-;-;-;-;-;-;-
99274B3204701;Sykkelstamvegen Forus nord;EV39 S1000D65 m24;2026-08-21T14:00+02:00;2026-08-21T15:00+02:00;2026-08-21;14:00;15:00;1;51;100,0;1;1;0;51;0,00;-;-;-;-;-;-;-;-
99274B3204701;Sykkelstamvegen Forus nord;EV39 S1000D65 m24;2026-08-21T14:00+02:00;2026-08-21T15:00+02:00;2026-08-21;14:00;15:00;2;25;100,0;1;1;0;25;0,00;-;-;-;-;-;-;-;-
99274B3204701;Sykkelstamvegen Forus nord;EV39 S1000D65 m24;2026-08-21T14:00+02:00;2026-08-21T15:00+02:00;2026-08-21;14:00;15:00;Totalt i retning Sandnes;47;100,0;1;1;0;47;0,00;-;-;-;-;-;-;-;-
99274B3204701;Sykkelstamvegen Forus nord;EV39 S1000D65 m24;2026-08-21T14:00+02:00;2026-08-21T15:00+02:00;2026-08-21;14:00;15:00;Totalt i retning Stavanger;29;100,0;1;1;0;29;0,00;-;-;-;-;-;-;-;-
99274B3204701;Sykkelstamvegen Forus nord;EV39 S1000D65 m24;2026-08-21T14:00+02:00;2026-08-21T15:00+02:00;2026-08-21;14:00;15:00;Totalt;76;100,0;1;1;0;76;0,00;-;-;-;-;-;-;-;-
99274B3204701;Sykkelstamvegen Forus nord;EV39 S1000D65 m24;2026-08-21T15:00+02:00;2026-08-21T16:00+02:00;2026-08-21;15:00;16:00;1;101;100,0;1;1;0;101;0,00;-;-;-;-;-;-;-;-
99274B3204701;Sykkelstamvegen Forus nord;EV39 S1000D65 m24;2026-08-21T15:00+02:00;2026-08-21T16:00+02:00;2026-08-21;15:00;16:00;2;50;100,0;1;1;0;50;0,00;-;-;-;-;-;-;-;-
99274B3204701;Sykkelstamvegen Forus nord;EV39 S1000D65 m24;2026-08-21T15:00+02:00;2026-08-21T16:00+02:00;2026-08-21;15:00;16:00;Totalt i retning Sandnes;98;100,0;1;1;0;98;0,00;-;-;-;-;-;-;-;-
99274B3204701;Sykkelstamvegen Forus nord;EV39 S1000D65 m24;2026-08-21T15:00+02:00;2026-08-21T16:00+02:00;2026-08-21;15:00;16:00;Totalt i retning Stavanger;53;100,0;1;1;0;53;0,00;-;-;-;-;-;-;-;-
99274B3204701;Sykkelstamvegen Forus nord;EV39 S1000D65 m24;2026-08-21T15:00+02:00;2026-08-21T16:00+02:00;2026-08-21;15:00;16:00;Totalt;151;100,0;1;1;0;151;0,00;-;-;-;-;-;-;-;-
99274B3204701;Sykkelstamvegen Forus nord;EV39 S1000D65 m24;2026-08-21T16:00+02:00;2026-08-21T17:00+02:00;2026-08-21;16:00;17:00;1;78;100,0;1;1;0;78;0,00;-;-;-;-;-;-;-;-
99274B3204701;Sykkelstamvegen Forus nord;EV39 S1000D65 m24;2026-08-21T16:00+02:00;2026-08-21T17:00+02:00;2026-08-21;16:00;17:00;2;39;100,0;1;1;0;39;0,00;-;-;-;-;-;-;-;-
99274B3204701;Sykkelstamvegen Forus nord;EV39 S1000D65 m24;2026-08-21T16:00+02:00;2026-08-21T17:00+02:00;2026-08-21;16:00;17:00;Totalt i retning Sandnes;77;100,0;1;1;0;77;0,00;-;-;-;-;-;-;-;-
99274B3204701;Sykkelstamvegen Forus nord;EV39 S1000D65 m24;2026-08-21T16:00+02:00;2026-08-21T17:00+02:00;2026-08-21;16:00;17:00;Totalt i retning Stavanger;40;100,0;1;1;0;40;0,00;-;-;-;-;-;-;-;-
99274B3204701;Sykkelstamvegen Forus nord;EV39 S1000D65 m24;2026-08-21T16:00+02:00;2026-08-21T17:00+02:00;2026-08-21;16:00;17:00;Totalt;117;100,0;1;1;0;117;0,00;-;-;-;-;-;-;-;-
99274B3204701;Sykkelstamvegen Forus nord;EV39 S1000D65 m24;2026-08-21T17:00+02:00;2026-08-21T18:00+02:00;2026-08-21;17:00;18:00;1;29;100,0;1;1;0;29;0,00;-;-;-;-;-;-;-;-
99274B3204701;Sykkelstamvegen Forus nord;EV39 S1000D65 m24;2026-08-21T17:00+02:00;2026-08-21T18:00+02:00;2026-08-21;17:00;18:00;2;8;100,0;1;1;0;8;0,00;-;-;-;-;-;-;-;-
99274B3204701;Sykkelstamvegen Forus nord;EV39 S1000D65 m24;2026-08-21T17:00+02:00;2026-08-21T18:00+02:00;2026-08-21;17:00;18:00;Totalt i retning Sandnes;29;100,0;1;1;0;29;0,00;-;-;-;-;-;-;-;-
99274B3204701;Sykkelstamvegen Forus nord;EV39 S1000D65 m24;2026-08-21T17:00+02:00;2026-08-21T18:00+02:00;2026-08-21;17:00;18:00;Totalt i retning Stavanger;8;100,0;1;1;0;8;0,00;-;-;-;-;-;-;-;-
99274B3204701;Sykkelstamvegen Forus nord;EV39 S1000D65 m24;2026-08-21T17:00+02:00;2026-08-21T18:00+02:00;2026-08-21;17:00;18:00;Totalt;37;100,0;1;1;0;37;0,00;-;-;-;-;-;-;-;-
99274B3204701;Sykkelstamvegen Forus nord;EV39 S1000D65 m24;2026-08-21T18:00+02:00;2026-08-21T19:00+02:00;2026-08-21;18:00;19:00;1;11;100,0;1;1;0;11;0,00;-;-;-;-;-;-;-;-
99274B3204701;Sykkelstamvegen Forus nord;EV39 S1000D65 m24;2026-08-21T18:00+02:00;2026-08-21T19:00+02:00;2026-08-21;18:00;19:00;2;10;100,0;1;1;0;10;0,00;-;-;-;-;-;-;-;-
99274B3204701;Sykkelstamvegen Forus nord;EV39 S1000D65 m24;2026-08-21T18:00+02:00;2026-08-21T19:00+02:00;2026-08-21;18:00;19:00;Totalt i retning Sandnes;11;100,0;1;1;0;11;0,00;-;-;-;-;-;-;-;-
99274B3204701;Sykkelstamvegen Forus nord;EV39 S1000D65 m24;2026-08-21T18:00+02:00;2026-08-21T19:00+02:00;2026-08-21;18:00;19:00;Totalt i retning Stavanger;10;100,0;1;1;0;10;0,00;-;-;-;-;-;-;-;-
99274B3204701;Sykkelstamvegen Forus nord;EV39 S1000D65 m24;2026-08-21T18:00+02:00;2026-08-21T19:00+02:00;2026-08-21;18:00;19:00;Totalt;21;100,0;1;1;0;21;0,00;-;-;-;-;-;-;-;-
99274B3204701;Sykkelstamvegen Forus nord;EV39 S1000D65 m24;2026-08-21T19:00+02:00;2026-08-21T20:00+02:00;2026-08-21;19:00;20:00;1;13;100,0;1;1;0;13;0,00;-;-;-;-;-;-;-;-
99274B3204701;Sykkelstamvegen Forus nord;EV39 S1000D65 m24;2026-08-21T19:00+02:00;2026-08-21T20:00+02:00;2026-08-21;19:00;20:00;2;7;100,0;1;1;0;7;0,00;-;-;-;-;-;-;-;-
99274B3204701;Sykkelstamvegen Forus nord;EV39 S1000D65 m24;2026-08-21T19:00+02:00;2026-08-21T20:00+02:00;2026-08-21;19:00;20:00;Totalt i retning Sandnes;13;100,0;1;1;0;13;0,00;-;-;-;-;-;-;-;-
99274B3204701;Sykkelstamvegen Forus nord;EV39 S1000D65 m24;2026-08-21T19:00+02:00;2026-08-21T20:00+02:00;2026-08-21;19:00;20:00;Totalt i retning Stavanger;7;100,0;1;1;0;7;0,00;-;-;-;-;-;-;-;-
99274B3204701;Sykkelstamvegen Forus nord;EV39 S1000D65 m24;2026-08-21T19:00+02:00;2026-08-21T20:00+02:00;2026-08-21;19:00;20:00;Totalt;20;100,0;1;1;0;20;0,00;-;-;-;-;-;-;-;-
99274B3204701;Sykkelstamvegen Forus nord;EV39 S1000D65 m24;2026-08-21T20:00+02:00;2026-08-21T21:00+02:00;2026-08-21;20:00;21:00;1;6;100,0;1;1;0;6;0,00;-;-;-;-;-;-;-;-
99274B3204701;Sykkelstamvegen Forus nord;EV39 S1000D65 m24;2026-08-21T20:00+02:00;2026-08-21T21:00+02:00;2026-08-21;20:00;21:00;2;9;100,0;1;1;0;9;0,00;-;-;-;-;-;-;-;-
99274B3204701;Sykkelstamvegen Forus nord;EV39 S1000D65 m24;2026-08-21T20:00+02:00;2026-08-21T21:00+02:00;2026-08-21;20:00;21:00;Totalt i retning Sandnes;7;100,0;1;1;0;7;0,00;-;-;-;-;-;-;-;-
99274B3204701;Sykkelstamvegen Forus nord;EV39 S1000D65 m24;2026-08-21T20:00+02:00;2026-08-21T21:00+02:00;2026-08-21;20:00;21:00;Totalt i retning Stavanger;8;100,0;1;1;0;8;0,00;-;-;-;-;-;-;-;-
99274B3204701;Sykkelstamvegen Forus nord;EV39 S1000D65 m24;2026-08-21T20:00+02:00;2026-08-21T21:00+02:00;2026-08-21;20:00;21:00;Totalt;15;100,0;1;1;0;15;0,00;-;-;-;-;-;-;-;-
99274B3204701;Sykkelstamvegen Forus nord;EV39 S1000D65 m24;2026-08-21T21:00+02:00;2026-08-21T22:00+02:00;2026-08-21;21:00;22:00;1;5;100,0;1;1;0;5;0,00;-;-;-;-;-;-;-;-
99274B3204701;Sykkelstamvegen Forus nord;EV39 S1000D65 m24;2026-08-21T21:00+02:00;2026-08-21T22:00+02:00;2026-08-21;21:00;22:00;2;5;100,0;1;1;0;5;0,00;-;-;-;-;-;-;-;-
99274B3204701;Sykkelstamvegen Forus nord;EV39 S1000D65 m24;2026-08-21T21:00+02:00;2026-08-21T22:00+02:00;2026-08-21;21:00;22:00;Totalt i retning Sandnes;5;100,0;1;1;0;5;0,00;-;-;-;-;-;-;-;-
99274B3204701;Sykkelstamvegen Forus nord;EV39 S1000D65 m24;2026-08-21T21:00+02:00;2026-08-21T22:00+02:00;2026-08-21;21:00;22:00;Totalt i retning Stavanger;5;100,0;1;1;0;5;0,00;-;-;-;-;-;-;-;-
99274B3204701;Sykkelstamvegen Forus nord;EV39 S1000D65 m24;2026-08-21T21:00+02:00;2026-08-21T22:00+02:00;2026-08-21;21:00;22:00;Totalt;10;100,0;1;1;0;10;0,00;-;-;-;-;-;-;-;-
99274B3204701;Sykkelstamvegen Forus nord;EV39 S1000D65 m24;2026-08-21T22:00+02:00;2026-08-21T23:00+02:00;2026-08-21;22:00;23:00;1;1;100,0;1;1;0;1;0,00;-;-;-;-;-;-;-;-
99274B3204701;Sykkelstamvegen Forus nord;EV39 S1000D65 m24;2026-08-21T22:00+02:00;2026-08-21T23:00+02:00;2026-08-21;22:00;23:00;2;3;100,0;1;1;0;3;0,00;-;-;-;-;-;-;-;-
99274B3204701;Sykkelstamvegen Forus nord;EV39 S1000D65 m24;2026-08-21T22:00+02:00;2026-08-21T23:00+02:00;2026-08-21;22:00;23:00;Totalt i retning Sandnes;1;100,0;1;1;0;1;0,00;-;-;-;-;-;-;-;-
99274B3204701;Sykkelstamvegen Forus nord;EV39 S1000D65 m24;2026-08-21T22:00+02:00;2026-08-21T23:00+02:00;2026-08-21;22:00;23:00;Totalt i retning Stavanger;3;100,0;1;1;0;3;0,00;-;-;-;-;-;-;-;-
99274B3204701;Sykkelstamvegen Forus nord;EV39 S1000D65 m24;2026-08-21T22:00+02:00;2026-08-21T23:00+02:00;2026-08-21;22:00;23:00;Totalt;4;100,0;1;1;0;4;0,00;-;-;-;-;-;-;-;-
99274B3204701;Sykkelstamvegen Forus nord;EV39 S1000D65 m24;2026-08-21T23:00+02:00;2026-08-22T00:00+02:00;2026-08-21;23:00;00:00;1;0;100,0;1;1;0;0;100,00;-;-;-;-;-;-;-;-
99274B3204701;Sykkelstamvegen Forus nord;EV39 S1000D65 m24;2026-08-21T23:00+02:00;2026-08-22T00:00+02:00;2026-08-21;23:00;00:00;2;1;100,0;1;1;0;1;0,00;-;-;-;-;-;-;-;-
99274B3204701;Sykkelstamvegen Forus nord;EV39 S1000D65 m24;2026-08-21T23:00+02:00;2026-08-22T00:00+02:00;2026-08-21;23:00;00:00;Totalt i retning Sandnes;0;100,0;1;1;0;0;100,00;-;-;-;-;-;-;-;-
99274B3204701;Sykkelstamvegen Forus nord;EV39 S1000D65 m24;2026-08-21T23:00+02:00;2026-08-22T00:00+02:00;2026-08-21;23:00;00:00;Totalt i retning Stavanger;1;100,0;1;1;0;1;0,00;-;-;-;-;-;-;-;-
99274B3204701;Sykkelstamvegen Forus nord;EV39 S1000D65 m24;2026-08-21T23:00+02:00;2026-08-22T00:00+02:00;2026-08-21;23:00;00:00;Totalt;1;100,0;1;1;0;1;0,00;-;-;-;-;-;-;-;-
99274B3204701;Sykkelstamvegen Forus nord;EV39 S1000D65 m24;2026-08-22T00:00+02:00;2026-08-22T01:00+02:00;2026-08-22;00:00;01:00;1;0;100,0;1;1;0;0;100,00;-;-;-;-;-;-;-;-
99274B3204701;Sykkelstamvegen Forus nord;EV39 S1000D65 m24;2026-08-22T00:00+02:00;2026-08-22T01:00+02:00;2026-08-22;00:00;01:00;2;1;100,0;1;1;0;1;0,00;-;-;-;-;-;-;-;-
99274B3204701;Sykkelstamvegen Forus nord;EV39 S1000D65 m24;2026-08-22T00:00+02:00;2026-08-22T01:00+02:00;2026-08-22;00:00;01:00;Totalt i retning Sandnes;0;100,0;1;1;0;0;100,00;-;-;-;-;-;-;-;-
99274B3204701;Sykkelstamvegen Forus nord;EV39 S1000D65 m24;2026-08-22T00:00+02:00;2026-08-22T01:00+02:00;2026-08-22;00:00;01:00;Totalt i retning Stavanger;1;100,0;1;1;0;1;0,00;-;-;-;-;-;-;-;-
99274B3204701;Sykkelstamvegen Forus nord;EV39 S1000D65 m24;2026-08-22T00:00+02:00;2026-08-22T01:00+02:00;2026-08-22;00:00;01:00;Totalt;1;100,0;1;1;0;1;0,00;-;-;-;-;-;-;-;-
99274B3204701;Sykkelstamvegen Forus nord;EV39 S1000D65 m24;2026-08-22T01:00+02:00;2026-08-22T02:00+02:00;2026-08-22;01:00;02:00;1;0;100,0;1;1;0;0;100,00;-;-;-;-;-;-;-;-
99274B3204701;Sykkelstamvegen Forus nord;EV39 S1000D65 m24;2026-08-22T01:00+02:00;2026-08-22T02:00+02:00;2026-08-22;01:00;02:00;2;0;100,0;1;1;0;0;100,00;-;-;-;-;-;-;-;-
99274B3204701;Sykkelstamvegen Forus nord;EV39 S1000D65 m24;2026-08-22T01:00+02:00;2026-08-22T02:00+02:00;2026-08-22;01:00;02:00;Totalt i retning Sandnes;0;100,0;1;1;0;0;100,00;-;-;-;-;-;-;-;-
99274B3204701;Sykkelstamvegen Forus nord;EV39 S1000D65 m24;2026-08-22T01:00+02:00;2026-08-22T02:00+02:00;2026-08-22;01:00;02:00;Totalt i retning Stavanger;0;100,0;1;1;0;0;100,00;-;-;-;-;-;-;-;-
99274B3204701;Sykkelstamvegen Forus nord;EV39 S1000D65 m24;2026-08-22T01:00+02:00;2026-08-22T02:00+02:00;2026-08-22;01:00;02:00;Totalt;0;100,0;1;1;0;0;100,00;-;-;-;-;-;-;-;-
99274B3204701;Sykkelstamvegen Forus nord;EV39 S1000D65 m24;2026-08-22T02:00+02:00;2026-08-22T03:00+02:00;2026-08-22;02:00;03:00;1;0;100,0;1;1;0;0;100,00;-;-;-;-;-;-;-;-
99274B3204701;Sykkelstamvegen Forus nord;EV39 S1000D65 m24;2026-08-22T02:00+02:00;2026-08-22T03:00+02:00;2026-08-22;02:00;03:00;2;0;100,0;1;1;0;0;100,00;-;-;-;-;-;-;-;-
99274B3204701;Sykkelstamvegen Forus nord;EV39 S1000D65 m24;2026-08-22T02:00+02:00;2026-08-22T03:00+02:00;2026-08-22;02:00;03:00;Totalt i retning Sandnes;0;100,0;1;1;0;0;100,00;-;-;-;-;-;-;-;-
99274B3204701;Sykkelstamvegen Forus nord;EV39 S1000D65 m24;2026-08-22T02:00+02:00;2026-08-22T03:00+02:00;2026-08-22;02:00;03:00;Totalt i retning Stavanger;0;100,0;1;1;0;0;100,00;-;-;-;-;-;-;-;-
99274B3204701;Sykkelstamvegen Forus nord;EV39 S1000D65 m24;2026-08-22T02:00+02:00;2026-08-22T03:00+02:00;2026-08-22;02:00;03:00;Totalt;0;100,0;1;1;0;0;100,00;-;-;-;-;-;-;-;-
99274B3204701;Sykkelstamvegen Forus nord;EV39 S1000D65 m24;2026-08-22T03:00+02:00;2026-08-22T04:00+02:00;2026-08-22;03:00;04:00;1;0;100,0;1;1;0;0;100,00;-;-;-;-;-;-;-;-
99274B3204701;Sykkelstamvegen Forus nord;EV39 S1000D65 m24;2026-08-22T03:00+02:00;2026-08-22T04:00+02:00;2026-08-22;03:00;04:00;2;0;100,0;1;1;0;0;100,00;-;-;-;-;-;-;-;-
99274B3204701;Sykkelstamvegen Forus nord;EV39 S1000D65 m24;2026-08-22T03:00+02:00;2026-08-22T04:00+02:00;2026-08-22;03:00;04:00;Totalt i retning Sandnes;0;100,0;1;1;0;0;100,00;-;-;-;-;-;-;-;-
99274B3204701;Sykkelstamvegen Forus nord;EV39 S1000D65 m24;2026-08-22T03:00+02:00;2026-08-22T04:00+02:00;2026-08-22;03:00;04:00;Totalt i retning Stavanger;0;100,0;1;1;0;0;100,00;-;-;-;-;-;-;-;-
99274B3204701;Sykkelstamvegen Forus nord;EV39 S1000D65 m24;2026-08-22T03:00+02:00;2026-08-22T04:00+02:00;2026-08-22;03:00;04:00;Totalt;0;100,0;1;1;0;0;100,00;-;-;-;-;-;-;-;-
99274B3204701;Sykkelstamvegen Forus nord;EV39 S1000D65 m24;2026-08-22T04:00+02:00;2026-08-22T05:00+02:00;2026-08-22;04:00;05:00;1;0;100,0;1;1;0;0;100,00;-;-;-;-;-;-;-;-
99274B3204701;Sykkelstamvegen Forus nord;EV39 S1000D65 m24;2026-08-22T04:00+02:00;2026-08-22T05:00+02:00;2026-08-22;04:00;05:00;2;0;100,0;1;1;0;0;100,00;-;-;-;-;-;-;-;-
99274B3204701;Sykkelstamvegen Forus nord;EV39 S1000D65 m24;2026-08-22T04:00+02:00;2026-08-22T05:00+02:00;2026-08-22;04:00;05:00;Totalt i retning Sandnes;0;100,0;1;1;0;0;100,00;-;-;-;-;-;-;-;-
99274B3204701;Sykkelstamvegen Forus nord;EV39 S1000D65 m24;2026-08-22T04:00+02:00;2026-08-22T05:00+02:00;2026-08-22;04:00;05:00;Totalt i retning Stavanger;0;100,0;1;1;0;0;100,00;-;-;-;-;-;-;-;-
99274B3204701;Sykkelstamvegen Forus nord;EV39 S1000D65 m24;2026-08-22T04:00+02:00;2026-08-22T05:00+02:00;2026-08-22;04:00;05:00;Totalt;0;100,0;1;1;0;0;100,00;-;-;-;-;-;-;-;-
99274B3204701;Sykkelstamvegen Forus nord;EV39 S1000D65 m24;2026-08-22T05:00+02:00;2026-08-22T06:00+02:00;2026-08-22;05:00;06:00;1;1;100,0;1;1;0;1;0,00;-;-;-;-;-;-;-;-
99274B3204701;Sykkelstamvegen Forus nord;EV39 S1000D65 m24;2026-08-22T05:00+02:00;2026-08-22T06:00+02:00;2026-08-22;05:00;06:00;2;3;100,0;1;1;0;3;0,00;-;-;-;-;-;-;-;-
99274B3204701;Sykkelstamvegen Forus nord;EV39 S1000D65 m24;2026-08-22T05:00+02:00;2026-08-22T06:00+02:00;2026-08-22;05:00;06:00;Totalt i retning Sandnes;2;100,0;1;1;0;2;0,00;-;-;-;-;-;-;-;-
99274B3204701;Sykkelstamvegen Forus nord;EV39 S1000D65 m24;2026-08-22T05:00+02:00;2026-08-22T06:00+02:00;2026-08-22;05:00;06:00;Totalt i retning Stavanger;2;100,0;1;1;0;2;0,00;-;-;-;-;-;-;-;-
99274B3204701;Sykkelstamvegen Forus nord;EV39 S1000D65 m24;2026-08-22T05:00+02:00;2026-08-22T06:00+02:00;2026-08-22;05:00;06:00;Totalt;4;100,0;1;1;0;4;0,00;-;-;-;-;-;-;-;-
99274B3204701;Sykkelstamvegen Forus nord;EV39 S1000D65 m24;2026-08-22T06:00+02:00;2026-08-22T07:00+02:00;2026-08-22;06:00;07:00;1;0;100,0;1;1;0;0;100,00;-;-;-;-;-;-;-;-
99274B3204701;Sykkelstamvegen Forus nord;EV39 S1000D65 m24;2026-08-22T06:00+02:00;2026-08-22T07:00+02:00;2026-08-22;06:00;07:00;2;0;100,0;1;1;0;0;100,00;-;-;-;-;-;-;-;-
99274B3204701;Sykkelstamvegen Forus nord;EV39 S1000D65 m24;2026-08-22T06:00+02:00;2026-08-22T07:00+02:00;2026-08-22;06:00;07:00;Totalt i retning Sandnes;0;100,0;1;1;0;0;100,00;-;-;-;-;-;-;-;-
99274B3204701;Sykkelstamvegen Forus nord;EV39 S1000D65 m24;2026-08-22T06:00+02:00;2026-08-22T07:00+02:00;2026-08-22;06:00;07:00;Totalt i retning Stavanger;0;100,0;1;1;0;0;100,00;-;-;-;-;-;-;-;-
99274B3204701;Sykkelstamvegen Forus nord;EV39 S1000D65 m24;2026-08-22T06:00+02:00;2026-08-22T07:00+02:00;2026-08-22;06:00;07:00;Totalt;0;100,0;1;1;0;0;100,00;-;-;-;-;-;-;-;-
99274B3204701;Sykkelstamvegen Forus nord;EV39 S1000D65 m24;2026-08-22T07:00+02:00;2026-08-22T08:00+02:00;2026-08-22;07:00;08:00;1;3;100,0;1;1;0;3;0,00;-;-;-;-;-;-;-;-
99274B3204701;Sykkelstamvegen Forus nord;EV39 S1000D65 m24;2026-08-22T07:00+02:00;2026-08-22T08:00+02:00;2026-08-22;07:00;08:00;2;3;100,0;1;1;0;3;0,00;-;-;-;-;-;-;-;-
99274B3204701;Sykkelstamvegen Forus nord;EV39 S1000D65 m24;2026-08-22T07:00+02:00;2026-08-22T08:00+02:00;2026-08-22;07:00;08:00;Totalt i retning Sandnes;3;100,0;1;1;0;3;0,00;-;-;-;-;-;-;-;-
99274B3204701;Sykkelstamvegen Forus nord;EV39 S1000D65 m24;2026-08-22T07:00+02:00;2026-08-22T08:00+02:00;2026-08-22;07:00;08:00;Totalt i retning Stavanger;3;100,0;1;1;0;3;0,00;-;-;-;-;-;-;-;-
99274B3204701;Sykkelstamvegen Forus nord;EV39 S1000D65 m24;2026-08-22T07:00+02:00;2026-08-22T08:00+02:00;2026-08-22;07:00;08:00;Totalt;6;100,0;1;1;0;6;0,00;-;-;-;-;-;-;-;-
99274B3204701;Sykkelstamvegen Forus nord;EV39 S1000D65 m24;2026-08-22T08:00+02:00;2026-08-22T09:00+02:00;2026-08-22;08:00;09:00;1;2;100,0;1;1;0;2;0,00;-;-;-;-;-;-;-;-
99274B3204701;Sykkelstamvegen Forus nord;EV39 S1000D65 m24;2026-08-22T08:00+02:00;2026-08-22T09:00+02:00;2026-08-22;08:00;09:00;2;2;100,0;1;1;0;2;0,00;-;-;-;-;-;-;-;-
99274B3204701;Sykkelstamvegen Forus nord;EV39 S1000D65 m24;2026-08-22T08:00+02:00;2026-08-22T09:00+02:00;2026-08-22;08:00;09:00;Totalt i retning Sandnes;2;100,0;1;1;0;2;0,00;-;-;-;-;-;-;-;-
99274B3204701;Sykkelstamvegen Forus nord;EV39 S1000D65 m24;2026-08-22T08:00+02:00;2026-08-22T09:00+02:00;2026-08-22;08:00;09:00;Totalt i retning Stavanger;2;100,0;1;1;0;2;0,00;-;-;-;-;-;-;-;-
99274B3204701;Sykkelstamvegen Forus nord;EV39 S1000D65 m24;2026-08-22T08:00+02:00;2026-08-22T09:00+02:00;2026-08-22;08:00;09:00;Totalt;4;100,0;1;1;0;4;0,00;-;-;-;-;-;-;-;-
99274B3204701;Sykkelstamvegen Forus nord;EV39 S1000D65 m24;2026-08-22T09:00+02:00;2026-08-22T10:00+02:00;2026-08-22;09:00;10:00;1;6;100,0;1;1;0;6;0,00;-;-;-;-;-;-;-;-
99274B3204701;Sykkelstamvegen Forus nord;EV39 S1000D65 m24;2026-08-22T09:00+02:00;2026-08-22T10:00+02:00;2026-08-22;09:00;10:00;2;3;100,0;1;1;0;3;0,00;-;-;-;-;-;-;-;-
99274B3204701;Sykkelstamvegen Forus nord;EV39 S1000D65 m24;2026-08-22T09:00+02:00;2026-08-22T10:00+02:00;2026-08-22;09:00;10:00;Totalt i retning Sandnes;6;100,0;1;1;0;6;0,00;-;-;-;-;-;-;-;-
99274B3204701;Sykkelstamvegen Forus nord;EV39 S1000D65 m24;2026-08-22T09:00+02:00;2026-08-22T10:00+02:00;2026-08-22;09:00;10:00;Totalt i retning Stavanger;3;100,0;1;1;0;3;0,00;-;-;-;-;-;-;-;-
99274B3204701;Sykkelstamvegen Forus nord;EV39 S1000D65 m24;2026-08-22T09:00+02:00;2026-08-22T10:00+02:00;2026-08-22;09:00;10:00;Totalt;9;100,0;1;1;0;9;0,00;-;-;-;-;-;-;-;-
99274B3204701;Sykkelstamvegen Forus nord;EV39 S1000D65 m24;2026-08-22T10:00+02:00;2026-08-22T11:00+02:00;2026-08-22;10:00;11:00;1;22;100,0;1;1;0;22;0,00;-;-;-;-;-;-;-;-
99274B3204701;Sykkelstamvegen Forus nord;EV39 S1000D65 m24;2026-08-22T10:00+02:00;2026-08-22T11:00+02:00;2026-08-22;10:00;11:00;2;22;100,0;1;1;0;22;0,00;-;-;-;-;-;-;-;-
99274B3204701;Sykkelstamvegen Forus nord;EV39 S1000D65 m24;2026-08-22T10:00+02:00;2026-08-22T11:00+02:00;2026-08-22;10:00;11:00;Totalt i retning Sandnes;21;100,0;1;1;0;21;0,00;-;-;-;-;-;-;-;-
99274B3204701;Sykkelstamvegen Forus nord;EV39 S1000D65 m24;2026-08-22T10:00+02:00;2026-08-22T11:00+02:00;2026-08-22;10:00;11:00;Totalt i retning Stavanger;23;100,0;1;1;0;23;0,00;-;-;-;-;-;-;-;-
99274B3204701;Sykkelstamvegen Forus nord;EV39 S1000D65 m24;2026-08-22T10:00+02:00;2026-08-22T11:00+02:00;2026-08-22;10:00;11:00;Totalt;44;100,0;1;1;0;44;0,00;-;-;-;-;-;-;-;-
99274B3204701;Sykkelstamvegen Forus nord;EV39 S1000D65 m24;2026-08-22T11:00+02:00;2026-08-22T12:00+02:00;2026-08-22;11:00;12:00;1;30;100,0;1;1;0;30;0,00;-;-;-;-;-;-;-;-
99274B3204701;Sykkelstamvegen Forus nord;EV39 S1000D65 m24;2026-08-22T11:00+02:00;2026-08-22T12:00+02:00;2026-08-22;11:00;12:00;2;50;100,0;1;1;0;50;0,00;-;-;-;-;-;-;-;-
99274B3204701;Sykkelstamvegen Forus nord;EV39 S1000D65 m24;2026-08-22T11:00+02:00;2026-08-22T12:00+02:00;2026-08-22;11:00;12:00;Totalt i retning Sandnes;34;100,0;1;1;0;34;0,00;-;-;-;-;-;-;-;-
99274B3204701;Sykkelstamvegen Forus nord;EV39 S1000D65 m24;2026-08-22T11:00+02:00;2026-08-22T12:00+02:00;2026-08-22;11:00;12:00;Totalt i retning Stavanger;46;100,0;1;1;0;46;0,00;-;-;-;-;-;-;-;-
99274B3204701;Sykkelstamvegen Forus nord;EV39 S1000D65 m24;2026-08-22T11:00+02:00;2026-08-22T12:00+02:00;2026-08-22;11:00;12:00;Totalt;80;100,0;1;1;0;80;0,00;-;-;-;-;-;-;-;-
99274B3204701;Sykkelstamvegen Forus nord;EV39 S1000D65 m24;2026-08-22T12:00+02:00;2026-08-22T13:00+02:00;2026-08-22;12:00;13:00;1;27;100,0;1;1;0;27;0,00;-;-;-;-;-;-;-;-
99274B3204701;Sykkelstamvegen Forus nord;EV39 S1000D65 m24;2026-08-22T12:00+02:00;2026-08-22T13:00+02:00;2026-08-22;12:00;13:00;2;23;100,0;1;1;0;23;0,00;-;-;-;-;-;-;-;-
99274B3204701;Sykkelstamvegen Forus nord;EV39 S1000D65 m24;2026-08-22T12:00+02:00;2026-08-22T13:00+02:00;2026-08-22;12:00;13:00;Totalt i retning Sandnes;27;100,0;1;1;0;27;0,00;-;-;-;-;-;-;-;-
99274B3204701;Sykkelstamvegen Forus nord;EV39 S1000D65 m24;2026-08-22T12:00+02:00;2026-08-22T13:00+02:00;2026-08-22;12:00;13:00;Totalt i retning Stavanger;23;100,0;1;1;0;23;0,00;-;-;-;-;-;-;-;-
99274B3204701;Sykkelstamvegen Forus nord;EV39 S1000D65 m24;2026-08-22T12:00+02:00;2026-08-22T13:00+02:00;2026-08-22;12:00;13:00;Totalt;50;100,0;1;1;0;50;0,00;-;-;-;-;-;-;-;-
99274B3204701;Sykkelstamvegen Forus nord;EV39 S1000D65 m24;2026-08-22T13:00+02:00;2026-08-22T14:00+02:00;2026-08-22;13:00;14:00;1;29;100,0;1;1;0;29;0,00;-;-;-;-;-;-;-;-
99274B3204701;Sykkelstamvegen Forus nord;EV39 S1000D65 m24;2026-08-22T13:00+02:00;2026-08-22T14:00+02:00;2026-08-22;13:00;14:00;2;21;100,0;1;1;0;21;0,00;-;-;-;-;-;-;-;-
99274B3204701;Sykkelstamvegen Forus nord;EV39 S1000D65 m24;2026-08-22T13:00+02:00;2026-08-22T14:00+02:00;2026-08-22;13:00;14:00;Totalt i retning Sandnes;28;100,0;1;1;0;28;0,00;-;-;-;-;-;-;-;-
99274B3204701;Sykkelstamvegen Forus nord;EV39 S1000D65 m24;2026-08-22T13:00+02:00;2026-08-22T14:00+02:00;2026-08-22;13:00;14:00;Totalt i retning Stavanger;22;100,0;1;1;0;22;0,00;-;-;-;-;-;-;-;-
99274B3204701;Sykkelstamvegen Forus nord;EV39 S1000D65 m24;2026-08-22T13:00+02:00;2026-08-22T14:00+02:00;2026-08-22;13:00;14:00;Totalt;50;100,0;1;1;0;50;0,00;-;-;-;-;-;-;-;-
99274B3204701;Sykkelstamvegen Forus nord;EV39 S1000D65 m24;2026-08-22T14:00+02:00;2026-08-22T15:00+02:00;2026-08-22;14:00;15:00;1;25;100,0;1;1;0;25;0,00;-;-;-;-;-;-;-;-
99274B3204701;Sykkelstamvegen Forus nord;EV39 S1000D65 m24;2026-08-22T14:00+02:00;2026-08-22T15:00+02:00;2026-08-22;14:00;15:00;2;18;100,0;1;1;0;18;0,00;-;-;-;-;-;-;-;-
99274B3204701;Sykkelstamvegen Forus nord;EV39 S1000D65 m24;2026-08-22T14:00+02:00;2026-08-22T15:00+02:00;2026-08-22;14:00;15:00;Totalt i retning Sandnes;25;100,0;1;1;0;25;0,00;-;-;-;-;-;-;-;-
99274B3204701;Sykkelstamvegen Forus nord;EV39 S1000D65 m24;2026-08-22T14:00+02:00;2026-08-22T15:00+02:00;2026-08-22;14:00;15:00;Totalt i retning Stavanger;18;100,0;1;1;0;18;0,00;-;-;-;-;-;-;-;-
99274B3204701;Sykkelstamvegen Forus nord;EV39 S1000D65 m24;2026-08-22T14:00+02:00;2026-08-22T15:00+02:00;2026-08-22;14:00;15:00;Totalt;43;100,0;1;1;0;43;0,00;-;-;-;-;-;-;-;-
99274B3204701;Sykkelstamvegen Forus nord;EV39 S1000D65 m24;2026-08-22T15:00+02:00;2026-08-22T16:00+02:00;2026-08-22;15:00;16:00;1;28;100,0;1;1;0;28;0,00;-;-;-;-;-;-;-;-
99274B3204701;Sykkelstamvegen Forus nord;EV39 S1000D65 m24;2026-08-22T15:00+02:00;2026-08-22T16:00+02:00;2026-08-22;15:00;16:00;2;15;100,0;1;1;0;15;0,00;-;-;-;-;-;-;-;-
99274B3204701;Sykkelstamvegen Forus nord;EV39 S1000D65 m24;2026-08-22T15:00+02:00;2026-08-22T16:00+02:00;2026-08-22;15:00;16:00;Totalt i retning Sandnes;28;100,0;1;1;0;28;0,00;-;-;-;-;-;-;-;-
99274B3204701;Sykkelstamvegen Forus nord;EV39 S1000D65 m24;2026-08-22T15:00+02:00;2026-08-22T16:00+02:00;2026-08-22;15:00;16:00;Totalt i retning Stavanger;15;100,0;1;1;0;15;0,00;-;-;-;-;-;-;-;-
99274B3204701;Sykkelstamvegen Forus nord;EV39 S1000D65 m24;2026-08-22T15:00+02:00;2026-08-22T16:00+02:00;2026-08-22;15:00;16:00;Totalt;43;100,0;1;1;0;43;0,00;-;-;-;-;-;-;-;-
99274B3204701;Sykkelstamvegen Forus nord;EV39 S1000D65 m24;2026-08-22T16:00+02:00;2026-08-22T17:00+02:00;2026-08-22;16:00;17:00;1;6;100,0;1;1;0;6;0,00;-;-;-;-;-;-;-;-
99274B3204701;Sykkelstamvegen Forus nord;EV39 S1000D65 m24;2026-08-22T16:00+02:00;2026-08-22T17:00+02:00;2026-08-22;16:00;17:00;2;31;100,0;1;1;0;31;0,00;-;-;-;-;-;-;-;-
99274B3204701;Sykkelstamvegen Forus nord;EV39 S1000D65 m24;2026-08-22T16:00+02:00;2026-08-22T17:00+02:00;2026-08-22;16:00;17:00;Totalt i retning Sandnes;6;100,0;1;1;0;6;0,00;-;-;-;-;-;-;-;-
99274B3204701;Sykkelstamvegen Forus nord;EV39 S1000D65 m24;2026-08-22T16:00+02:00;2026-08-22T17:00+02:00;2026-08-22;16:00;17:00;Totalt i retning Stavanger;31;100,0;1;1;0;31;0,00;-;-;-;-;-;-;-;-
99274B3204701;Sykkelstamvegen Forus nord;EV39 S1000D65 m24;2026-08-22T16:00+02:00;2026-08-22T17:00+02:00;2026-08-22;16:00;17:00;Totalt;37;100,0;1;1;0;37;0,00;-;-;-;-;-;-;-;-
99274B3204701;Sykkelstamvegen Forus nord;EV39 S1000D65 m24;2026-08-22T17:00+02:00;2026-08-22T18:00+02:00;2026-08-22;17:00;18:00;1;15;100,0;1;1;0;15;0,00;-;-;-;-;-;-;-;-
99274B3204701;Sykkelstamvegen Forus nord;EV39 S1000D65 m24;2026-08-22T17:00+02:00;2026-08-22T18:00+02:00;2026-08-22;17:00;18:00;2;15;100,0;1;1;0;15;0,00;-;-;-;-;-;-;-;-
99274B3204701;Sykkelstamvegen Forus nord;EV39 S1000D65 m24;2026-08-22T17:00+02:00;2026-08-22T18:00+02:00;2026-08-22;17:00;18:00;Totalt i retning Sandnes;13;100,0;1;1;0;13;0,00;-;-;-;-;-;-;-;-
99274B3204701;Sykkelstamvegen Forus nord;EV39 S1000D65 m24;2026-08-22T17:00+02:00;2026-08-22T18:00+02:00;2026-08-22;17:00;18:00;Totalt i retning Stavanger;17;100,0;1;1;0;17;0,00;-;-;-;-;-;-;-;-
99274B3204701;Sykkelstamvegen Forus nord;EV39 S1000D65 m24;2026-08-22T17:00+02:00;2026-08-22T18:00+02:00;2026-08-22;17:00;18:00;Totalt;30;100,0;1;1;0;30;0,00;-;-;-;-;-;-;-;-
99274B3204701;Sykkelstamvegen Forus nord;EV39 S1000D65 m24;2026-08-22T18:00+02:00;2026-08-22T19:00+02:00;2026-08-22;18:00;19:00;1;6;100,0;1;1;0;6;0,00;-;-;-;-;-;-;-;-
99274B3204701;Sykkelstamvegen Forus nord;EV39 S1000D65 m24;2026-08-22T18:00+02:00;2026-08-22T19:00+02:00;2026-08-22;18:00;19:00;2;14;100,0;1;1;0;14;0,00;-;-;-;-;-;-;-;-
99274B3204701;Sykkelstamvegen Forus nord;EV39 S1000D65 m24;2026-08-22T18:00+02:00;2026-08-22T19:00+02:00;2026-08-22;18:00;19:00;Totalt i retning Sandnes;6;100,0;1;1;0;6;0,00;-;-;-;-;-;-;-;-
99274B3204701;Sykkelstamvegen Forus nord;EV39 S1000D65 m24;2026-08-22T18:00+02:00;2026-08-22T19:00+02:00;2026-08-22;18:00;19:00;Totalt i retning Stavanger;14;100,0;1;1;0;14;0,00;-;-;-;-;-;-;-;-
99274B3204701;Sykkelstamvegen Forus nord;EV39 S1000D65 m24;2026-08-22T18:00+02:00;2026-08-22T19:00+02:00;2026-08-22;18:00;19:00;Totalt;20;100,0;1;1;0;20;0,00;-;-;-;-;-;-;-;-
99274B3204701;Sykkelstamvegen Forus nord;EV39 S1000D65 m24;2026-08-22T19:00+02:00;2026-08-22T20:00+02:00;2026-08-22;19:00;20:00;1;6;100,0;1;1;0;6;0,00;-;-;-;-;-;-;-;-
99274B3204701;Sykkelstamvegen Forus nord;EV39 S1000D65 m24;2026-08-22T19:00+02:00;2026-08-22T20:00+02:00;2026-08-22;19:00;20:00;2;8;100,0;1;1;0;8;0,00;-;-;-;-;-;-;-;-
99274B3204701;Sykkelstamvegen Forus nord;EV39 S1000D65 m24;2026-08-22T19:00+02:00;2026-08-22T20:00+02:00;2026-08-22;19:00;20:00;Totalt i retning Sandnes;5;100,0;1;1;0;5;0,00;-;-;-;-;-;-;-;-
99274B3204701;Sykkelstamvegen Forus nord;EV39 S1000D65 m24;2026-08-22T19:00+02:00;2026-08-22T20:00+02:00;2026-08-22;19:00;20:00;Totalt i retning Stavanger;9;100,0;1;1;0;9;0,00;-;-;-;-;-;-;-;-
99274B3204701;Sykkelstamvegen Forus nord;EV39 S1000D65 m24;2026-08-22T19:00+02:00;2026-08-22T20:00+02:00;2026-08-22;19:00;20:00;Totalt;14;100,0;1;1;0;14;0,00;-;-;-;-;-;-;-;-
99274B3204701;Sykkelstamvegen Forus nord;EV39 S1000D65 m24;2026-08-22T20:00+02:00;2026-08-22T21:00+02:00;2026-08-22;20:00;21:00;1;3;100,0;1;1;0;3;0,00;-;-;-;-;-;-;-;-
99274B3204701;Sykkelstamvegen Forus nord;EV39 S1000D65 m24;2026-08-22T20:00+02:00;2026-08-22T21:00+02:00;2026-08-22;20:00;21:00;2;2;100,0;1;1;0;2;0,00;-;-;-;-;-;-;-;-
99274B3204701;Sykkelstamvegen Forus nord;EV39 S1000D65 m24;2026-08-22T20:00+02:00;2026-08-22T21:00+02:00;2026-08-22;20:00;21:00;Totalt i retning Sandnes;4;100,0;1;1;0;4;0,00;-;-;-;-;-;-;-;-
99274B3204701;Sykkelstamvegen Forus nord;EV39 S1000D65 m24;2026-08-22T20:00+02:00;2026-08-22T21:00+02:00;2026-08-22;20:00;21:00;Totalt i retning Stavanger;1;100,0;1;1;0;1;0,00;-;-;-;-;-;-;-;-
99274B3204701;Sykkelstamvegen Forus nord;EV39 S1000D65 m24;2026-08-22T20:00+02:00;2026-08-22T21:00+02:00;2026-08-22;20:00;21:00;Totalt;5;100,0;1;1;0;5;0,00;-;-;-;-;-;-;-;-
99274B3204701;Sykkelstamvegen Forus nord;EV39 S1000D65 m24;2026-08-22T21:00+02:00;2026-08-22T22:00+02:00;2026-08-22;21:00;22:00;1;4;100,0;1;1;0;4;0,00;-;-;-;-;-;-;-;-
99274B3204701;Sykkelstamvegen Forus nord;EV39 S1000D65 m24;2026-08-22T21:00+02:00;2026-08-22T22:00+02:00;2026-08-22;21:00;22:00;2;1;100,0;1;1;0;1;0,00;-;-;-;-;-;-;-;-
99274B3204701;Sykkelstamvegen Forus nord;EV39 S1000D65 m24;2026-08-22T21:00+02:00;2026-08-22T22:00+02:00;2026-08-22;21:00;22:00;Totalt i retning Sandnes;3;100,0;1;1;0;3;0,00;-;-;-;-;-;-;-;-
99274B3204701;Sykkelstamvegen Forus nord;EV39 S1000D65 m24;2026-08-22T21:00+02:00;2026-08-22T22:00+02:00;2026-08-22;21:00;22:00;Totalt i retning Stavanger;2;100,0;1;1;0;2;0,00;-;-;-;-;-;-;-;-
99274B3204701;Sykkelstamvegen Forus nord;EV39 S1000D65 m24;2026-08-22T21:00+02:00;2026-08-22T22:00+02:00;2026-08-22;21:00;22:00;Totalt;5;100,0;1;1;0;5;0,00;-;-;-;-;-;-;-;-
99274B3204701;Sykkelstamvegen Forus nord;EV39 S1000D65 m24;2026-08-22T22:00+02:00;2026-08-22T23:00+02:00;2026-08-22;22:00;23:00;1;0;100,0;1;1;0;0;100,00;-;-;-;-;-;-;-;-
99274B3204701;Sykkelstamvegen Forus nord;EV39 S1000D65 m24;2026-08-22T22:00+02:00;2026-08-22T23:00+02:00;2026-08-22;22:00;23:00;2;0;100,0;1;1;0;0;100,00;-;-;-;-;-;-;-;-
99274B3204701;Sykkelstamvegen Forus nord;EV39 S1000D65 m24;2026-08-22T22:00+02:00;2026-08-22T23:00+02:00;2026-08-22;22:00;23:00;Totalt i retning Sandnes;0;100,0;1;1;0;0;100,00;-;-;-;-;-;-;-;-
99274B3204701;Sykkelstamvegen Forus nord;EV39 S1000D65 m24;2026-08-22T22:00+02:00;2026-08-22T23:00+02:00;2026-08-22;22:00;23:00;Totalt i retning Stavanger;0;100,0;1;1;0;0;100,00;-;-;-;-;-;-;-;-
99274B3204701;Sykkelstamvegen Forus nord;EV39 S1000D65 m24;2026-08-22T22:00+02:00;2026-08-22T23:00+02:00;2026-08-22;22:00;23:00;Totalt;0;100,0;1;1;0;0;100,00;-;-;-;-;-;-;-;-
99274B3204701;Sykkelstamvegen Forus nord;EV39 S1000D65 m24;2026-08-22T23:00+02:00;2026-08-23T00:00+02:00;2026-08-22;23:00;00:00;1;2;100,0;1;1;0;2;0,00;-;-;-;-;-;-;-;-
99274B3204701;Sykkelstamvegen Forus nord;EV39 S1000D65 m24;2026-08-22T23:00+02:00;2026-08-23T00:00+02:00;2026-08-22;23:00;00:00;2;0;100,0;1;1;0;0;100,00;-;-;-;-;-;-;-;-
99274B3204701;Sykkelstamvegen Forus nord;EV39 S1000D65 m24;2026-08-22T23:00+02:00;2026-08-23T00:00+02:00;2026-08-22;23:00;00:00;Totalt i retning Sandnes;2;100,0;1;1;0;2;0,00;-;-;-;-;-;-;-;-
99274B3204701;Sykkelstamvegen Forus nord;EV39 S1000D65 m24;2026-08-22T23:00+02:00;2026-08-23T00:00+02:00;2026-08-22;23:00;00:00;Totalt i retning Stavanger;0;100,0;1;1;0;0;100,00;-;-;-;-;-;-;-;-
99274B3204701;Sykkelstamvegen Forus nord;EV39 S1000D65 m24;2026-08-22T23:00+02:00;2026-08-23T00:00+02:00;2026-08-22;23:00;00:00;Totalt;2;100,0;1;1;0;2;0,00;-;-;-;-;-;-;-;-
99274B3204701;Sykkelstamvegen Forus nord;EV39 S1000D65 m24;2026-08-23T00:00+02:00;2026-08-23T01:00+02:00;2026-08-23;00:00;01:00;1;0;100,0;1;1;0;0;100,00;-;-;-;-;-;-;-;-
99274B3204701;Sykkelstamvegen Forus nord;EV39 S1000D65 m24;2026-08-23T00:00+02:00;2026-08-23T01:00+02:00;2026-08-23;00:00;01:00;2;0;100,0;1;1;0;0;100,00;-;-;-;-;-;-;-;-
99274B3204701;Sykkelstamvegen Forus nord;EV39 S1000D65 m24;2026-08-23T00:00+02:00;2026-08-23T01:00+02:00;2026-08-23;00:00;01:00;Totalt i retning Sandnes;0;100,0;1;1;0;0;100,00;-;-;-;-;-;-;-;-
99274B3204701;Sykkelstamvegen Forus nord;EV39 S1000D65 m24;2026-08-23T00:00+02:00;2026-08-23T01:00+02:00;2026-08-23;00:00;01:00;Totalt i retning Stavanger;0;100,0;1;1;0;0;100,00;-;-;-;-;-;-;-;-
99274B3204701;Sykkelstamvegen Forus nord;EV39 S1000D65 m24;2026-08-23T00:00+02:00;2026-08-23T01:00+02:00;2026-08-23;00:00;01:00;Totalt;0;100,0;1;1;0;0;100,00;-;-;-;-;-;-;-;-
99274B3204701;Sykkelstamvegen Forus nord;EV39 S1000D65 m24;2026-08-23T01:00+02:00;2026-08-23T02:00+02:00;2026-08-23;01:00;02:00;1;2;100,0;1;1;0;2;0,00;-;-;-;-;-;-;-;-
99274B3204701;Sykkelstamvegen Forus nord;EV39 S1000D65 m24;2026-08-23T01:00+02:00;2026-08-23T02:00+02:00;2026-08-23;01:00;02:00;2;0;100,0;1;1;0;0;100,00;-;-;-;-;-;-;-;-
99274B3204701;Sykkelstamvegen Forus nord;EV39 S1000D65 m24;2026-08-23T01:00+02:00;2026-08-23T02:00+02:00;2026-08-23;01:00;02:00;Totalt i retning Sandnes;2;100,0;1;1;0;2;0,00;-;-;-;-;-;-;-;-
99274B3204701;Sykkelstamvegen Forus nord;EV39 S1000D65 m24;2026-08-23T01:00+02:00;2026-08-23T02:00+02:00;2026-08-23;01:00;02:00;Totalt i retning Stavanger;0;100,0;1;1;0;0;100,00;-;-;-;-;-;-;-;-
99274B3204701;Sykkelstamvegen Forus nord;EV39 S1000D65 m24;2026-08-23T01:00+02:00;2026-08-23T02:00+02:00;2026-08-23;01:00;02:00;Totalt;2;100,0;1;1;0;2;0,00;-;-;-;-;-;-;-;-
99274B3204701;Sykkelstamvegen Forus nord;EV39 S1000D65 m24;2026-08-23T02:00+02:00;2026-08-23T03:00+02:00;2026-08-23;02:00;03:00;1;0;100,0;1;1;0;0;100,00;-;-;-;-;-;-;-;-
99274B3204701;Sykkelstamvegen Forus nord;EV39 S1000D65 m24;2026-08-23T02:00+02:00;2026-08-23T03:00+02:00;2026-08-23;02:00;03:00;2;0;100,0;1;1;0;0;100,00;-;-;-;-;-;-;-;-
99274B3204701;Sykkelstamvegen Forus nord;EV39 S1000D65 m24;2026-08-23T02:00+02:00;2026-08-23T03:00+02:00;2026-08-23;02:00;03:00;Totalt i retning Sandnes;0;100,0;1;1;0;0;100,00;-;-;-;-;-;-;-;-
99274B3204701;Sykkelstamvegen Forus nord;EV39 S1000D65 m24;2026-08-23T02:00+02:00;2026-08-23T03:00+02:00;2026-08-23;02:00;03:00;Totalt i retning Stavanger;0;100,0;1;1;0;0;100,00;-;-;-;-;-;-;-;-
99274B3204701;Sykkelstamvegen Forus nord;EV39 S1000D65 m24;2026-08-23T02:00+02:00;2026-08-23T03:00+02:00;2026-08-23;02:00;03:00;Totalt;0;100,0;1;1;0;0;100,00;-;-;-;-;-;-;-;-
99274B3204701;Sykkelstamvegen Forus nord;EV39 S1000D65 m24;2026-08-23T03:00+02:00;2026-08-23T04:00+02:00;2026-08-23;03:00;04:00;1;1;100,0;1;1;0;1;0,00;-;-;-;-;-;-;-;-
99274B3204701;Sykkelstamvegen Forus nord;EV39 S1000D65 m24;2026-08-23T03:00+02:00;2026-08-23T04:00+02:00;2026-08-23;03:00;04:00;2;0;100,0;1;1;0;0;100,00;-;-;-;-;-;-;-;-
99274B3204701;Sykkelstamvegen Forus nord;EV39 S1000D65 m24;2026-08-23T03:00+02:00;2026-08-23T04:00+02:00;2026-08-23;03:00;04:00;Totalt i retning Sandnes;1;100,0;1;1;0;1;0,00;-;-;-;-;-;-;-;-
99274B3204701;Sykkelstamvegen Forus nord;EV39 S1000D65 m24;2026-08-23T03:00+02:00;2026-08-23T04:00+02:00;2026-08-23;03:00;04:00;Totalt i retning Stavanger;0;100,0;1;1;0;0;100,00;-;-;-;-;-;-;-;-
99274B3204701;Sykkelstamvegen Forus nord;EV39 S1000D65 m24;2026-08-23T03:00+02:00;2026-08-23T04:00+02:00;2026-08-23;03:00;04:00;Totalt;1;100,0;1;1;0;1;0,00;-;-;-;-;-;-;-;-
99274B3204701;Sykkelstamvegen Forus nord;EV39 S1000D65 m24;2026-08-23T04:00+02:00;2026-08-23T05:00+02:00;2026-08-23;04:00;05:00;1;0;100,0;1;1;0;0;100,00;-;-;-;-;-;-;-;-
99274B3204701;Sykkelstamvegen Forus nord;EV39 S1000D65 m24;2026-08-23T04:00+02:00;2026-08-23T05:00+02:00;2026-08-23;04:00;05:00;2;0;100,0;1;1;0;0;100,00;-;-;-;-;-;-;-;-
99274B3204701;Sykkelstamvegen Forus nord;EV39 S1000D65 m24;2026-08-23T04:00+02:00;2026-08-23T05:00+02:00;2026-08-23;04:00;05:00;Totalt i retning Sandnes;0;100,0;1;1;0;0;100,00;-;-;-;-;-;-;-;-
99274B3204701;Sykkelstamvegen Forus nord;EV39 S1000D65 m24;2026-08-23T04:00+02:00;2026-08-23T05:00+02:00;2026-08-23;04:00;05:00;Totalt i retning Stavanger;0;100,0;1;1;0;0;100,00;-;-;-;-;-;-;-;-
99274B3204701;Sykkelstamvegen Forus nord;EV39 S1000D65 m24;2026-08-23T04:00+02:00;2026-08-23T05:00+02:00;2026-08-23;04:00;05:00;Totalt;0;100,0;1;1;0;0;100,00;-;-;-;-;-;-;-;-
99274B3204701;Sykkelstamvegen Forus nord;EV39 S1000D65 m24;2026-08-23T05:00+02:00;2026-08-23T06:00+02:00;2026-08-23;05:00;06:00;1;0;100,0;1;1;0;0;100,00;-;-;-;-;-;-;-;-
99274B3204701;Sykkelstamvegen Forus nord;EV39 S1000D65 m24;2026-08-23T05:00+02:00;2026-08-23T06:00+02:00;2026-08-23;05:00;06:00;2;0;100,0;1;1;0;0;100,00;-;-;-;-;-;-;-;-
99274B3204701;Sykkelstamvegen Forus nord;EV39 S1000D65 m24;2026-08-23T05:00+02:00;2026-08-23T06:00+02:00;2026-08-23;05:00;06:00;Totalt i retning Sandnes;0;100,0;1;1;0;0;100,00;-;-;-;-;-;-;-;-
99274B3204701;Sykkelstamvegen Forus nord;EV39 S1000D65 m24;2026-08-23T05:00+02:00;2026-08-23T06:00+02:00;2026-08-23;05:00;06:00;Totalt i retning Stavanger;0;100,0;1;1;0;0;100,00;-;-;-;-;-;-;-;-
99274B3204701;Sykkelstamvegen Forus nord;EV39 S1000D65 m24;2026-08-23T05:00+02:00;2026-08-23T06:00+02:00;2026-08-23;05:00;06:00;Totalt;0;100,0;1;1;0;0;100,00;-;-;-;-;-;-;-;-
99274B3204701;Sykkelstamvegen Forus nord;EV39 S1000D65 m24;2026-08-23T06:00+02:00;2026-08-23T07:00+02:00;2026-08-23;06:00;07:00;1;0;100,0;1;1;0;0;100,00;-;-;-;-;-;-;-;-
99274B3204701;Sykkelstamvegen Forus nord;EV39 S1000D65 m24;2026-08-23T06:00+02:00;2026-08-23T07:00+02:00;2026-08-23;06:00;07:00;2;0;100,0;1;1;0;0;100,00;-;-;-;-;-;-;-;-
99274B3204701;Sykkelstamvegen Forus nord;EV39 S1000D65 m24;2026-08-23T06:00+02:00;2026-08-23T07:00+02:00;2026-08-23;06:00;07:00;Totalt i retning Sandnes;0;100,0;1;1;0;0;100,00;-;-;-;-;-;-;-;-
99274B3204701;Sykkelstamvegen Forus nord;EV39 S1000D65 m24;2026-08-23T06:00+02:00;2026-08-23T07:00+02:00;2026-08-23;06:00;07:00;Totalt i retning Stavanger;0;100,0;1;1;0;0;100,00;-;-;-;-;-;-;-;-
99274B3204701;Sykkelstamvegen Forus nord;EV39 S1000D65 m24;2026-08-23T06:00+02:00;2026-08-23T07:00+02:00;2026-08-23;06:00;07:00;Totalt;0;100,0;1;1;0;0;100,00;-;-;-;-;-;-;-;-
99274B3204701;Sykkelstamvegen Forus nord;EV39 S1000D65 m24;2026-08-23T07:00+02:00;2026-08-23T08:00+02:00;2026-08-23;07:00;08:00;1;8;100,0;1;1;0;8;0,00;-;-;-;-;-;-;-;-
99274B3204701;Sykkelstamvegen Forus nord;EV39 S1000D65 m24;2026-08-23T07:00+02:00;2026-08-23T08:00+02:00;2026-08-23;07:00;08:00;2;2;100,0;1;1;0;2;0,00;-;-;-;-;-;-;-;-
99274B3204701;Sykkelstamvegen Forus nord;EV39 S1000D65 m24;2026-08-23T07:00+02:00;2026-08-23T08:00+02:00;2026-08-23;07:00;08:00;Totalt i retning Sandnes;8;100,0;1;1;0;8;0,00;-;-;-;-;-;-;-;-
99274B3204701;Sykkelstamvegen Forus nord;EV39 S1000D65 m24;2026-08-23T07:00+02:00;2026-08-23T08:00+02:00;2026-08-23;07:00;08:00;Totalt i retning Stavanger;2;100,0;1;1;0;2;0,00;-;-;-;-;-;-;-;-
99274B3204701;Sykkelstamvegen Forus nord;EV39 S1000D65 m24;2026-08-23T07:00+02:00;2026-08-23T08:00+02:00;2026-08-23;07:00;08:00;Totalt;10;100,0;1;1;0;10;0,00;-;-;-;-;-;-;-;-
99274B3204701;Sykkelstamvegen Forus nord;EV39 S1000D65 m24;2026-08-23T08:00+02:00;2026-08-23T09:00+02:00;2026-08-23;08:00;09:00;1;1;100,0;1;1;0;1;0,00;-;-;-;-;-;-;-;-
99274B3204701;Sykkelstamvegen Forus nord;EV39 S1000D65 m24;2026-08-23T08:00+02:00;2026-08-23T09:00+02:00;2026-08-23;08:00;09:00;2;3;100,0;1;1;0;3;0,00;-;-;-;-;-;-;-;-
99274B3204701;Sykkelstamvegen Forus nord;EV39 S1000D65 m24;2026-08-23T08:00+02:00;2026-08-23T09:00+02:00;2026-08-23;08:00;09:00;Totalt i retning Sandnes;1;100,0;1;1;0;1;0,00;-;-;-;-;-;-;-;-
99274B3204701;Sykkelstamvegen Forus nord;EV39 S1000D65 m24;2026-08-23T08:00+02:00;2026-08-23T09:00+02:00;2026-08-23;08:00;09:00;Totalt i retning Stavanger;3;100,0;1;1;0;3;0,00;-;-;-;-;-;-;-;-
99274B3204701;Sykkelstamvegen Forus nord;EV39 S1000D65 m24;2026-08-23T08:00+02:00;2026-08-23T09:00+02:00;2026-08-23;08:00;09:00;Totalt;4;100,0;1;1;0;4;0,00;-;-;-;-;-;-;-;-
99274B3204701;Sykkelstamvegen Forus nord;EV39 S1000D65 m24;2026-08-23T09:00+02:00;2026-08-23T10:00+02:00;2026-08-23;09:00;10:00;1;5;100,0;1;1;0;5;0,00;-;-;-;-;-;-;-;-
99274B3204701;Sykkelstamvegen Forus nord;EV39 S1000D65 m24;2026-08-23T09:00+02:00;2026-08-23T10:00+02:00;2026-08-23;09:00;10:00;2;7;100,0;1;1;0;7;0,00;-;-;-;-;-;-;-;-
99274B3204701;Sykkelstamvegen Forus nord;EV39 S1000D65 m24;2026-08-23T09:00+02:00;2026-08-23T10:00+02:00;2026-08-23;09:00;10:00;Totalt i retning Sandnes;5;100,0;1;1;0;5;0,00;-;-;-;-;-;-;-;-
99274B3204701;Sykkelstamvegen Forus nord;EV39 S1000D65 m24;2026-08-23T09:00+02:00;2026-08-23T10:00+02:00;2026-08-23;09:00;10:00;Totalt i retning Stavanger;7;100,0;1;1;0;7;0,00;-;-;-;-;-;-;-;-
99274B3204701;Sykkelstamvegen Forus nord;EV39 S1000D65 m24;2026-08-23T09:00+02:00;2026-08-23T10:00+02:00;2026-08-23;09:00;10:00;Totalt;12;100,0;1;1;0;12;0,00;-;-;-;-;-;-;-;-
99274B3204701;Sykkelstamvegen Forus nord;EV39 S1000D65 m24;2026-08-23T10:00+02:00;2026-08-23T11:00+02:00;2026-08-23;10:00;11:00;1;18;100,0;1;1;0;18;0,00;-;-;-;-;-;-;-;-
99274B3204701;Sykkelstamvegen Forus nord;EV39 S1000D65 m24;2026-08-23T10:00+02:00;2026-08-23T11:00+02:00;2026-08-23;10:00;11:00;2;14;100,0;1;1;0;14;0,00;-;-;-;-;-;-;-;-
99274B3204701;Sykkelstamvegen Forus nord;EV39 S1000D65 m24;2026-08-23T10:00+02:00;2026-08-23T11:00+02:00;2026-08-23;10:00;11:00;Totalt i retning Sandnes;19;100,0;1;1;0;19;0,00;-;-;-;-;-;-;-;-
99274B3204701;Sykkelstamvegen Forus nord;EV39 S1000D65 m24;2026-08-23T10:00+02:00;2026-08-23T11:00+02:00;2026-08-23;10:00;11:00;Totalt i retning Stavanger;13;100,0;1;1;0;13;0,00;-;-;-;-;-;-;-;-
99274B3204701;Sykkelstamvegen Forus nord;EV39 S1000D65 m24;2026-08-23T10:00+02:00;2026-08-23T11:00+02:00;2026-08-23;10:00;11:00;Totalt;32;100,0;1;1;0;32;0,00;-;-;-;-;-;-;-;-
99274B3204701;Sykkelstamvegen Forus nord;EV39 S1000D65 m24;2026-08-23T11:00+02:00;2026-08-23T12:00+02:00;2026-08-23;11:00;12:00;1;35;100,0;1;1;0;35;0,00;-;-;-;-;-;-;-;-
99274B3204701;Sykkelstamvegen Forus nord;EV39 S1000D65 m24;2026-08-23T11:00+02:00;2026-08-23T12:00+02:00;2026-08-23;11:00;12:00;2;25;100,0;1;1;0;25;0,00;-;-;-;-;-;-;-;-
99274B3204701;Sykkelstamvegen Forus nord;EV39 S1000D65 m24;2026-08-23T11:00+02:00;2026-08-23T12:00+02:00;2026-08-23;11:00;12:00;Totalt i retning Sandnes;36;100,0;1;1;0;36;0,00;-;-;-;-;-;-;-;-
99274B3204701;Sykkelstamvegen Forus nord;EV39 S1000D65 m24;2026-08-23T11:00+02:00;2026-08-23T12:00+02:00;2026-08-23;11:00;12:00;Totalt i retning Stavanger;24;100,0;1;1;0;24;0,00;-;-;-;-;-;-;-;-
99274B3204701;Sykkelstamvegen Forus nord;EV39 S1000D65 m24;2026-08-23T11:00+02:00;2026-08-23T12:00+02:00;2026-08-23;11:00;12:00;Totalt;60;100,0;1;1;0;60;0,00;-;-;-;-;-;-;-;-
99274B3204701;Sykkelstamvegen Forus nord;EV39 S1000D65 m24;2026-08-23T12:00+02:00;2026-08-23T13:00+02:00;2026-08-23;12:00;13:00;1;22;100,0;1;1;0;22;0,00;-;-;-;-;-;-;-;-
99274B3204701;Sykkelstamvegen Forus nord;EV39 S1000D65 m24;2026-08-23T12:00+02:00;2026-08-23T13:00+02:00;2026-08-23;12:00;13:00;2;30;100,0;1;1;0;30;0,00;-;-;-;-;-;-;-;-
99274B3204701;Sykkelstamvegen Forus nord;EV39 S1000D65 m24;2026-08-23T12:00+02:00;2026-08-23T13:00+02:00;2026-08-23;12:00;13:00;Totalt i retning Sandnes;23;100,0;1;1;0;23;0,00;-;-;-;-;-;-;-;-
99274B3204701;Sykkelstamvegen Forus nord;EV39 S1000D65 m24;2026-08-23T12:00+02:00;2026-08-23T13:00+02:00;2026-08-23;12:00;13:00;Totalt i retning Stavanger;29;100,0;1;1;0;29;0,00;-;-;-;-;-;-;-;-
99274B3204701;Sykkelstamvegen Forus nord;EV39 S1000D65 m24;2026-08-23T12:00+02:00;2026-08-23T13:00+02:00;2026-08-23;12:00;13:00;Totalt;52;100,0;1;1;0;52;0,00;-;-;-;-;-;-;-;-
99274B3204701;Sykkelstamvegen Forus nord;EV39 S1000D65 m24;2026-08-23T13:00+02:00;2026-08-23T14:00+02:00;2026-08-23;13:00;14:00;1;24;100,0;1;1;0;24;0,00;-;-;-;-;-;-;-;-
99274B3204701;Sykkelstamvegen Forus nord;EV39 S1000D65 m24;2026-08-23T13:00+02:00;2026-08-23T14:00+02:00;2026-08-23;13:00;14:00;2;36;100,0;1;1;0;36;0,00;-;-;-;-;-;-;-;-
99274B3204701;Sykkelstamvegen Forus nord;EV39 S1000D65 m24;2026-08-23T13:00+02:00;2026-08-23T14:00+02:00;2026-08-23;13:00;14:00;Totalt i retning Sandnes;22;100,0;1;1;0;22;0,00;-;-;-;-;-;-;-;-
99274B3204701;Sykkelstamvegen Forus nord;EV39 S1000D65 m24;2026-08-23T13:00+02:00;2026-08-23T14:00+02:00;2026-08-23;13:00;14:00;Totalt i retning Stavanger;38;100,0;1;1;0;38;0,00;-;-;-;-;-;-;-;-
99274B3204701;Sykkelstamvegen Forus nord;EV39 S1000D65 m24;2026-08-23T13:00+02:00;2026-08-23T14:00+02:00;2026-08-23;13:00;14:00;Totalt;60;100,0;1;1;0;60;0,00;-;-;-;-;-;-;-;-
99274B3204701;Sykkelstamvegen Forus nord;EV39 S1000D65 m24;2026-08-23T14:00+02:00;2026-08-23T15:00+02:00;2026-08-23;14:00;15:00;1;51;100,0;1;1;0;51;0,00;-;-;-;-;-;-;-;-
99274B3204701;Sykkelstamvegen Forus nord;EV39 S1000D65 m24;2026-08-23T14:00+02:00;2026-08-23T15:00+02:00;2026-08-23;14:00;15:00;2;42;100,0;1;1;0;42;0,00;-;-;-;-;-;-;-;-
99274B3204701;Sykkelstamvegen Forus nord;EV39 S1000D65 m24;2026-08-23T14:00+02:00;2026-08-23T15:00+02:00;2026-08-23;14:00;15:00;Totalt i retning Sandnes;50;100,0;1;1;0;50;0,00;-;-;-;-;-;-;-;-
99274B3204701;Sykkelstamvegen Forus nord;EV39 S1000D65 m24;2026-08-23T14:00+02:00;2026-08-23T15:00+02:00;2026-08-23;14:00;15:00;Totalt i retning Stavanger;43;100,0;1;1;0;43;0,00;-;-;-;-;-;-;-;-
99274B3204701;Sykkelstamvegen Forus nord;EV39 S1000D65 m24;2026-08-23T14:00+02:00;2026-08-23T15:00+02:00;2026-08-23;14:00;15:00;Totalt;93;100,0;1;1;0;93;0,00;-;-;-;-;-;-;-;-
99274B3204701;Sykkelstamvegen Forus nord;EV39 S1000D65 m24;2026-08-23T15:00+02:00;2026-08-23T16:00+02:00;2026-08-23;15:00;16:00;1;17;100,0;1;1;0;17;0,00;-;-;-;-;-;-;-;-
99274B3204701;Sykkelstamvegen Forus nord;EV39 S1000D65 m24;2026-08-23T15:00+02:00;2026-08-23T16:00+02:00;2026-08-23;15:00;16:00;2;20;100,0;1;1;0;20;0,00;-;-;-;-;-;-;-;-
99274B3204701;Sykkelstamvegen Forus nord;EV39 S1000D65 m24;2026-08-23T15:00+02:00;2026-08-23T16:00+02:00;2026-08-23;15:00;16:00;Totalt i retning Sandnes;17;100,0;1;1;0;17;0,00;-;-;-;-;-;-;-;-
99274B3204701;Sykkelstamvegen Forus nord;EV39 S1000D65 m24;2026-08-23T15:00+02:00;2026-08-23T16:00+02:00;2026-08-23;15:00;16:00;Totalt i retning Stavanger;20;100,0;1;1;0;20;0,00;-;-;-;-;-;-;-;-
99274B3204701;Sykkelstamvegen Forus nord;EV39 S1000D65 m24;2026-08-23T15:00+02:00;2026-08-23T16:00+02:00;2026-08-23;15:00;16:00;Totalt;37;100,0;1;1;0;37;0,00;-;-;-;-;-;-;-;-
99274B3204701;Sykkelstamvegen Forus nord;EV39 S1000D65 m24;2026-08-23T16:00+02:00;2026-08-23T17:00+02:00;2026-08-23;16:00;17:00;1;18;100,0;1;1;0;18;0,00;-;-;-;-;-;-;-;-
99274B3204701;Sykkelstamvegen Forus nord;EV39 S1000D65 m24;2026-08-23T16:00+02:00;2026-08-23T17:00+02:00;2026-08-23;16:00;17:00;2;18;100,0;1;1;0;18;0,00;-;-;-;-;-;-;-;-
99274B3204701;Sykkelstamvegen Forus nord;EV39 S1000D65 m24;2026-08-23T16:00+02:00;2026-08-23T17:00+02:00;2026-08-23;16:00;17:00;Totalt i retning Sandnes;18;100,0;1;1;0;18;0,00;-;-;-;-;-;-;-;-
99274B3204701;Sykkelstamvegen Forus nord;EV39 S1000D65 m24;2026-08-23T16:00+02:00;2026-08-23T17:00+02:00;2026-08-23;16:00;17:00;Totalt i retning Stavanger;18;100,0;1;1;0;18;0,00;-;-;-;-;-;-;-;-
99274B3204701;Sykkelstamvegen Forus nord;EV39 S1000D65 m24;2026-08-23T16:00+02:00;2026-08-23T17:00+02:00;2026-08-23;16:00;17:00;Totalt;36;100,0;1;1;0;36;0,00;-;-;-;-;-;-;-;-
99274B3204701;Sykkelstamvegen Forus nord;EV39 S1000D65 m24;2026-08-23T17:00+02:00;2026-08-23T18:00+02:00;2026-08-23;17:00;18:00;1;12;100,0;1;1;0;12;0,00;-;-;-;-;-;-;-;-
99274B3204701;Sykkelstamvegen Forus nord;EV39 S1000D65 m24;2026-08-23T17:00+02:00;2026-08-23T18:00+02:00;2026-08-23;17:00;18:00;2;14;100,0;1;1;0;14;0,00;-;-;-;-;-;-;-;-
99274B3204701;Sykkelstamvegen Forus nord;EV39 S1000D65 m24;2026-08-23T17:00+02:00;2026-08-23T18:00+02:00;2026-08-23;17:00;18:00;Totalt i retning Sandnes;11;100,0;1;1;0;11;0,00;-;-;-;-;-;-;-;-
99274B3204701;Sykkelstamvegen Forus nord;EV39 S1000D65 m24;2026-08-23T17:00+02:00;2026-08-23T18:00+02:00;2026-08-23;17:00;18:00;Totalt i retning Stavanger;15;100,0;1;1;0;15;0,00;-;-;-;-;-;-;-;-
99274B3204701;Sykkelstamvegen Forus nord;EV39 S1000D65 m24;2026-08-23T17:00+02:00;2026-08-23T18:00+02:00;2026-08-23;17:00;18:00;Totalt;26;100,0;1;1;0;26;0,00;-;-;-;-;-;-;-;-
99274B3204701;Sykkelstamvegen Forus nord;EV39 S1000D65 m24;2026-08-23T18:00+02:00;2026-08-23T19:00+02:00;2026-08-23;18:00;19:00;1;13;100,0;1;1;0;13;0,00;-;-;-;-;-;-;-;-
99274B3204701;Sykkelstamvegen Forus nord;EV39 S1000D65 m24;2026-08-23T18:00+02:00;2026-08-23T19:00+02:00;2026-08-23;18:00;19:00;2;19;100,0;1;1;0;19;0,00;-;-;-;-;-;-;-;-
99274B3204701;Sykkelstamvegen Forus nord;EV39 S1000D65 m24;2026-08-23T18:00+02:00;2026-08-23T19:00+02:00;2026-08-23;18:00;19:00;Totalt i retning Sandnes;13;100,0;1;1;0;13;0,00;-;-;-;-;-;-;-;-
99274B3204701;Sykkelstamvegen Forus nord;EV39 S1000D65 m24;2026-08-23T18:00+02:00;2026-08-23T19:00+02:00;2026-08-23;18:00;19:00;Totalt i retning Stavanger;19;100,0;1;1;0;19;0,00;-;-;-;-;-;-;-;-
99274B3204701;Sykkelstamvegen Forus nord;EV39 S1000D65 m24;2026-08-23T18:00+02:00;2026-08-23T19:00+02:00;2026-08-23;18:00;19:00;Totalt;32;100,0;1;1;0;32;0,00;-;-;-;-;-;-;-;-
99274B3204701;Sykkelstamvegen Forus nord;EV39 S1000D65 m24;2026-08-23T19:00+02:00;2026-08-23T20:00+02:00;2026-08-23;19:00;20:00;1;25;100,0;1;1;0;25;0,00;-;-;-;-;-;-;-;-
99274B3204701;Sykkelstamvegen Forus nord;EV39 S1000D65 m24;2026-08-23T19:00+02:00;2026-08-23T20:00+02:00;2026-08-23;19:00;20:00;2;13;100,0;1;1;0;13;0,00;-;-;-;-;-;-;-;-
99274B3204701;Sykkelstamvegen Forus nord;EV39 S1000D65 m24;2026-08-23T19:00+02:00;2026-08-23T20:00+02:00;2026-08-23;19:00;20:00;Totalt i retning Sandnes;25;100,0;1;1;0;25;0,00;-;-;-;-;-;-;-;-
99274B3204701;Sykkelstamvegen Forus nord;EV39 S1000D65 m24;2026-08-23T19:00+02:00;2026-08-23T20:00+02:00;2026-08-23;19:00;20:00;Totalt i retning Stavanger;13;100,0;1;1;0;13;0,00;-;-;-;-;-;-;-;-
99274B3204701;Sykkelstamvegen Forus nord;EV39 S1000D65 m24;2026-08-23T19:00+02:00;2026-08-23T20:00+02:00;2026-08-23;19:00;20:00;Totalt;38;100,0;1;1;0;38;0,00;-;-;-;-;-;-;-;-
99274B3204701;Sykkelstamvegen Forus nord;EV39 S1000D65 m24;2026-08-23T20:00+02:00;2026-08-23T21:00+02:00;2026-08-23;20:00;21:00;1;7;100,0;1;1;0;7;0,00;-;-;-;-;-;-;-;-
99274B3204701;Sykkelstamvegen Forus nord;EV39 S1000D65 m24;2026-08-23T20:00+02:00;2026-08-23T21:00+02:00;2026-08-23;20:00;21:00;2;9;100,0;1;1;0;9;0,00;-;-;-;-;-;-;-;-
99274B3204701;Sykkelstamvegen Forus nord;EV39 S1000D65 m24;2026-08-23T20:00+02:00;2026-08-23T21:00+02:00;2026-08-23;20:00;21:00;Totalt i retning Sandnes;7;100,0;1;1;0;7;0,00;-;-;-;-;-;-;-;-
99274B3204701;Sykkelstamvegen Forus nord;EV39 S1000D65 m24;2026-08-23T20:00+02:00;2026-08-23T21:00+02:00;2026-08-23;20:00;21:00;Totalt i retning Stavanger;9;100,0;1;1;0;9;0,00;-;-;-;-;-;-;-;-
99274B3204701;Sykkelstamvegen Forus nord;EV39 S1000D65 m24;2026-08-23T20:00+02:00;2026-08-23T21:00+02:00;2026-08-23;20:00;21:00;Totalt;16;100,0;1;1;0;16;0,00;-;-;-;-;-;-;-;-
99274B3204701;Sykkelstamvegen Forus nord;EV39 S1000D65 m24;2026-08-23T21:00+02:00;2026-08-23T22:00+02:00;2026-08-23;21:00;22:00;1;4;100,0;1;1;0;4;0,00;-;-;-;-;-;-;-;-
99274B3204701;Sykkelstamvegen Forus nord;EV39 S1000D65 m24;2026-08-23T21:00+02:00;2026-08-23T22:00+02:00;2026-08-23;21:00;22:00;2;2;100,0;1;1;0;2;0,00;-;-;-;-;-;-;-;-
99274B3204701;Sykkelstamvegen Forus nord;EV39 S1000D65 m24;2026-08-23T21:00+02:00;2026-08-23T22:00+02:00;2026-08-23;21:00;22:00;Totalt i retning Sandnes;3;100,0;1;1;0;3;0,00;-;-;-;-;-;-;-;-
99274B3204701;Sykkelstamvegen Forus nord;EV39 S1000D65 m24;2026-08-23T21:00+02:00;2026-08-23T22:00+02:00;2026-08-23;21:00;22:00;Totalt i retning Stavanger;3;100,0;1;1;0;3;0,00;-;-;-;-;-;-;-;-
99274B3204701;Sykkelstamvegen Forus nord;EV39 S1000D65 m24;2026-08-23T21:00+02:00;2026-08-23T22:00+02:00;2026-08-23;21:00;22:00;Totalt;6;100,0;1;1;0;6;0,00;-;-;-;-;-;-;-;-
99274B3204701;Sykkelstamvegen Forus nord;EV39 S1000D65 m24;2026-08-23T22:00+02:00;2026-08-23T23:00+02:00;2026-08-23;22:00;23:00;1;0;100,0;1;1;0;0;100,00;-;-;-;-;-;-;-;-
99274B3204701;Sykkelstamvegen Forus nord;EV39 S1000D65 m24;2026-08-23T22:00+02:00;2026-08-23T23:00+02:00;2026-08-23;22:00;23:00;2;4;100,0;1;1;0;4;0,00;-;-;-;-;-;-;-;-
99274B3204701;Sykkelstamvegen Forus nord;EV39 S1000D65 m24;2026-08-23T22:00+02:00;2026-08-23T23:00+02:00;2026-08-23;22:00;23:00;Totalt i retning Sandnes;0;100,0;1;1;0;0;100,00;-;-;-;-;-;-;-;-
99274B3204701;Sykkelstamvegen Forus nord;EV39 S1000D65 m24;2026-08-23T22:00+02:00;2026-08-23T23:00+02:00;2026-08-23;22:00;23:00;Totalt i retning Stavanger;4;100,0;1;1;0;4;0,00;-;-;-;-;-;-;-;-
99274B3204701;Sykkelstamvegen Forus nord;EV39 S1000D65 m24;2026-08-23T22:00+02:00;2026-08-23T23:00+02:00;2026-08-23;22:00;23:00;Totalt;4;100,0;1;1;0;4;0,00;-;-;-;-;-;-;-;-
99274B3204701;Sykkelstamvegen Forus nord;EV39 S1000D65 m24;2026-08-23T23:00+02:00;2026-08-24T00:00+02:00;2026-08-23;23:00;00:00;1;2;100,0;1;1;0;2;0,00;-;-;-;-;-;-;-;-
99274B3204701;Sykkelstamvegen Forus nord;EV39 S1000D65 m24;2026-08-23T23:00+02:00;2026-08-24T00:00+02:00;2026-08-23;23:00;00:00;2;0;100,0;1;1;0;0;100,00;-;-;-;-;-;-;-;-
99274B3204701;Sykkelstamvegen Forus nord;EV39 S1000D65 m24;2026-08-23T23:00+02:00;2026-08-24T00:00+02:00;2026-08-23;23:00;00:00;Totalt i retning Sandnes;2;100,0;1;1;0;2;0,00;-;-;-;-;-;-;-;-
99274B3204701;Sykkelstamvegen Forus nord;EV39 S1000D65 m24;2026-08-23T23:00+02:00;2026-08-24T00:00+02:00;2026-08-23;23:00;00:00;Totalt i retning Stavanger;0;100,0;1;1;0;0;100,00;-;-;-;-;-;-;-;-
99274B3204701;Sykkelstamvegen Forus nord;EV39 S1000D65 m24;2026-08-23T23:00+02:00;2026-08-24T00:00+02:00;2026-08-23;23:00;00:00;Totalt;2;100,0;1;1;0;2;0,00;-;-;-;-;-;-;-;-
99274B3204701;Sykkelstamvegen Forus nord;EV39 S1000D65 m24;2026-08-24T00:00+02:00;2026-08-24T01:00+02:00;2026-08-24;00:00;01:00;1;0;100,0;1;1;0;0;100,00;-;-;-;-;-;-;-;-
99274B3204701;Sykkelstamvegen Forus nord;EV39 S1000D65 m24;2026-08-24T00:00+02:00;2026-08-24T01:00+02:00;2026-08-24;00:00;01:00;2;0;100,0;1;1;0;0;100,00;-;-;-;-;-;-;-;-
99274B3204701;Sykkelstamvegen Forus nord;EV39 S1000D65 m24;2026-08-24T00:00+02:00;2026-08-24T01:00+02:00;2026-08-24;00:00;01:00;Totalt i retning Sandnes;0;100,0;1;1;0;0;100,00;-;-;-;-;-;-;-;-
99274B3204701;Sykkelstamvegen Forus nord;EV39 S1000D65 m24;2026-08-24T00:00+02:00;2026-08-24T01:00+02:00;2026-08-24;00:00;01:00;Totalt i retning Stavanger;0;100,0;1;1;0;0;100,00;-;-;-;-;-;-;-;-
99274B3204701;Sykkelstamvegen Forus nord;EV39 S1000D65 m24;2026-08-24T00:00+02:00;2026-08-24T01:00+02:00;2026-08-24;00:00;01:00;Totalt;0;100,0;1;1;0;0;100,00;-;-;-;-;-;-;-;-
99274B3204701;Sykkelstamvegen Forus nord;EV39 S1000D65 m24;2026-08-24T01:00+02:00;2026-08-24T02:00+02:00;2026-08-24;01:00;02:00;1;0;100,0;1;1;0;0;100,00;-;-;-;-;-;-;-;-
99274B3204701;Sykkelstamvegen Forus nord;EV39 S1000D65 m24;2026-08-24T01:00+02:00;2026-08-24T02:00+02:00;2026-08-24;01:00;02:00;2;0;100,0;1;1;0;0;100,00;-;-;-;-;-;-;-;-
99274B3204701;Sykkelstamvegen Forus nord;EV39 S1000D65 m24;2026-08-24T01:00+02:00;2026-08-24T02:00+02:00;2026-08-24;01:00;02:00;Totalt i retning Sandnes;0;100,0;1;1;0;0;100,00;-;-;-;-;-;-;-;-
99274B3204701;Sykkelstamvegen Forus nord;EV39 S1000D65 m24;2026-08-24T01:00+02:00;2026-08-24T02:00+02:00;2026-08-24;01:00;02:00;Totalt i retning Stavanger;0;100,0;1;1;0;0;100,00;-;-;-;-;-;-;-;-
99274B3204701;Sykkelstamvegen Forus nord;EV39 S1000D65 m24;2026-08-24T01:00+02:00;2026-08-24T02:00+02:00;2026-08-24;01:00;02:00;Totalt;0;100,0;1;1;0;0;100,00;-;-;-;-;-;-;-;-
99274B3204701;Sykkelstamvegen Forus nord;EV39 S1000D65 m24;2026-08-24T02:00+02:00;2026-08-24T03:00+02:00;2026-08-24;02:00;03:00;1;0;100,0;1;1;0;0;100,00;-;-;-;-;-;-;-;-
99274B3204701;Sykkelstamvegen Forus nord;EV39 S1000D65 m24;2026-08-24T02:00+02:00;2026-08-24T03:00+02:00;2026-08-24;02:00;03:00;2;0;100,0;1;1;0;0;100,00;-;-;-;-;-;-;-;-
99274B3204701;Sykkelstamvegen Forus nord;EV39 S1000D65 m24;2026-08-24T02:00+02:00;2026-08-24T03:00+02:00;2026-08-24;02:00;03:00;Totalt i retning Sandnes;0;100,0;1;1;0;0;100,00;-;-;-;-;-;-;-;-
99274B3204701;Sykkelstamvegen Forus nord;EV39 S1000D65 m24;2026-08-24T02:00+02:00;2026-08-24T03:00+02:00;2026-08-24;02:00;03:00;Totalt i retning Stavanger;0;100,0;1;1;0;0;100,00;-;-;-;-;-;-;-;-
99274B3204701;Sykkelstamvegen Forus nord;EV39 S1000D65 m24;2026-08-24T02:00+02:00;2026-08-24T03:00+02:00;2026-08-24;02:00;03:00;Totalt;0;100,0;1;1;0;0;100,00;-;-;-;-;-;-;-;-
99274B3204701;Sykkelstamvegen Forus nord;EV39 S1000D65 m24;2026-08-24T03:00+02:00;2026-08-24T04:00+02:00;2026-08-24;03:00;04:00;1;0;100,0;1;1;0;0;100,00;-;-;-;-;-;-;-;-
99274B3204701;Sykkelstamvegen Forus nord;EV39 S1000D65 m24;2026-08-24T03:00+02:00;2026-08-24T04:00+02:00;2026-08-24;03:00;04:00;2;0;100,0;1;1;0;0;100,00;-;-;-;-;-;-;-;-
99274B3204701;Sykkelstamvegen Forus nord;EV39 S1000D65 m24;2026-08-24T03:00+02:00;2026-08-24T04:00+02:00;2026-08-24;03:00;04:00;Totalt i retning Sandnes;0;100,0;1;1;0;0;100,00;-;-;-;-;-;-;-;-
99274B3204701;Sykkelstamvegen Forus nord;EV39 S1000D65 m24;2026-08-24T03:00+02:00;2026-08-24T04:00+02:00;2026-08-24;03:00;04:00;Totalt i retning Stavanger;0;100,0;1;1;0;0;100,00;-;-;-;-;-;-;-;-
99274B3204701;Sykkelstamvegen Forus nord;EV39 S1000D65 m24;2026-08-24T03:00+02:00;2026-08-24T04:00+02:00;2026-08-24;03:00;04:00;Totalt;0;100,0;1;1;0;0;100,00;-;-;-;-;-;-;-;-
99274B3204701;Sykkelstamvegen Forus nord;EV39 S1000D65 m24;2026-08-24T04:00+02:00;2026-08-24T05:00+02:00;2026-08-24;04:00;05:00;1;0;100,0;1;1;0;0;100,00;-;-;-;-;-;-;-;-
99274B3204701;Sykkelstamvegen Forus nord;EV39 S1000D65 m24;2026-08-24T04:00+02:00;2026-08-24T05:00+02:00;2026-08-24;04:00;05:00;2;0;100,0;1;1;0;0;100,00;-;-;-;-;-;-;-;-
99274B3204701;Sykkelstamvegen Forus nord;EV39 S1000D65 m24;2026-08-24T04:00+02:00;2026-08-24T05:00+02:00;2026-08-24;04:00;05:00;Totalt i retning Sandnes;0;100,0;1;1;0;0;100,00;-;-;-;-;-;-;-;-
99274B3204701;Sykkelstamvegen Forus nord;EV39 S1000D65 m24;2026-08-24T04:00+02:00;2026-08-24T05:00+02:00;2026-08-24;04:00;05:00;Totalt i retning Stavanger;0;100,0;1;1;0;0;100,00;-;-;-;-;-;-;-;-
99274B3204701;Sykkelstamvegen Forus nord;EV39 S1000D65 m24;2026-08-24T04:00+02:00;2026-08-24T05:00+02:00;2026-08-24;04:00;05:00;Totalt;0;100,0;1;1;0;0;100,00;-;-;-;-;-;-;-;-
99274B3204701;Sykkelstamvegen Forus nord;EV39 S1000D65 m24;2026-08-24T05:00+02:00;2026-08-24T06:00+02:00;2026-08-24;05:00;06:00;1;5;100,0;1;1;0;5;0,00;-;-;-;-;-;-;-;-
99274B3204701;Sykkelstamvegen Forus nord;EV39 S1000D65 m24;2026-08-24T05:00+02:00;2026-08-24T06:00+02:00;2026-08-24;05:00;06:00;2;13;100,0;1;1;0;13;0,00;-;-;-;-;-;-;-;-
99274B3204701;Sykkelstamvegen Forus nord;EV39 S1000D65 m24;2026-08-24T05:00+02:00;2026-08-24T06:00+02:00;2026-08-24;05:00;06:00;Totalt i retning Sandnes;5;100,0;1;1;0;5;0,00;-;-;-;-;-;-;-;-
99274B3204701;Sykkelstamvegen Forus nord;EV39 S1000D65 m24;2026-08-24T05:00+02:00;2026-08-24T06:00+02:00;2026-08-24;05:00;06:00;Totalt i retning Stavanger;13;100,0;1;1;0;13;0,00;-;-;-;-;-;-;-;-
99274B3204701;Sykkelstamvegen Forus nord;EV39 S1000D65 m24;2026-08-24T05:00+02:00;2026-08-24T06:00+02:00;2026-08-24;05:00;06:00;Totalt;18;100,0;1;1;0;18;0,00;-;-;-;-;-;-;-;-
99274B3204701;Sykkelstamvegen Forus nord;EV39 S1000D65 m24;2026-08-24T06:00+02:00;2026-08-24T07:00+02:00;2026-08-24;06:00;07:00;1;27;100,0;1;1;0;27;0,00;-;-;-;-;-;-;-;-
99274B3204701;Sykkelstamvegen Forus nord;EV39 S1000D65 m24;2026-08-24T06:00+02:00;2026-08-24T07:00+02:00;2026-08-24;06:00;07:00;2;81;100,0;1;1;0;81;0,00;-;-;-;-;-;-;-;-
99274B3204701;Sykkelstamvegen Forus nord;EV39 S1000D65 m24;2026-08-24T06:00+02:00;2026-08-24T07:00+02:00;2026-08-24;06:00;07:00;Totalt i retning Sandnes;27;100,0;1;1;0;27;0,00;-;-;-;-;-;-;-;-
99274B3204701;Sykkelstamvegen Forus nord;EV39 S1000D65 m24;2026-08-24T06:00+02:00;2026-08-24T07:00+02:00;2026-08-24;06:00;07:00;Totalt i retning Stavanger;81;100,0;1;1;0;81;0,00;-;-;-;-;-;-;-;-
99274B3204701;Sykkelstamvegen Forus nord;EV39 S1000D65 m24;2026-08-24T06:00+02:00;2026-08-24T07:00+02:00;2026-08-24;06:00;07:00;Totalt;108;100,0;1;1;0;108;0,00;-;-;-;-;-;-;-;-
99274B3204701;Sykkelstamvegen Forus nord;EV39 S1000D65 m24;2026-08-24T07:00+02:00;2026-08-24T08:00+02:00;2026-08-24;07:00;08:00;1;58;100,0;1;1;0;58;0,00;-;-;-;-;-;-;-;-
99274B3204701;Sykkelstamvegen Forus nord;EV39 S1000D65 m24;2026-08-24T07:00+02:00;2026-08-24T08:00+02:00;2026-08-24;07:00;08:00;2;142;100,0;1;1;0;142;0,00;-;-;-;-;-;-;-;-
99274B3204701;Sykkelstamvegen Forus nord;EV39 S1000D65 m24;2026-08-24T07:00+02:00;2026-08-24T08:00+02:00;2026-08-24;07:00;08:00;Totalt i retning Sandnes;59;100,0;1;1;0;59;0,00;-;-;-;-;-;-;-;-
99274B3204701;Sykkelstamvegen Forus nord;EV39 S1000D65 m24;2026-08-24T07:00+02:00;2026-08-24T08:00+02:00;2026-08-24;07:00;08:00;Totalt i retning Stavanger;141;100,0;1;1;0;141;0,00;-;-;-;-;-;-;-;-
99274B3204701;Sykkelstamvegen Forus nord;EV39 S1000D65 m24;2026-08-24T07:00+02:00;2026-08-24T08:00+02:00;2026-08-24;07:00;08:00;Totalt;200;100,0;1;1;0;200;0,00;-;-;-;-;-;-;-;-
99274B3204701;Sykkelstamvegen Forus nord;EV39 S1000D65 m24;2026-08-24T08:00+02:00;2026-08-24T09:00+02:00;2026-08-24;08:00;09:00;1;37;100,0;1;1;0;37;0,00;-;-;-;-;-;-;-;-
99274B3204701;Sykkelstamvegen Forus nord;EV39 S1000D65 m24;2026-08-24T08:00+02:00;2026-08-24T09:00+02:00;2026-08-24;08:00;09:00;2;72;100,0;1;1;0;72;0,00;-;-;-;-;-;-;-;-
99274B3204701;Sykkelstamvegen Forus nord;EV39 S1000D65 m24;2026-08-24T08:00+02:00;2026-08-24T09:00+02:00;2026-08-24;08:00;09:00;Totalt i retning Sandnes;38;100,0;1;1;0;38;0,00;-;-;-;-;-;-;-;-
99274B3204701;Sykkelstamvegen Forus nord;EV39 S1000D65 m24;2026-08-24T08:00+02:00;2026-08-24T09:00+02:00;2026-08-24;08:00;09:00;Totalt i retning Stavanger;71;100,0;1;1;0;71;0,00;-;-;-;-;-;-;-;-
99274B3204701;Sykkelstamvegen Forus nord;EV39 S1000D65 m24;2026-08-24T08:00+02:00;2026-08-24T09:00+02:00;2026-08-24;08:00;09:00;Totalt;109;100,0;1;1;0;109;0,00;-;-;-;-;-;-;-;-
99274B3204701;Sykkelstamvegen Forus nord;EV39 S1000D65 m24;2026-08-24T09:00+02:00;2026-08-24T10:00+02:00;2026-08-24;09:00;10:00;1;16;100,0;1;1;0;16;0,00;-;-;-;-;-;-;-;-
99274B3204701;Sykkelstamvegen Forus nord;EV39 S1000D65 m24;2026-08-24T09:00+02:00;2026-08-24T10:00+02:00;2026-08-24;09:00;10:00;2;17;100,0;1;1;0;17;0,00;-;-;-;-;-;-;-;-
99274B3204701;Sykkelstamvegen Forus nord;EV39 S1000D65 m24;2026-08-24T09:00+02:00;2026-08-24T10:00+02:00;2026-08-24;09:00;10:00;Totalt i retning Sandnes;16;100,0;1;1;0;16;0,00;-;-;-;-;-;-;-;-
99274B3204701;Sykkelstamvegen Forus nord;EV39 S1000D65 m24;2026-08-24T09:00+02:00;2026-08-24T10:00+02:00;2026-08-24;09:00;10:00;Totalt i retning Stavanger;17;100,0;1;1;0;17;0,00;-;-;-;-;-;-;-;-
99274B3204701;Sykkelstamvegen Forus nord;EV39 S1000D65 m24;2026-08-24T09:00+02:00;2026-08-24T10:00+02:00;2026-08-24;09:00;10:00;Totalt;33;100,0;1;1;0;33;0,00;-;-;-;-;-;-;-;-
99274B3204701;Sykkelstamvegen Forus nord;EV39 S1000D65 m24;2026-08-24T10:00+02:00;2026-08-24T11:00+02:00;2026-08-24;10:00;11:00;1;13;100,0;1;1;0;13;0,00;-;-;-;-;-;-;-;-
99274B3204701;Sykkelstamvegen Forus nord;EV39 S1000D65 m24;2026-08-24T10:00+02:00;2026-08-24T11:00+02:00;2026-08-24;10:00;11:00;2;21;100,0;1;1;0;21;0,00;-;-;-;-;-;-;-;-
99274B3204701;Sykkelstamvegen Forus nord;EV39 S1000D65 m24;2026-08-24T10:00+02:00;2026-08-24T11:00+02:00;2026-08-24;10:00;11:00;Totalt i retning Sandnes;11;100,0;1;1;0;11;0,00;-;-;-;-;-;-;-;-
99274B3204701;Sykkelstamvegen Forus nord;EV39 S1000D65 m24;2026-08-24T10:00+02:00;2026-08-24T11:00+02:00;2026-08-24;10:00;11:00;Totalt i retning Stavanger;23;100,0;1;1;0;23;0,00;-;-;-;-;-;-;-;-
99274B3204701;Sykkelstamvegen Forus nord;EV39 S1000D65 m24;2026-08-24T10:00+02:00;2026-08-24T11:00+02:00;2026-08-24;10:00;11:00;Totalt;34;100,0;1;1;0;34;0,00;-;-;-;-;-;-;-;-
99274B3204701;Sykkelstamvegen Forus nord;EV39 S1000D65 m24;2026-08-24T11:00+02:00;2026-08-24T12:00+02:00;2026-08-24;11:00;12:00;1;14;100,0;1;1;0;14;0,00;-;-;-;-;-;-;-;-
99274B3204701;Sykkelstamvegen Forus nord;EV39 S1000D65 m24;2026-08-24T11:00+02:00;2026-08-24T12:00+02:00;2026-08-24;11:00;12:00;2;10;100,0;1;1;0;10;0,00;-;-;-;-;-;-;-;-
99274B3204701;Sykkelstamvegen Forus nord;EV39 S1000D65 m24;2026-08-24T11:00+02:00;2026-08-24T12:00+02:00;2026-08-24;11:00;12:00;Totalt i retning Sandnes;14;100,0;1;1;0;14;0,00;-;-;-;-;-;-;-;-
99274B3204701;Sykkelstamvegen Forus nord;EV39 S1000D65 m24;2026-08-24T11:00+02:00;2026-08-24T12:00+02:00;2026-08-24;11:00;12:00;Totalt i retning Stavanger;10;100,0;1;1;0;10;0,00;-;-;-;-;-;-;-;-
99274B3204701;Sykkelstamvegen Forus nord;EV39 S1000D65 m24;2026-08-24T11:00+02:00;2026-08-24T12:00+02:00;2026-08-24;11:00;12:00;Totalt;24;100,0;1;1;0;24;0,00;-;-;-;-;-;-;-;-
99274B3204701;Sykkelstamvegen Forus nord;EV39 S1000D65 m24;2026-08-24T12:00+02:00;2026-08-24T13:00+02:00;2026-08-24;12:00;13:00;1;17;100,0;1;1;0;17;0,00;-;-;-;-;-;-;-;-
99274B3204701;Sykkelstamvegen Forus nord;EV39 S1000D65 m24;2026-08-24T12:00+02:00;2026-08-24T13:00+02:00;2026-08-24;12:00;13:00;2;20;100,0;1;1;0;20;0,00;-;-;-;-;-;-;-;-
99274B3204701;Sykkelstamvegen Forus nord;EV39 S1000D65 m24;2026-08-24T12:00+02:00;2026-08-24T13:00+02:00;2026-08-24;12:00;13:00;Totalt i retning Sandnes;17;100,0;1;1;0;17;0,00;-;-;-;-;-;-;-;-
99274B3204701;Sykkelstamvegen Forus nord;EV39 S1000D65 m24;2026-08-24T12:00+02:00;2026-08-24T13:00+02:00;2026-08-24;12:00;13:00;Totalt i retning Stavanger;20;100,0;1;1;0;20;0,00;-;-;-;-;-;-;-;-
99274B3204701;Sykkelstamvegen Forus nord;EV39 S1000D65 m24;2026-08-24T12:00+02:00;2026-08-24T13:00+02:00;2026-08-24;12:00;13:00;Totalt;37;100,0;1;1;0;37;0,00;-;-;-;-;-;-;-;-
99274B3204701;Sykkelstamvegen Forus nord;EV39 S1000D65 m24;2026-08-24T13:00+02:00;2026-08-24T14:00+02:00;2026-08-24;13:00;14:00;1;21;100,0;1;1;0;21;0,00;-;-;-;-;-;-;-;-
99274B3204701;Sykkelstamvegen Forus nord;EV39 S1000D65 m24;2026-08-24T13:00+02:00;2026-08-24T14:00+02:00;2026-08-24;13:00;14:00;2;14;100,0;1;1;0;14;0,00;-;-;-;-;-;-;-;-
99274B3204701;Sykkelstamvegen Forus nord;EV39 S1000D65 m24;2026-08-24T13:00+02:00;2026-08-24T14:00+02:00;2026-08-24;13:00;14:00;Totalt i retning Sandnes;21;100,0;1;1;0;21;0,00;-;-;-;-;-;-;-;-
99274B3204701;Sykkelstamvegen Forus nord;EV39 S1000D65 m24;2026-08-24T13:00+02:00;2026-08-24T14:00+02:00;2026-08-24;13:00;14:00;Totalt i retning Stavanger;14;100,0;1;1;0;14;0,00;-;-;-;-;-;-;-;-
99274B3204701;Sykkelstamvegen Forus nord;EV39 S1000D65 m24;2026-08-24T13:00+02:00;2026-08-24T14:00+02:00;2026-08-24;13:00;14:00;Totalt;35;100,0;1;1;0;35;0,00;-;-;-;-;-;-;-;-
99274B3204701;Sykkelstamvegen Forus nord;EV39 S1000D65 m24;2026-08-24T14:00+02:00;2026-08-24T15:00+02:00;2026-08-24;14:00;15:00;1;61;100,0;1;1;0;61;0,00;-;-;-;-;-;-;-;-
99274B3204701;Sykkelstamvegen Forus nord;EV39 S1000D65 m24;2026-08-24T14:00+02:00;2026-08-24T15:00+02:00;2026-08-24;14:00;15:00;2;27;100,0;1;1;0;27;0,00;-;-;-;-;-;-;-;-
99274B3204701;Sykkelstamvegen Forus nord;EV39 S1000D65 m24;2026-08-24T14:00+02:00;2026-08-24T15:00+02:00;2026-08-24;14:00;15:00;Totalt i retning Sandnes;61;100,0;1;1;0;61;0,00;-;-;-;-;-;-;-;-
99274B3204701;Sykkelstamvegen Forus nord;EV39 S1000D65 m24;2026-08-24T14:00+02:00;2026-08-24T15:00+02:00;2026-08-24;14:00;15:00;Totalt i retning Stavanger;27;100,0;1;1;0;27;0,00;-;-;-;-;-;-;-;-
99274B3204701;Sykkelstamvegen Forus nord;EV39 S1000D65 m24;2026-08-24T14:00+02:00;2026-08-24T15:00+02:00;2026-08-24;14:00;15:00;Totalt;88;100,0;1;1;0;88;0,00;-;-;-;-;-;-;-;-
99274B3204701;Sykkelstamvegen Forus nord;EV39 S1000D65 m24;2026-08-24T15:00+02:00;2026-08-24T16:00+02:00;2026-08-24;15:00;16:00;1;158;100,0;1;1;0;158;0,00;-;-;-;-;-;-;-;-
99274B3204701;Sykkelstamvegen Forus nord;EV39 S1000D65 m24;2026-08-24T15:00+02:00;2026-08-24T16:00+02:00;2026-08-24;15:00;16:00;2;83;100,0;1;1;0;83;0,00;-;-;-;-;-;-;-;-
99274B3204701;Sykkelstamvegen Forus nord;EV39 S1000D65 m24;2026-08-24T15:00+02:00;2026-08-24T16:00+02:00;2026-08-24;15:00;16:00;Totalt i retning Sandnes;162;100,0;1;1;0;162;0,00;-;-;-;-;-;-;-;-
99274B3204701;Sykkelstamvegen Forus nord;EV39 S1000D65 m24;2026-08-24T15:00+02:00;2026-08-24T16:00+02:00;2026-08-24;15:00;16:00;Totalt i retning Stavanger;79;100,0;1;1;0;79;0,00;-;-;-;-;-;-;-;-
99274B3204701;Sykkelstamvegen Forus nord;EV39 S1000D65 m24;2026-08-24T15:00+02:00;2026-08-24T16:00+02:00;2026-08-24;15:00;16:00;Totalt;241;100,0;1;1;0;241;0,00;-;-;-;-;-;-;-;-
99274B3204701;Sykkelstamvegen Forus nord;EV39 S1000D65 m24;2026-08-24T16:00+02:00;2026-08-24T17:00+02:00;2026-08-24;16:00;17:00;1;140;100,0;1;1;0;140;0,00;-;-;-;-;-;-;-;-
99274B3204701;Sykkelstamvegen Forus nord;EV39 S1000D65 m24;2026-08-24T16:00+02:00;2026-08-24T17:00+02:00;2026-08-24;16:00;17:00;2;52;100,0;1;1;0;52;0,00;-;-;-;-;-;-;-;-
99274B3204701;Sykkelstamvegen Forus nord;EV39 S1000D65 m24;2026-08-24T16:00+02:00;2026-08-24T17:00+02:00;2026-08-24;16:00;17:00;Totalt i retning Sandnes;137;100,0;1;1;0;137;0,00;-;-;-;-;-;-;-;-
99274B3204701;Sykkelstamvegen Forus nord;EV39 S1000D65 m24;2026-08-24T16:00+02:00;2026-08-24T17:00+02:00;2026-08-24;16:00;17:00;Totalt i retning Stavanger;55;100,0;1;1;0;55;0,00;-;-;-;-;-;-;-;-
99274B3204701;Sykkelstamvegen Forus nord;EV39 S1000D65 m24;2026-08-24T16:00+02:00;2026-08-24T17:00+02:00;2026-08-24;16:00;17:00;Totalt;192;100,0;1;1;0;192;0,00;-;-;-;-;-;-;-;-
99274B3204701;Sykkelstamvegen Forus nord;EV39 S1000D65 m24;2026-08-24T17:00+02:00;2026-08-24T18:00+02:00;2026-08-24;17:00;18:00;1;46;100,0;1;1;0;46;0,00;-;-;-;-;-;-;-;-
99274B3204701;Sykkelstamvegen Forus nord;EV39 S1000D65 m24;2026-08-24T17:00+02:00;2026-08-24T18:00+02:00;2026-08-24;17:00;18:00;2;24;100,0;1;1;0;24;0,00;-;-;-;-;-;-;-;-
99274B3204701;Sykkelstamvegen Forus nord;EV39 S1000D65 m24;2026-08-24T17:00+02:00;2026-08-24T18:00+02:00;2026-08-24;17:00;18:00;Totalt i retning Sandnes;44;100,0;1;1;0;44;0,00;-;-;-;-;-;-;-;-
99274B3204701;Sykkelstamvegen Forus nord;EV39 S1000D65 m24;2026-08-24T17:00+02:00;2026-08-24T18:00+02:00;2026-08-24;17:00;18:00;Totalt i retning Stavanger;26;100,0;1;1;0;26;0,00;-;-;-;-;-;-;-;-
99274B3204701;Sykkelstamvegen Forus nord;EV39 S1000D65 m24;2026-08-24T17:00+02:00;2026-08-24T18:00+02:00;2026-08-24;17:00;18:00;Totalt;70;100,0;1;1;0;70;0,00;-;-;-;-;-;-;-;-
99274B3204701;Sykkelstamvegen Forus nord;EV39 S1000D65 m24;2026-08-24T18:00+02:00;2026-08-24T19:00+02:00;2026-08-24;18:00;19:00;1;38;100,0;1;1;0;38;0,00;-;-;-;-;-;-;-;-
99274B3204701;Sykkelstamvegen Forus nord;EV39 S1000D65 m24;2026-08-24T18:00+02:00;2026-08-24T19:00+02:00;2026-08-24;18:00;19:00;2;41;100,0;1;1;0;41;0,00;-;-;-;-;-;-;-;-
99274B3204701;Sykkelstamvegen Forus nord;EV39 S1000D65 m24;2026-08-24T18:00+02:00;2026-08-24T19:00+02:00;2026-08-24;18:00;19:00;Totalt i retning Sandnes;38;100,0;1;1;0;38;0,00;-;-;-;-;-;-;-;-
99274B3204701;Sykkelstamvegen Forus nord;EV39 S1000D65 m24;2026-08-24T18:00+02:00;2026-08-24T19:00+02:00;2026-08-24;18:00;19:00;Totalt i retning Stavanger;41;100,0;1;1;0;41;0,00;-;-;-;-;-;-;-;-
99274B3204701;Sykkelstamvegen Forus nord;EV39 S1000D65 m24;2026-08-24T18:00+02:00;2026-08-24T19:00+02:00;2026-08-24;18:00;19:00;Totalt;79;100,0;1;1;0;79;0,00;-;-;-;-;-;-;-;-
99274B3204701;Sykkelstamvegen Forus nord;EV39 S1000D65 m24;2026-08-24T19:00+02:00;2026-08-24T20:00+02:00;2026-08-24;19:00;20:00;1;26;100,0;1;1;0;26;0,00;-;-;-;-;-;-;-;-
99274B3204701;Sykkelstamvegen Forus nord;EV39 S1000D65 m24;2026-08-24T19:00+02:00;2026-08-24T20:00+02:00;2026-08-24;19:00;20:00;2;31;100,0;1;1;0;31;0,00;-;-;-;-;-;-;-;-
99274B3204701;Sykkelstamvegen Forus nord;EV39 S1000D65 m24;2026-08-24T19:00+02:00;2026-08-24T20:00+02:00;2026-08-24;19:00;20:00;Totalt i retning Sandnes;24;100,0;1;1;0;24;0,00;-;-;-;-;-;-;-;-
99274B3204701;Sykkelstamvegen Forus nord;EV39 S1000D65 m24;2026-08-24T19:00+02:00;2026-08-24T20:00+02:00;2026-08-24;19:00;20:00;Totalt i retning Stavanger;33;100,0;1;1;0;33;0,00;-;-;-;-;-;-;-;-
99274B3204701;Sykkelstamvegen Forus nord;EV39 S1000D65 m24;2026-08-24T19:00+02:00;2026-08-24T20:00+02:00;2026-08-24;19:00;20:00;Totalt;57;100,0;1;1;0;57;0,00;-;-;-;-;-;-;-;-
99274B3204701;Sykkelstamvegen Forus nord;EV39 S1000D65 m24;2026-08-24T20:00+02:00;2026-08-24T21:00+02:00;2026-08-24;20:00;21:00;1;12;100,0;1;1;0;12;0,00;-;-;-;-;-;-;-;-
99274B3204701;Sykkelstamvegen Forus nord;EV39 S1000D65 m24;2026-08-24T20:00+02:00;2026-08-24T21:00+02:00;2026-08-24;20:00;21:00;2;26;100,0;1;1;0;26;0,00;-;-;-;-;-;-;-;-
99274B3204701;Sykkelstamvegen Forus nord;EV39 S1000D65 m24;2026-08-24T20:00+02:00;2026-08-24T21:00+02:00;2026-08-24;20:00;21:00;Totalt i retning Sandnes;11;100,0;1;1;0;11;0,00;-;-;-;-;-;-;-;-
99274B3204701;Sykkelstamvegen Forus nord;EV39 S1000D65 m24;2026-08-24T20:00+02:00;2026-08-24T21:00+02:00;2026-08-24;20:00;21:00;Totalt i retning Stavanger;27;100,0;1;1;0;27;0,00;-;-;-;-;-;-;-;-
99274B3204701;Sykkelstamvegen Forus nord;EV39 S1000D65 m24;2026-08-24T20:00+02:00;2026-08-24T21:00+02:00;2026-08-24;20:00;21:00;Totalt;38;100,0;1;1;0;38;0,00;-;-;-;-;-;-;-;-
99274B3204701;Sykkelstamvegen Forus nord;EV39 S1000D65 m24;2026-08-24T21:00+02:00;2026-08-24T22:00+02:00;2026-08-24;21:00;22:00;1;7;100,0;1;1;0;7;0,00;-;-;-;-;-;-;-;-
99274B3204701;Sykkelstamvegen Forus nord;EV39 S1000D65 m24;2026-08-24T21:00+02:00;2026-08-24T22:00+02:00;2026-08-24;21:00;22:00;2;6;100,0;1;1;0;6;0,00;-;-;-;-;-;-;-;-
99274B3204701;Sykkelstamvegen Forus nord;EV39 S1000D65 m24;2026-08-24T21:00+02:00;2026-08-24T22:00+02:00;2026-08-24;21:00;22:00;Totalt i retning Sandnes;6;100,0;1;1;0;6;0,00;-;-;-;-;-;-;-;-
99274B3204701;Sykkelstamvegen Forus nord;EV39 S1000D65 m24;2026-08-24T21:00+02:00;2026-08-24T22:00+02:00;2026-08-24;21:00;22:00;Totalt i retning Stavanger;7;100,0;1;1;0;7;0,00;-;-;-;-;-;-;-;-
99274B3204701;Sykkelstamvegen Forus nord;EV39 S1000D65 m24;2026-08-24T21:00+02:00;2026-08-24T22:00+02:00;2026-08-24;21:00;22:00;Totalt;13;100,0;1;1;0;13;0,00;-;-;-;-;-;-;-;-
99274B3204701;Sykkelstamvegen Forus nord;EV39 S1000D65 m24;2026-08-24T22:00+02:00;2026-08-24T23:00+02:00;2026-08-24;22:00;23:00;1;6;100,0;1;1;0;6;0,00;-;-;-;-;-;-;-;-
99274B3204701;Sykkelstamvegen Forus nord;EV39 S1000D65 m24;2026-08-24T22:00+02:00;2026-08-24T23:00+02:00;2026-08-24;22:00;23:00;2;1;100,0;1;1;0;1;0,00;-;-;-;-;-;-;-;-
99274B3204701;Sykkelstamvegen Forus nord;EV39 S1000D65 m24;2026-08-24T22:00+02:00;2026-08-24T23:00+02:00;2026-08-24;22:00;23:00;Totalt i retning Sandnes;6;100,0;1;1;0;6;0,00;-;-;-;-;-;-;-;-
99274B3204701;Sykkelstamvegen Forus nord;EV39 S1000D65 m24;2026-08-24T22:00+02:00;2026-08-24T23:00+02:00;2026-08-24;22:00;23:00;Totalt i retning Stavanger;1;100,0;1;1;0;1;0,00;-;-;-;-;-;-;-;-
99274B3204701;Sykkelstamvegen Forus nord;EV39 S1000D65 m24;2026-08-24T22:00+02:00;2026-08-24T23:00+02:00;2026-08-24;22:00;23:00;Totalt;7;100,0;1;1;0;7;0,00;-;-;-;-;-;-;-;-
99274B3204701;Sykkelstamvegen Forus nord;EV39 S1000D65 m24;2026-08-24T23:00+02:00;2026-08-25T00:00+02:00;2026-08-24;23:00;00:00;1;4;100,0;1;1;0;4;0,00;-;-;-;-;-;-;-;-
99274B3204701;Sykkelstamvegen Forus nord;EV39 S1000D65 m24;2026-08-24T23:00+02:00;2026-08-25T00:00+02:00;2026-08-24;23:00;00:00;2;0;100,0;1;1;0;0;100,00;-;-;-;-;-;-;-;-
99274B3204701;Sykkelstamvegen Forus nord;EV39 S1000D65 m24;2026-08-24T23:00+02:00;2026-08-25T00:00+02:00;2026-08-24;23:00;00:00;Totalt i retning Sandnes;4;100,0;1;1;0;4;0,00;-;-;-;-;-;-;-;-
99274B3204701;Sykkelstamvegen Forus nord;EV39 S1000D65 m24;2026-08-24T23:00+02:00;2026-08-25T00:00+02:00;2026-08-24;23:00;00:00;Totalt i retning Stavanger;0;100,0;1;1;0;0;100,00;-;-;-;-;-;-;-;-
99274B3204701;Sykkelstamvegen Forus nord;EV39 S1000D65 m24;2026-08-24T23:00+02:00;2026-08-25T00:00+02:00;2026-08-24;23:00;00:00;Totalt;4;100,0;1;1;0;4;0,00;-;-;-;-;-;-;-;-
99274B3204701;Sykkelstamvegen Forus nord;EV39 S1000D65 m24;2026-08-25T00:00+02:00;2026-08-25T01:00+02:00;2026-08-25;00:00;01:00;1;2;100,0;1;1;0;2;0,00;-;-;-;-;-;-;-;-
99274B3204701;Sykkelstamvegen Forus nord;EV39 S1000D65 m24;2026-08-25T00:00+02:00;2026-08-25T01:00+02:00;2026-08-25;00:00;01:00;2;0;100,0;1;1;0;0;100,00;-;-;-;-;-;-;-;-
99274B3204701;Sykkelstamvegen Forus nord;EV39 S1000D65 m24;2026-08-25T00:00+02:00;2026-08-25T01:00+02:00;2026-08-25;00:00;01:00;Totalt i retning Sandnes;2;100,0;1;1;0;2;0,00;-;-;-;-;-;-;-;-
99274B3204701;Sykkelstamvegen Forus nord;EV39 S1000D65 m24;2026-08-25T00:00+02:00;2026-08-25T01:00+02:00;2026-08-25;00:00;01:00;Totalt i retning Stavanger;0;100,0;1;1;0;0;100,00;-;-;-;-;-;-;-;-
99274B3204701;Sykkelstamvegen Forus nord;EV39 S1000D65 m24;2026-08-25T00:00+02:00;2026-08-25T01:00+02:00;2026-08-25;00:00;01:00;Totalt;2;100,0;1;1;0;2;0,00;-;-;-;-;-;-;-;-
99274B3204701;Sykkelstamvegen Forus nord;EV39 S1000D65 m24;2026-08-25T01:00+02:00;2026-08-25T02:00+02:00;2026-08-25;01:00;02:00;1;0;100,0;1;1;0;0;100,00;-;-;-;-;-;-;-;-
99274B3204701;Sykkelstamvegen Forus nord;EV39 S1000D65 m24;2026-08-25T01:00+02:00;2026-08-25T02:00+02:00;2026-08-25;01:00;02:00;2;0;100,0;1;1;0;0;100,00;-;-;-;-;-;-;-;-
99274B3204701;Sykkelstamvegen Forus nord;EV39 S1000D65 m24;2026-08-25T01:00+02:00;2026-08-25T02:00+02:00;2026-08-25;01:00;02:00;Totalt i retning Sandnes;0;100,0;1;1;0;0;100,00;-;-;-;-;-;-;-;-
99274B3204701;Sykkelstamvegen Forus nord;EV39 S1000D65 m24;2026-08-25T01:00+02:00;2026-08-25T02:00+02:00;2026-08-25;01:00;02:00;Totalt i retning Stavanger;0;100,0;1;1;0;0;100,00;-;-;-;-;-;-;-;-
99274B3204701;Sykkelstamvegen Forus nord;EV39 S1000D65 m24;2026-08-25T01:00+02:00;2026-08-25T02:00+02:00;2026-08-25;01:00;02:00;Totalt;0;100,0;1;1;0;0;100,00;-;-;-;-;-;-;-;-
99274B3204701;Sykkelstamvegen Forus nord;EV39 S1000D65 m24;2026-08-25T02:00+02:00;2026-08-25T03:00+02:00;2026-08-25;02:00;03:00;1;0;100,0;1;1;0;0;100,00;-;-;-;-;-;-;-;-
99274B3204701;Sykkelstamvegen Forus nord;EV39 S1000D65 m24;2026-08-25T02:00+02:00;2026-08-25T03:00+02:00;2026-08-25;02:00;03:00;2;0;100,0;1;1;0;0;100,00;-;-;-;-;-;-;-;-
99274B3204701;Sykkelstamvegen Forus nord;EV39 S1000D65 m24;2026-08-25T02:00+02:00;2026-08-25T03:00+02:00;2026-08-25;02:00;03:00;Totalt i retning Sandnes;0;100,0;1;1;0;0;100,00;-;-;-;-;-;-;-;-
99274B3204701;Sykkelstamvegen Forus nord;EV39 S1000D65 m24;2026-08-25T02:00+02:00;2026-08-25T03:00+02:00;2026-08-25;02:00;03:00;Totalt i retning Stavanger;0;100,0;1;1;0;0;100,00;-;-;-;-;-;-;-;-
99274B3204701;Sykkelstamvegen Forus nord;EV39 S1000D65 m24;2026-08-25T02:00+02:00;2026-08-25T03:00+02:00;2026-08-25;02:00;03:00;Totalt;0;100,0;1;1;0;0;100,00;-;-;-;-;-;-;-;-
99274B3204701;Sykkelstamvegen Forus nord;EV39 S1000D65 m24;2026-08-25T03:00+02:00;2026-08-25T04:00+02:00;2026-08-25;03:00;04:00;1;0;100,0;1;1;0;0;100,00;-;-;-;-;-;-;-;-
99274B3204701;Sykkelstamvegen Forus nord;EV39 S1000D65 m24;2026-08-25T03:00+02:00;2026-08-25T04:00+02:00;2026-08-25;03:00;04:00;2;0;100,0;1;1;0;0;100,00;-;-;-;-;-;-;-;-
99274B3204701;Sykkelstamvegen Forus nord;EV39 S1000D65 m24;2026-08-25T03:00+02:00;2026-08-25T04:00+02:00;2026-08-25;03:00;04:00;Totalt i retning Sandnes;0;100,0;1;1;0;0;100,00;-;-;-;-;-;-;-;-
99274B3204701;Sykkelstamvegen Forus nord;EV39 S1000D65 m24;2026-08-25T03:00+02:00;2026-08-25T04:00+02:00;2026-08-25;03:00;04:00;Totalt i retning Stavanger;0;100,0;1;1;0;0;100,00;-;-;-;-;-;-;-;-
99274B3204701;Sykkelstamvegen Forus nord;EV39 S1000D65 m24;2026-08-25T03:00+02:00;2026-08-25T04:00+02:00;2026-08-25;03:00;04:00;Totalt;0;100,0;1;1;0;0;100,00;-;-;-;-;-;-;-;-
99274B3204701;Sykkelstamvegen Forus nord;EV39 S1000D65 m24;2026-08-25T04:00+02:00;2026-08-25T05:00+02:00;2026-08-25;04:00;05:00;1;0;100,0;1;1;0;0;100,00;-;-;-;-;-;-;-;-
99274B3204701;Sykkelstamvegen Forus nord;EV39 S1000D65 m24;2026-08-25T04:00+02:00;2026-08-25T05:00+02:00;2026-08-25;04:00;05:00;2;1;100,0;1;1;0;1;0,00;-;-;-;-;-;-;-;-
99274B3204701;Sykkelstamvegen Forus nord;EV39 S1000D65 m24;2026-08-25T04:00+02:00;2026-08-25T05:00+02:00;2026-08-25;04:00;05:00;Totalt i retning Sandnes;0;100,0;1;1;0;0;100,00;-;-;-;-;-;-;-;-
99274B3204701;Sykkelstamvegen Forus nord;EV39 S1000D65 m24;2026-08-25T04:00+02:00;2026-08-25T05:00+02:00;2026-08-25;04:00;05:00;Totalt i retning Stavanger;1;100,0;1;1;0;1;0,00;-;-;-;-;-;-;-;-
99274B3204701;Sykkelstamvegen Forus nord;EV39 S1000D65 m24;2026-08-25T04:00+02:00;2026-08-25T05:00+02:00;2026-08-25;04:00;05:00;Totalt;1;100,0;1;1;0;1;0,00;-;-;-;-;-;-;-;-
99274B3204701;Sykkelstamvegen Forus nord;EV39 S1000D65 m24;2026-08-25T05:00+02:00;2026-08-25T06:00+02:00;2026-08-25;05:00;06:00;1;7;100,0;1;1;0;7;0,00;-;-;-;-;-;-;-;-
99274B3204701;Sykkelstamvegen Forus nord;EV39 S1000D65 m24;2026-08-25T05:00+02:00;2026-08-25T06:00+02:00;2026-08-25;05:00;06:00;2;14;100,0;1;1;0;14;0,00;-;-;-;-;-;-;-;-
99274B3204701;Sykkelstamvegen Forus nord;EV39 S1000D65 m24;2026-08-25T05:00+02:00;2026-08-25T06:00+02:00;2026-08-25;05:00;06:00;Totalt i retning Sandnes;7;100,0;1;1;0;7;0,00;-;-;-;-;-;-;-;-
99274B3204701;Sykkelstamvegen Forus nord;EV39 S1000D65 m24;2026-08-25T05:00+02:00;2026-08-25T06:00+02:00;2026-08-25;05:00;06:00;Totalt i retning Stavanger;14;100,0;1;1;0;14;0,00;-;-;-;-;-;-;-;-
99274B3204701;Sykkelstamvegen Forus nord;EV39 S1000D65 m24;2026-08-25T05:00+02:00;2026-08-25T06:00+02:00;2026-08-25;05:00;06:00;Totalt;21;100,0;1;1;0;21;0,00;-;-;-;-;-;-;-;-
99274B3204701;Sykkelstamvegen Forus nord;EV39 S1000D65 m24;2026-08-25T06:00+02:00;2026-08-25T07:00+02:00;2026-08-25;06:00;07:00;1;36;100,0;1;1;0;36;0,00;-;-;-;-;-;-;-;-
99274B3204701;Sykkelstamvegen Forus nord;EV39 S1000D65 m24;2026-08-25T06:00+02:00;2026-08-25T07:00+02:00;2026-08-25;06:00;07:00;2;74;100,0;1;1;0;74;0,00;-;-;-;-;-;-;-;-
99274B3204701;Sykkelstamvegen Forus nord;EV39 S1000D65 m24;2026-08-25T06:00+02:00;2026-08-25T07:00+02:00;2026-08-25;06:00;07:00;Totalt i retning Sandnes;35;100,0;1;1;0;35;0,00;-;-;-;-;-;-;-;-
99274B3204701;Sykkelstamvegen Forus nord;EV39 S1000D65 m24;2026-08-25T06:00+02:00;2026-08-25T07:00+02:00;2026-08-25;06:00;07:00;Totalt i retning Stavanger;75;100,0;1;1;0;75;0,00;-;-;-;-;-;-;-;-
99274B3204701;Sykkelstamvegen Forus nord;EV39 S1000D65 m24;2026-08-25T06:00+02:00;2026-08-25T07:00+02:00;2026-08-25;06:00;07:00;Totalt;110;100,0;1;1;0;110;0,00;-;-;-;-;-;-;-;-
99274B3204701;Sykkelstamvegen Forus nord;EV39 S1000D65 m24;2026-08-25T07:00+02:00;2026-08-25T08:00+02:00;2026-08-25;07:00;08:00;1;71;100,0;1;1;0;71;0,00;-;-;-;-;-;-;-;-
99274B3204701;Sykkelstamvegen Forus nord;EV39 S1000D65 m24;2026-08-25T07:00+02:00;2026-08-25T08:00+02:00;2026-08-25;07:00;08:00;2;120;100,0;1;1;0;120;0,00;-;-;-;-;-;-;-;-
99274B3204701;Sykkelstamvegen Forus nord;EV39 S1000D65 m24;2026-08-25T07:00+02:00;2026-08-25T08:00+02:00;2026-08-25;07:00;08:00;Totalt i retning Sandnes;69;100,0;1;1;0;69;0,00;-;-;-;-;-;-;-;-
99274B3204701;Sykkelstamvegen Forus nord;EV39 S1000D65 m24;2026-08-25T07:00+02:00;2026-08-25T08:00+02:00;2026-08-25;07:00;08:00;Totalt i retning Stavanger;122;100,0;1;1;0;122;0,00;-;-;-;-;-;-;-;-
99274B3204701;Sykkelstamvegen Forus nord;EV39 S1000D65 m24;2026-08-25T07:00+02:00;2026-08-25T08:00+02:00;2026-08-25;07:00;08:00;Totalt;191;100,0;1;1;0;191;0,00;-;-;-;-;-;-;-;-
99274B3204701;Sykkelstamvegen Forus nord;EV39 S1000D65 m24;2026-08-25T08:00+02:00;2026-08-25T09:00+02:00;2026-08-25;08:00;09:00;1;35;100,0;1;1;0;35;0,00;-;-;-;-;-;-;-;-
99274B3204701;Sykkelstamvegen Forus nord;EV39 S1000D65 m24;2026-08-25T08:00+02:00;2026-08-25T09:00+02:00;2026-08-25;08:00;09:00;2;60;100,0;1;1;0;60;0,00;-;-;-;-;-;-;-;-
99274B3204701;Sykkelstamvegen Forus nord;EV39 S1000D65 m24;2026-08-25T08:00+02:00;2026-08-25T09:00+02:00;2026-08-25;08:00;09:00;Totalt i retning Sandnes;34;100,0;1;1;0;34;0,00;-;-;-;-;-;-;-;-
99274B3204701;Sykkelstamvegen Forus nord;EV39 S1000D65 m24;2026-08-25T08:00+02:00;2026-08-25T09:00+02:00;2026-08-25;08:00;09:00;Totalt i retning Stavanger;61;100,0;1;1;0;61;0,00;-;-;-;-;-;-;-;-
99274B3204701;Sykkelstamvegen Forus nord;EV39 S1000D65 m24;2026-08-25T08:00+02:00;2026-08-25T09:00+02:00;2026-08-25;08:00;09:00;Totalt;95;100,0;1;1;0;95;0,00;-;-;-;-;-;-;-;-
99274B3204701;Sykkelstamvegen Forus nord;EV39 S1000D65 m24;2026-08-25T09:00+02:00;2026-08-25T10:00+02:00;2026-08-25;09:00;10:00;1;19;100,0;1;1;0;19;0,00;-;-;-;-;-;-;-;-
99274B3204701;Sykkelstamvegen Forus nord;EV39 S1000D65 m24;2026-08-25T09:00+02:00;2026-08-25T10:00+02:00;2026-08-25;09:00;10:00;2;22;100,0;1;1;0;22;0,00;-;-;-;-;-;-;-;-
99274B3204701;Sykkelstamvegen Forus nord;EV39 S1000D65 m24;2026-08-25T09:00+02:00;2026-08-25T10:00+02:00;2026-08-25;09:00;10:00;Totalt i retning Sandnes;19;100,0;1;1;0;19;0,00;-;-;-;-;-;-;-;-
99274B3204701;Sykkelstamvegen Forus nord;EV39 S1000D65 m24;2026-08-25T09:00+02:00;2026-08-25T10:00+02:00;2026-08-25;09:00;10:00;Totalt i retning Stavanger;22;100,0;1;1;0;22;0,00;-;-;-;-;-;-;-;-
99274B3204701;Sykkelstamvegen Forus nord;EV39 S1000D65 m24;2026-08-25T09:00+02:00;2026-08-25T10:00+02:00;2026-08-25;09:00;10:00;Totalt;41;100,0;1;1;0;41;0,00;-;-;-;-;-;-;-;-
99274B3204701;Sykkelstamvegen Forus nord;EV39 S1000D65 m24;2026-08-25T10:00+02:00;2026-08-25T11:00+02:00;2026-08-25;10:00;11:00;1;21;100,0;1;1;0;21;0,00;-;-;-;-;-;-;-;-
99274B3204701;Sykkelstamvegen Forus nord;EV39 S1000D65 m24;2026-08-25T10:00+02:00;2026-08-25T11:00+02:00;2026-08-25;10:00;11:00;2;19;100,0;1;1;0;19;0,00;-;-;-;-;-;-;-;-
99274B3204701;Sykkelstamvegen Forus nord;EV39 S1000D65 m24;2026-08-25T10:00+02:00;2026-08-25T11:00+02:00;2026-08-25;10:00;11:00;Totalt i retning Sandnes;21;100,0;1;1;0;21;0,00;-;-;-;-;-;-;-;-
99274B3204701;Sykkelstamvegen Forus nord;EV39 S1000D65 m24;2026-08-25T10:00+02:00;2026-08-25T11:00+02:00;2026-08-25;10:00;11:00;Totalt i retning Stavanger;19;100,0;1;1;0;19;0,00;-;-;-;-;-;-;-;-
99274B3204701;Sykkelstamvegen Forus nord;EV39 S1000D65 m24;2026-08-25T10:00+02:00;2026-08-25T11:00+02:00;2026-08-25;10:00;11:00;Totalt;40;100,0;1;1;0;40;0,00;-;-;-;-;-;-;-;-
99274B3204701;Sykkelstamvegen Forus nord;EV39 S1000D65 m24;2026-08-25T11:00+02:00;2026-08-25T12:00+02:00;2026-08-25;11:00;12:00;1;35;100,0;1;1;0;35;0,00;-;-;-;-;-;-;-;-
99274B3204701;Sykkelstamvegen Forus nord;EV39 S1000D65 m24;2026-08-25T11:00+02:00;2026-08-25T12:00+02:00;2026-08-25;11:00;12:00;2;38;100,0;1;1;0;38;0,00;-;-;-;-;-;-;-;-
99274B3204701;Sykkelstamvegen Forus nord;EV39 S1000D65 m24;2026-08-25T11:00+02:00;2026-08-25T12:00+02:00;2026-08-25;11:00;12:00;Totalt i retning Sandnes;35;100,0;1;1;0;35;0,00;-;-;-;-;-;-;-;-
99274B3204701;Sykkelstamvegen Forus nord;EV39 S1000D65 m24;2026-08-25T11:00+02:00;2026-08-25T12:00+02:00;2026-08-25;11:00;12:00;Totalt i retning Stavanger;38;100,0;1;1;0;38;0,00;-;-;-;-;-;-;-;-
99274B3204701;Sykkelstamvegen Forus nord;EV39 S1000D65 m24;2026-08-25T11:00+02:00;2026-08-25T12:00+02:00;2026-08-25;11:00;12:00;Totalt;73;100,0;1;1;0;73;0,00;-;-;-;-;-;-;-;-
99274B3204701;Sykkelstamvegen Forus nord;EV39 S1000D65 m24;2026-08-25T12:00+02:00;2026-08-25T13:00+02:00;2026-08-25;12:00;13:00;1;25;100,0;1;1;0;25;0,00;-;-;-;-;-;-;-;-
99274B3204701;Sykkelstamvegen Forus nord;EV39 S1000D65 m24;2026-08-25T12:00+02:00;2026-08-25T13:00+02:00;2026-08-25;12:00;13:00;2;27;100,0;1;1;0;27;0,00;-;-;-;-;-;-;-;-
99274B3204701;Sykkelstamvegen Forus nord;EV39 S1000D65 m24;2026-08-25T12:00+02:00;2026-08-25T13:00+02:00;2026-08-25;12:00;13:00;Totalt i retning Sandnes;24;100,0;1;1;0;24;0,00;-;-;-;-;-;-;-;-
99274B3204701;Sykkelstamvegen Forus nord;EV39 S1000D65 m24;2026-08-25T12:00+02:00;2026-08-25T13:00+02:00;2026-08-25;12:00;13:00;Totalt i retning Stavanger;28;100,0;1;1;0;28;0,00;-;-;-;-;-;-;-;-
99274B3204701;Sykkelstamvegen Forus nord;EV39 S1000D65 m24;2026-08-25T12:00+02:00;2026-08-25T13:00+02:00;2026-08-25;12:00;13:00;Totalt;52;100,0;1;1;0;52;0,00;-;-;-;-;-;-;-;-
99274B3204701;Sykkelstamvegen Forus nord;EV39 S1000D65 m24;2026-08-25T13:00+02:00;2026-08-25T14:00+02:00;2026-08-25;13:00;14:00;1;33;100,0;1;1;0;33;0,00;-;-;-;-;-;-;-;-
99274B3204701;Sykkelstamvegen Forus nord;EV39 S1000D65 m24;2026-08-25T13:00+02:00;2026-08-25T14:00+02:00;2026-08-25;13:00;14:00;2;24;100,0;1;1;0;24;0,00;-;-;-;-;-;-;-;-
99274B3204701;Sykkelstamvegen Forus nord;EV39 S1000D65 m24;2026-08-25T13:00+02:00;2026-08-25T14:00+02:00;2026-08-25;13:00;14:00;Totalt i retning Sandnes;33;100,0;1;1;0;33;0,00;-;-;-;-;-;-;-;-
99274B3204701;Sykkelstamvegen Forus nord;EV39 S1000D65 m24;2026-08-25T13:00+02:00;2026-08-25T14:00+02:00;2026-08-25;13:00;14:00;Totalt i retning Stavanger;24;100,0;1;1;0;24;0,00;-;-;-;-;-;-;-;-
99274B3204701;Sykkelstamvegen Forus nord;EV39 S1000D65 m24;2026-08-25T13:00+02:00;2026-08-25T14:00+02:00;2026-08-25;13:00;14:00;Totalt;57;100,0;1;1;0;57;0,00;-;-;-;-;-;-;-;-
99274B3204701;Sykkelstamvegen Forus nord;EV39 S1000D65 m24;2026-08-25T14:00+02:00;2026-08-25T15:00+02:00;2026-08-25;14:00;15:00;1;79;100,0;1;1;0;79;0,00;-;-;-;-;-;-;-;-
99274B3204701;Sykkelstamvegen Forus nord;EV39 S1000D65 m24;2026-08-25T14:00+02:00;2026-08-25T15:00+02:00;2026-08-25;14:00;15:00;2;44;100,0;1;1;0;44;0,00;-;-;-;-;-;-;-;-
99274B3204701;Sykkelstamvegen Forus nord;EV39 S1000D65 m24;2026-08-25T14:00+02:00;2026-08-25T15:00+02:00;2026-08-25;14:00;15:00;Totalt i retning Sandnes;78;100,0;1;1;0;78;0,00;-;-;-;-;-;-;-;-
99274B3204701;Sykkelstamvegen Forus nord;EV39 S1000D65 m24;2026-08-25T14:00+02:00;2026-08-25T15:00+02:00;2026-08-25;14:00;15:00;Totalt i retning Stavanger;45;100,0;1;1;0;45;0,00;-;-;-;-;-;-;-;-
99274B3204701;Sykkelstamvegen Forus nord;EV39 S1000D65 m24;2026-08-25T14:00+02:00;2026-08-25T15:00+02:00;2026-08-25;14:00;15:00;Totalt;123;100,0;1;1;0;123;0,00;-;-;-;-;-;-;-;-
99274B3204701;Sykkelstamvegen Forus nord;EV39 S1000D65 m24;2026-08-25T15:00+02:00;2026-08-25T16:00+02:00;2026-08-25;15:00;16:00;1;176;100,0;1;1;0;176;0,00;-;-;-;-;-;-;-;-
99274B3204701;Sykkelstamvegen Forus nord;EV39 S1000D65 m24;2026-08-25T15:00+02:00;2026-08-25T16:00+02:00;2026-08-25;15:00;16:00;2;85;100,0;1;1;0;85;0,00;-;-;-;-;-;-;-;-
99274B3204701;Sykkelstamvegen Forus nord;EV39 S1000D65 m24;2026-08-25T15:00+02:00;2026-08-25T16:00+02:00;2026-08-25;15:00;16:00;Totalt i retning Sandnes;174;100,0;1;1;0;174;0,00;-;-;-;-;-;-;-;-
99274B3204701;Sykkelstamvegen Forus nord;EV39 S1000D65 m24;2026-08-25T15:00+02:00;2026-08-25T16:00+02:00;2026-08-25;15:00;16:00;Totalt i retning Stavanger;87;100,0;1;1;0;87;0,00;-;-;-;-;-;-;-;-
99274B3204701;Sykkelstamvegen Forus nord;EV39 S1000D65 m24;2026-08-25T15:00+02:00;2026-08-25T16:00+02:00;2026-08-25;15:00;16:00;Totalt;261;100,0;1;1;0;261;0,00;-;-;-;-;-;-;-;-
99274B3204701;Sykkelstamvegen Forus nord;EV39 S1000D65 m24;2026-08-25T16:00+02:00;2026-08-25T17:00+02:00;2026-08-25;16:00;17:00;1;130;100,0;1;1;0;130;0,00;-;-;-;-;-;-;-;-
99274B3204701;Sykkelstamvegen Forus nord;EV39 S1000D65 m24;2026-08-25T16:00+02:00;2026-08-25T17:00+02:00;2026-08-25;16:00;17:00;2;56;100,0;1;1;0;56;0,00;-;-;-;-;-;-;-;-
99274B3204701;Sykkelstamvegen Forus nord;EV39 S1000D65 m24;2026-08-25T16:00+02:00;2026-08-25T17:00+02:00;2026-08-25;16:00;17:00;Totalt i retning Sandnes;129;100,0;1;1;0;129;0,00;-;-;-;-;-;-;-;-
99274B3204701;Sykkelstamvegen Forus nord;EV39 S1000D65 m24;2026-08-25T16:00+02:00;2026-08-25T17:00+02:00;2026-08-25;16:00;17:00;Totalt i retning Stavanger;57;100,0;1;1;0;57;0,00;-;-;-;-;-;-;-;-
99274B3204701;Sykkelstamvegen Forus nord;EV39 S1000D65 m24;2026-08-25T16:00+02:00;2026-08-25T17:00+02:00;2026-08-25;16:00;17:00;Totalt;186;100,0;1;1;0;186;0,00;-;-;-;-;-;-;-;-
99274B3204701;Sykkelstamvegen Forus nord;EV39 S1000D65 m24;2026-08-25T17:00+02:00;2026-08-25T18:00+02:00;2026-08-25;17:00;18:00;1;39;100,0;1;1;0;39;0,00;-;-;-;-;-;-;-;-
99274B3204701;Sykkelstamvegen Forus nord;EV39 S1000D65 m24;2026-08-25T17:00+02:00;2026-08-25T18:00+02:00;2026-08-25;17:00;18:00;2;27;100,0;1;1;0;27;0,00;-;-;-;-;-;-;-;-
99274B3204701;Sykkelstamvegen Forus nord;EV39 S1000D65 m24;2026-08-25T17:00+02:00;2026-08-25T18:00+02:00;2026-08-25;17:00;18:00;Totalt i retning Sandnes;40;100,0;1;1;0;40;0,00;-;-;-;-;-;-;-;-
99274B3204701;Sykkelstamvegen Forus nord;EV39 S1000D65 m24;2026-08-25T17:00+02:00;2026-08-25T18:00+02:00;2026-08-25;17:00;18:00;Totalt i retning Stavanger;26;100,0;1;1;0;26;0,00;-;-;-;-;-;-;-;-
99274B3204701;Sykkelstamvegen Forus nord;EV39 S1000D65 m24;2026-08-25T17:00+02:00;2026-08-25T18:00+02:00;2026-08-25;17:00;18:00;Totalt;66;100,0;1;1;0;66;0,00;-;-;-;-;-;-;-;-
99274B3204701;Sykkelstamvegen Forus nord;EV39 S1000D65 m24;2026-08-25T18:00+02:00;2026-08-25T19:00+02:00;2026-08-25;18:00;19:00;1;44;100,0;1;1;0;44;0,00;-;-;-;-;-;-;-;-
99274B3204701;Sykkelstamvegen Forus nord;EV39 S1000D65 m24;2026-08-25T18:00+02:00;2026-08-25T19:00+02:00;2026-08-25;18:00;19:00;2;42;100,0;1;1;0;42;0,00;-;-;-;-;-;-;-;-
99274B3204701;Sykkelstamvegen Forus nord;EV39 S1000D65 m24;2026-08-25T18:00+02:00;2026-08-25T19:00+02:00;2026-08-25;18:00;19:00;Totalt i retning Sandnes;39;100,0;1;1;0;39;0,00;-;-;-;-;-;-;-;-
99274B3204701;Sykkelstamvegen Forus nord;EV39 S1000D65 m24;2026-08-25T18:00+02:00;2026-08-25T19:00+02:00;2026-08-25;18:00;19:00;Totalt i retning Stavanger;47;100,0;1;1;0;47;0,00;-;-;-;-;-;-;-;-
99274B3204701;Sykkelstamvegen Forus nord;EV39 S1000D65 m24;2026-08-25T18:00+02:00;2026-08-25T19:00+02:00;2026-08-25;18:00;19:00;Totalt;86;100,0;1;1;0;86;0,00;-;-;-;-;-;-;-;-
99274B3204701;Sykkelstamvegen Forus nord;EV39 S1000D65 m24;2026-08-25T19:00+02:00;2026-08-25T20:00+02:00;2026-08-25;19:00;20:00;1;24;100,0;1;1;0;24;0,00;-;-;-;-;-;-;-;-
99274B3204701;Sykkelstamvegen Forus nord;EV39 S1000D65 m24;2026-08-25T19:00+02:00;2026-08-25T20:00+02:00;2026-08-25;19:00;20:00;2;21;100,0;1;1;0;21;0,00;-;-;-;-;-;-;-;-
99274B3204701;Sykkelstamvegen Forus nord;EV39 S1000D65 m24;2026-08-25T19:00+02:00;2026-08-25T20:00+02:00;2026-08-25;19:00;20:00;Totalt i retning Sandnes;25;100,0;1;1;0;25;0,00;-;-;-;-;-;-;-;-
99274B3204701;Sykkelstamvegen Forus nord;EV39 S1000D65 m24;2026-08-25T19:00+02:00;2026-08-25T20:00+02:00;2026-08-25;19:00;20:00;Totalt i retning Stavanger;20;100,0;1;1;0;20;0,00;-;-;-;-;-;-;-;-
99274B3204701;Sykkelstamvegen Forus nord;EV39 S1000D65 m24;2026-08-25T19:00+02:00;2026-08-25T20:00+02:00;2026-08-25;19:00;20:00;Totalt;45;100,0;1;1;0;45;0,00;-;-;-;-;-;-;-;-
99274B3204701;Sykkelstamvegen Forus nord;EV39 S1000D65 m24;2026-08-25T20:00+02:00;2026-08-25T21:00+02:00;2026-08-25;20:00;21:00;1;14;100,0;1;1;0;14;0,00;-;-;-;-;-;-;-;-
99274B3204701;Sykkelstamvegen Forus nord;EV39 S1000D65 m24;2026-08-25T20:00+02:00;2026-08-25T21:00+02:00;2026-08-25;20:00;21:00;2;8;100,0;1;1;0;8;0,00;-;-;-;-;-;-;-;-
99274B3204701;Sykkelstamvegen Forus nord;EV39 S1000D65 m24;2026-08-25T20:00+02:00;2026-08-25T21:00+02:00;2026-08-25;20:00;21:00;Totalt i retning Sandnes;13;100,0;1;1;0;13;0,00;-;-;-;-;-;-;-;-
99274B3204701;Sykkelstamvegen Forus nord;EV39 S1000D65 m24;2026-08-25T20:00+02:00;2026-08-25T21:00+02:00;2026-08-25;20:00;21:00;Totalt i retning Stavanger;9;100,0;1;1;0;9;0,00;-;-;-;-;-;-;-;-
99274B3204701;Sykkelstamvegen Forus nord;EV39 S1000D65 m24;2026-08-25T20:00+02:00;2026-08-25T21:00+02:00;2026-08-25;20:00;21:00;Totalt;22;100,0;1;1;0;22;0,00;-;-;-;-;-;-;-;-
99274B3204701;Sykkelstamvegen Forus nord;EV39 S1000D65 m24;2026-08-25T21:00+02:00;2026-08-25T22:00+02:00;2026-08-25;21:00;22:00;1;5;100,0;1;1;0;5;0,00;-;-;-;-;-;-;-;-
99274B3204701;Sykkelstamvegen Forus nord;EV39 S1000D65 m24;2026-08-25T21:00+02:00;2026-08-25T22:00+02:00;2026-08-25;21:00;22:00;2;10;100,0;1;1;0;10;0,00;-;-;-;-;-;-;-;-
99274B3204701;Sykkelstamvegen Forus nord;EV39 S1000D65 m24;2026-08-25T21:00+02:00;2026-08-25T22:00+02:00;2026-08-25;21:00;22:00;Totalt i retning Sandnes;5;100,0;1;1;0;5;0,00;-;-;-;-;-;-;-;-
99274B3204701;Sykkelstamvegen Forus nord;EV39 S1000D65 m24;2026-08-25T21:00+02:00;2026-08-25T22:00+02:00;2026-08-25;21:00;22:00;Totalt i retning Stavanger;10;100,0;1;1;0;10;0,00;-;-;-;-;-;-;-;-
99274B3204701;Sykkelstamvegen Forus nord;EV39 S1000D65 m24;2026-08-25T21:00+02:00;2026-08-25T22:00+02:00;2026-08-25;21:00;22:00;Totalt;15;100,0;1;1;0;15;0,00;-;-;-;-;-;-;-;-
99274B3204701;Sykkelstamvegen Forus nord;EV39 S1000D65 m24;2026-08-25T22:00+02:00;2026-08-25T23:00+02:00;2026-08-25;22:00;23:00;1;6;100,0;1;1;0;6;0,00;-;-;-;-;-;-;-;-
99274B3204701;Sykkelstamvegen Forus nord;EV39 S1000D65 m24;2026-08-25T22:00+02:00;2026-08-25T23:00+02:00;2026-08-25;22:00;23:00;2;1;100,0;1;1;0;1;0,00;-;-;-;-;-;-;-;-
99274B3204701;Sykkelstamvegen Forus nord;EV39 S1000D65 m24;2026-08-25T22:00+02:00;2026-08-25T23:00+02:00;2026-08-25;22:00;23:00;Totalt i retning Sandnes;6;100,0;1;1;0;6;0,00;-;-;-;-;-;-;-;-
99274B3204701;Sykkelstamvegen Forus nord;EV39 S1000D65 m24;2026-08-25T22:00+02:00;2026-08-25T23:00+02:00;2026-08-25;22:00;23:00;Totalt i retning Stavanger;1;100,0;1;1;0;1;0,00;-;-;-;-;-;-;-;-
99274B3204701;Sykkelstamvegen Forus nord;EV39 S1000D65 m24;2026-08-25T22:00+02:00;2026-08-25T23:00+02:00;2026-08-25;22:00;23:00;Totalt;7;100,0;1;1;0;7;0,00;-;-;-;-;-;-;-;-
99274B3204701;Sykkelstamvegen Forus nord;EV39 S1000D65 m24;2026-08-25T23:00+02:00;2026-08-26T00:00+02:00;2026-08-25;23:00;00:00;1;5;100,0;1;1;0;5;0,00;-;-;-;-;-;-;-;-
99274B3204701;Sykkelstamvegen Forus nord;EV39 S1000D65 m24;2026-08-25T23:00+02:00;2026-08-26T00:00+02:00;2026-08-25;23:00;00:00;2;2;100,0;1;1;0;2;0,00;-;-;-;-;-;-;-;-
99274B3204701;Sykkelstamvegen Forus nord;EV39 S1000D65 m24;2026-08-25T23:00+02:00;2026-08-26T00:00+02:00;2026-08-25;23:00;00:00;Totalt i retning Sandnes;5;100,0;1;1;0;5;0,00;-;-;-;-;-;-;-;-
99274B3204701;Sykkelstamvegen Forus nord;EV39 S1000D65 m24;2026-08-25T23:00+02:00;2026-08-26T00:00+02:00;2026-08-25;23:00;00:00;Totalt i retning Stavanger;2;100,0;1;1;0;2;0,00;-;-;-;-;-;-;-;-
99274B3204701;Sykkelstamvegen Forus nord;EV39 S1000D65 m24;2026-08-25T23:00+02:00;2026-08-26T00:00+02:00;2026-08-25;23:00;00:00;Totalt;7;100,0;1;1;0;7;0,00;-;-;-;-;-;-;-;-
99274B3204701;Sykkelstamvegen Forus nord;EV39 S1000D65 m24;2026-08-26T00:00+02:00;2026-08-26T01:00+02:00;2026-08-26;00:00;01:00;1;2;100,0;1;1;0;2;0,00;-;-;-;-;-;-;-;-
99274B3204701;Sykkelstamvegen Forus nord;EV39 S1000D65 m24;2026-08-26T00:00+02:00;2026-08-26T01:00+02:00;2026-08-26;00:00;01:00;2;0;100,0;1;1;0;0;100,00;-;-;-;-;-;-;-;-
99274B3204701;Sykkelstamvegen Forus nord;EV39 S1000D65 m24;2026-08-26T00:00+02:00;2026-08-26T01:00+02:00;2026-08-26;00:00;01:00;Totalt i retning Sandnes;2;100,0;1;1;0;2;0,00;-;-;-;-;-;-;-;-
99274B3204701;Sykkelstamvegen Forus nord;EV39 S1000D65 m24;2026-08-26T00:00+02:00;2026-08-26T01:00+02:00;2026-08-26;00:00;01:00;Totalt i retning Stavanger;0;100,0;1;1;0;0;100,00;-;-;-;-;-;-;-;-
99274B3204701;Sykkelstamvegen Forus nord;EV39 S1000D65 m24;2026-08-26T00:00+02:00;2026-08-26T01:00+02:00;2026-08-26;00:00;01:00;Totalt;2;100,0;1;1;0;2;0,00;-;-;-;-;-;-;-;-
99274B3204701;Sykkelstamvegen Forus nord;EV39 S1000D65 m24;2026-08-26T01:00+02:00;2026-08-26T02:00+02:00;2026-08-26;01:00;02:00;1;0;100,0;1;1;0;0;100,00;-;-;-;-;-;-;-;-
99274B3204701;Sykkelstamvegen Forus nord;EV39 S1000D65 m24;2026-08-26T01:00+02:00;2026-08-26T02:00+02:00;2026-08-26;01:00;02:00;2;0;100,0;1;1;0;0;100,00;-;-;-;-;-;-;-;-
99274B3204701;Sykkelstamvegen Forus nord;EV39 S1000D65 m24;2026-08-26T01:00+02:00;2026-08-26T02:00+02:00;2026-08-26;01:00;02:00;Totalt i retning Sandnes;0;100,0;1;1;0;0;100,00;-;-;-;-;-;-;-;-
99274B3204701;Sykkelstamvegen Forus nord;EV39 S1000D65 m24;2026-08-26T01:00+02:00;2026-08-26T02:00+02:00;2026-08-26;01:00;02:00;Totalt i retning Stavanger;0;100,0;1;1;0;0;100,00;-;-;-;-;-;-;-;-
99274B3204701;Sykkelstamvegen Forus nord;EV39 S1000D65 m24;2026-08-26T01:00+02:00;2026-08-26T02:00+02:00;2026-08-26;01:00;02:00;Totalt;0;100,0;1;1;0;0;100,00;-;-;-;-;-;-;-;-
99274B3204701;Sykkelstamvegen Forus nord;EV39 S1000D65 m24;2026-08-26T02:00+02:00;2026-08-26T03:00+02:00;2026-08-26;02:00;03:00;1;0;100,0;1;1;0;0;100,00;-;-;-;-;-;-;-;-
99274B3204701;Sykkelstamvegen Forus nord;EV39 S1000D65 m24;2026-08-26T02:00+02:00;2026-08-26T03:00+02:00;2026-08-26;02:00;03:00;2;0;100,0;1;1;0;0;100,00;-;-;-;-;-;-;-;-
99274B3204701;Sykkelstamvegen Forus nord;EV39 S1000D65 m24;2026-08-26T02:00+02:00;2026-08-26T03:00+02:00;2026-08-26;02:00;03:00;Totalt i retning Sandnes;0;100,0;1;1;0;0;100,00;-;-;-;-;-;-;-;-
99274B3204701;Sykkelstamvegen Forus nord;EV39 S1000D65 m24;2026-08-26T02:00+02:00;2026-08-26T03:00+02:00;2026-08-26;02:00;03:00;Totalt i retning Stavanger;0;100,0;1;1;0;0;100,00;-;-;-;-;-;-;-;-
99274B3204701;Sykkelstamvegen Forus nord;EV39 S1000D65 m24;2026-08-26T02:00+02:00;2026-08-26T03:00+02:00;2026-08-26;02:00;03:00;Totalt;0;100,0;1;1;0;0;100,00;-;-;-;-;-;-;-;-
99274B3204701;Sykkelstamvegen Forus nord;EV39 S1000D65 m24;2026-08-26T03:00+02:00;2026-08-26T04:00+02:00;2026-08-26;03:00;04:00;1;0;100,0;1;1;0;0;100,00;-;-;-;-;-;-;-;-
99274B3204701;Sykkelstamvegen Forus nord;EV39 S1000D65 m24;2026-08-26T03:00+02:00;2026-08-26T04:00+02:00;2026-08-26;03:00;04:00;2;1;100,0;1;1;0;1;0,00;-;-;-;-;-;-;-;-
99274B3204701;Sykkelstamvegen Forus nord;EV39 S1000D65 m24;2026-08-26T03:00+02:00;2026-08-26T04:00+02:00;2026-08-26;03:00;04:00;Totalt i retning Sandnes;0;100,0;1;1;0;0;100,00;-;-;-;-;-;-;-;-
99274B3204701;Sykkelstamvegen Forus nord;EV39 S1000D65 m24;2026-08-26T03:00+02:00;2026-08-26T04:00+02:00;2026-08-26;03:00;04:00;Totalt i retning Stavanger;1;100,0;1;1;0;1;0,00;-;-;-;-;-;-;-;-
99274B3204701;Sykkelstamvegen Forus nord;EV39 S1000D65 m24;2026-08-26T03:00+02:00;2026-08-26T04:00+02:00;2026-08-26;03:00;04:00;Totalt;1;100,0;1;1;0;1;0,00;-;-;-;-;-;-;-;-
99274B3204701;Sykkelstamvegen Forus nord;EV39 S1000D65 m24;2026-08-26T04:00+02:00;2026-08-26T05:00+02:00;2026-08-26;04:00;05:00;1;2;100,0;1;1;0;2;0,00;-;-;-;-;-;-;-;-
99274B3204701;Sykkelstamvegen Forus nord;EV39 S1000D65 m24;2026-08-26T04:00+02:00;2026-08-26T05:00+02:00;2026-08-26;04:00;05:00;2;0;100,0;1;1;0;0;100,00;-;-;-;-;-;-;-;-
99274B3204701;Sykkelstamvegen Forus nord;EV39 S1000D65 m24;2026-08-26T04:00+02:00;2026-08-26T05:00+02:00;2026-08-26;04:00;05:00;Totalt i retning Sandnes;2;100,0;1;1;0;2;0,00;-;-;-;-;-;-;-;-
99274B3204701;Sykkelstamvegen Forus nord;EV39 S1000D65 m24;2026-08-26T04:00+02:00;2026-08-26T05:00+02:00;2026-08-26;04:00;05:00;Totalt i retning Stavanger;0;100,0;1;1;0;0;100,00;-;-;-;-;-;-;-;-
99274B3204701;Sykkelstamvegen Forus nord;EV39 S1000D65 m24;2026-08-26T04:00+02:00;2026-08-26T05:00+02:00;2026-08-26;04:00;05:00;Totalt;2;100,0;1;1;0;2;0,00;-;-;-;-;-;-;-;-
99274B3204701;Sykkelstamvegen Forus nord;EV39 S1000D65 m24;2026-08-26T05:00+02:00;2026-08-26T06:00+02:00;2026-08-26;05:00;06:00;1;8;100,0;1;1;0;8;0,00;-;-;-;-;-;-;-;-
99274B3204701;Sykkelstamvegen Forus nord;EV39 S1000D65 m24;2026-08-26T05:00+02:00;2026-08-26T06:00+02:00;2026-08-26;05:00;06:00;2;14;100,0;1;1;0;14;0,00;-;-;-;-;-;-;-;-
99274B3204701;Sykkelstamvegen Forus nord;EV39 S1000D65 m24;2026-08-26T05:00+02:00;2026-08-26T06:00+02:00;2026-08-26;05:00;06:00;Totalt i retning Sandnes;8;100,0;1;1;0;8;0,00;-;-;-;-;-;-;-;-
99274B3204701;Sykkelstamvegen Forus nord;EV39 S1000D65 m24;2026-08-26T05:00+02:00;2026-08-26T06:00+02:00;2026-08-26;05:00;06:00;Totalt i retning Stavanger;14;100,0;1;1;0;14;0,00;-;-;-;-;-;-;-;-
99274B3204701;Sykkelstamvegen Forus nord;EV39 S1000D65 m24;2026-08-26T05:00+02:00;2026-08-26T06:00+02:00;2026-08-26;05:00;06:00;Totalt;22;100,0;1;1;0;22;0,00;-;-;-;-;-;-;-;-
99274B3204701;Sykkelstamvegen Forus nord;EV39 S1000D65 m24;2026-08-26T06:00+02:00;2026-08-26T07:00+02:00;2026-08-26;06:00;07:00;1;25;100,0;1;1;0;25;0,00;-;-;-;-;-;-;-;-
99274B3204701;Sykkelstamvegen Forus nord;EV39 S1000D65 m24;2026-08-26T06:00+02:00;2026-08-26T07:00+02:00;2026-08-26;06:00;07:00;2;71;100,0;1;1;0;71;0,00;-;-;-;-;-;-;-;-
99274B3204701;Sykkelstamvegen Forus nord;EV39 S1000D65 m24;2026-08-26T06:00+02:00;2026-08-26T07:00+02:00;2026-08-26;06:00;07:00;Totalt i retning Sandnes;24;100,0;1;1;0;24;0,00;-;-;-;-;-;-;-;-
99274B3204701;Sykkelstamvegen Forus nord;EV39 S1000D65 m24;2026-08-26T06:00+02:00;2026-08-26T07:00+02:00;2026-08-26;06:00;07:00;Totalt i retning Stavanger;72;100,0;1;1;0;72;0,00;-;-;-;-;-;-;-;-
99274B3204701;Sykkelstamvegen Forus nord;EV39 S1000D65 m24;2026-08-26T06:00+02:00;2026-08-26T07:00+02:00;2026-08-26;06:00;07:00;Totalt;96;100,0;1;1;0;96;0,00;-;-;-;-;-;-;-;-
99274B3204701;Sykkelstamvegen Forus nord;EV39 S1000D65 m24;2026-08-26T07:00+02:00;2026-08-26T08:00+02:00;2026-08-26;07:00;08:00;1;61;100,0;1;1;0;61;0,00;-;-;-;-;-;-;-;-
99274B3204701;Sykkelstamvegen Forus nord;EV39 S1000D65 m24;2026-08-26T07:00+02:00;2026-08-26T08:00+02:00;2026-08-26;07:00;08:00;2;134;100,0;1;1;0;134;0,00;-;-;-;-;-;-;-;-
99274B3204701;Sykkelstamvegen Forus nord;EV39 S1000D65 m24;2026-08-26T07:00+02:00;2026-08-26T08:00+02:00;2026-08-26;07:00;08:00;Totalt i retning Sandnes;61;100,0;1;1;0;61;0,00;-;-;-;-;-;-;-;-
99274B3204701;Sykkelstamvegen Forus nord;EV39 S1000D65 m24;2026-08-26T07:00+02:00;2026-08-26T08:00+02:00;2026-08-26;07:00;08:00;Totalt i retning Stavanger;134;100,0;1;1;0;134;0,00;-;-;-;-;-;-;-;-
99274B3204701;Sykkelstamvegen Forus nord;EV39 S1000D65 m24;2026-08-26T07:00+02:00;2026-08-26T08:00+02:00;2026-08-26;07:00;08:00;Totalt;195;100,0;1;1;0;195;0,00;-;-;-;-;-;-;-;-
99274B3204701;Sykkelstamvegen Forus nord;EV39 S1000D65 m24;2026-08-26T08:00+02:00;2026-08-26T09:00+02:00;2026-08-26;08:00;09:00;1;34;100,0;1;1;0;34;0,00;-;-;-;-;-;-;-;-
99274B3204701;Sykkelstamvegen Forus nord;EV39 S1000D65 m24;2026-08-26T08:00+02:00;2026-08-26T09:00+02:00;2026-08-26;08:00;09:00;2;64;100,0;1;1;0;64;0,00;-;-;-;-;-;-;-;-
99274B3204701;Sykkelstamvegen Forus nord;EV39 S1000D65 m24;2026-08-26T08:00+02:00;2026-08-26T09:00+02:00;2026-08-26;08:00;09:00;Totalt i retning Sandnes;36;100,0;1;1;0;36;0,00;-;-;-;-;-;-;-;-
99274B3204701;Sykkelstamvegen Forus nord;EV39 S1000D65 m24;2026-08-26T08:00+02:00;2026-08-26T09:00+02:00;2026-08-26;08:00;09:00;Totalt i retning Stavanger;62;100,0;1;1;0;62;0,00;-;-;-;-;-;-;-;-
99274B3204701;Sykkelstamvegen Forus nord;EV39 S1000D65 m24;2026-08-26T08:00+02:00;2026-08-26T09:00+02:00;2026-08-26;08:00;09:00;Totalt;98;100,0;1;1;0;98;0,00;-;-;-;-;-;-;-;-
99274B3204701;Sykkelstamvegen Forus nord;EV39 S1000D65 m24;2026-08-26T09:00+02:00;2026-08-26T10:00+02:00;2026-08-26;09:00;10:00;1;13;100,0;1;1;0;13;0,00;-;-;-;-;-;-;-;-
99274B3204701;Sykkelstamvegen Forus nord;EV39 S1000D65 m24;2026-08-26T09:00+02:00;2026-08-26T10:00+02:00;2026-08-26;09:00;10:00;2;22;100,0;1;1;0;22;0,00;-;-;-;-;-;-;-;-
99274B3204701;Sykkelstamvegen Forus nord;EV39 S1000D65 m24;2026-08-26T09:00+02:00;2026-08-26T10:00+02:00;2026-08-26;09:00;10:00;Totalt i retning Sandnes;13;100,0;1;1;0;13;0,00;-;-;-;-;-;-;-;-
99274B3204701;Sykkelstamvegen Forus nord;EV39 S1000D65 m24;2026-08-26T09:00+02:00;2026-08-26T10:00+02:00;2026-08-26;09:00;10:00;Totalt i retning Stavanger;22;100,0;1;1;0;22;0,00;-;-;-;-;-;-;-;-
99274B3204701;Sykkelstamvegen Forus nord;EV39 S1000D65 m24;2026-08-26T09:00+02:00;2026-08-26T10:00+02:00;2026-08-26;09:00;10:00;Totalt;35;100,0;1;1;0;35;0,00;-;-;-;-;-;-;-;-
99274B3204701;Sykkelstamvegen Forus nord;EV39 S1000D65 m24;2026-08-26T10:00+02:00;2026-08-26T11:00+02:00;2026-08-26;10:00;11:00;1;24;100,0;1;1;0;24;0,00;-;-;-;-;-;-;-;-
99274B3204701;Sykkelstamvegen Forus nord;EV39 S1000D65 m24;2026-08-26T10:00+02:00;2026-08-26T11:00+02:00;2026-08-26;10:00;11:00;2;27;100,0;1;1;0;27;0,00;-;-;-;-;-;-;-;-
99274B3204701;Sykkelstamvegen Forus nord;EV39 S1000D65 m24;2026-08-26T10:00+02:00;2026-08-26T11:00+02:00;2026-08-26;10:00;11:00;Totalt i retning Sandnes;24;100,0;1;1;0;24;0,00;-;-;-;-;-;-;-;-
99274B3204701;Sykkelstamvegen Forus nord;EV39 S1000D65 m24;2026-08-26T10:00+02:00;2026-08-26T11:00+02:00;2026-08-26;10:00;11:00;Totalt i retning Stavanger;27;100,0;1;1;0;27;0,00;-;-;-;-;-;-;-;-
99274B3204701;Sykkelstamvegen Forus nord;EV39 S1000D65 m24;2026-08-26T10:00+02:00;2026-08-26T11:00+02:00;2026-08-26;10:00;11:00;Totalt;51;100,0;1;1;0;51;0,00;-;-;-;-;-;-;-;-
99274B3204701;Sykkelstamvegen Forus nord;EV39 S1000D65 m24;2026-08-26T11:00+02:00;2026-08-26T12:00+02:00;2026-08-26;11:00;12:00;1;16;100,0;1;1;0;16;0,00;-;-;-;-;-;-;-;-
99274B3204701;Sykkelstamvegen Forus nord;EV39 S1000D65 m24;2026-08-26T11:00+02:00;2026-08-26T12:00+02:00;2026-08-26;11:00;12:00;2;20;100,0;1;1;0;20;0,00;-;-;-;-;-;-;-;-
99274B3204701;Sykkelstamvegen Forus nord;EV39 S1000D65 m24;2026-08-26T11:00+02:00;2026-08-26T12:00+02:00;2026-08-26;11:00;12:00;Totalt i retning Sandnes;17;100,0;1;1;0;17;0,00;-;-;-;-;-;-;-;-
99274B3204701;Sykkelstamvegen Forus nord;EV39 S1000D65 m24;2026-08-26T11:00+02:00;2026-08-26T12:00+02:00;2026-08-26;11:00;12:00;Totalt i retning Stavanger;19;100,0;1;1;0;19;0,00;-;-;-;-;-;-;-;-
99274B3204701;Sykkelstamvegen Forus nord;EV39 S1000D65 m24;2026-08-26T11:00+02:00;2026-08-26T12:00+02:00;2026-08-26;11:00;12:00;Totalt;36;100,0;1;1;0;36;0,00;-;-;-;-;-;-;-;-
99274B3204701;Sykkelstamvegen Forus nord;EV39 S1000D65 m24;2026-08-26T12:00+02:00;2026-08-26T13:00+02:00;2026-08-26;12:00;13:00;1;32;100,0;1;1;0;32;0,00;-;-;-;-;-;-;-;-
99274B3204701;Sykkelstamvegen Forus nord;EV39 S1000D65 m24;2026-08-26T12:00+02:00;2026-08-26T13:00+02:00;2026-08-26;12:00;13:00;2;23;100,0;1;1;0;23;0,00;-;-;-;-;-;-;-;-
99274B3204701;Sykkelstamvegen Forus nord;EV39 S1000D65 m24;2026-08-26T12:00+02:00;2026-08-26T13:00+02:00;2026-08-26;12:00;13:00;Totalt i retning Sandnes;33;100,0;1;1;0;33;0,00;-;-;-;-;-;-;-;-
99274B3204701;Sykkelstamvegen Forus nord;EV39 S1000D65 m24;2026-08-26T12:00+02:00;2026-08-26T13:00+02:00;2026-08-26;12:00;13:00;Totalt i retning Stavanger;22;100,0;1;1;0;22;0,00;-;-;-;-;-;-;-;-
99274B3204701;Sykkelstamvegen Forus nord;EV39 S1000D65 m24;2026-08-26T12:00+02:00;2026-08-26T13:00+02:00;2026-08-26;12:00;13:00;Totalt;55;100,0;1;1;0;55;0,00;-;-;-;-;-;-;-;-
99274B3204701;Sykkelstamvegen Forus nord;EV39 S1000D65 m24;2026-08-26T13:00+02:00;2026-08-26T14:00+02:00;2026-08-26;13:00;14:00;1;38;100,0;1;1;0;38;0,00;-;-;-;-;-;-;-;-
99274B3204701;Sykkelstamvegen Forus nord;EV39 S1000D65 m24;2026-08-26T13:00+02:00;2026-08-26T14:00+02:00;2026-08-26;13:00;14:00;2;23;100,0;1;1;0;23;0,00;-;-;-;-;-;-;-;-
99274B3204701;Sykkelstamvegen Forus nord;EV39 S1000D65 m24;2026-08-26T13:00+02:00;2026-08-26T14:00+02:00;2026-08-26;13:00;14:00;Totalt i retning Sandnes;37;100,0;1;1;0;37;0,00;-;-;-;-;-;-;-;-
99274B3204701;Sykkelstamvegen Forus nord;EV39 S1000D65 m24;2026-08-26T13:00+02:00;2026-08-26T14:00+02:00;2026-08-26;13:00;14:00;Totalt i retning Stavanger;24;100,0;1;1;0;24;0,00;-;-;-;-;-;-;-;-
99274B3204701;Sykkelstamvegen Forus nord;EV39 S1000D65 m24;2026-08-26T13:00+02:00;2026-08-26T14:00+02:00;2026-08-26;13:00;14:00;Totalt;61;100,0;1;1;0;61;0,00;-;-;-;-;-;-;-;-
99274B3204701;Sykkelstamvegen Forus nord;EV39 S1000D65 m24;2026-08-26T14:00+02:00;2026-08-26T15:00+02:00;2026-08-26;14:00;15:00;1;64;100,0;1;1;0;64;0,00;-;-;-;-;-;-;-;-
99274B3204701;Sykkelstamvegen Forus nord;EV39 S1000D65 m24;2026-08-26T14:00+02:00;2026-08-26T15:00+02:00;2026-08-26;14:00;15:00;2;46;100,0;1;1;0;46;0,00;-;-;-;-;-;-;-;-
99274B3204701;Sykkelstamvegen Forus nord;EV39 S1000D65 m24;2026-08-26T14:00+02:00;2026-08-26T15:00+02:00;2026-08-26;14:00;15:00;Totalt i retning Sandnes;65;100,0;1;1;0;65;0,00;-;-;-;-;-;-;-;-
99274B3204701;Sykkelstamvegen Forus nord;EV39 S1000D65 m24;2026-08-26T14:00+02:00;2026-08-26T15:00+02:00;2026-08-26;14:00;15:00;Totalt i retning Stavanger;45;100,0;1;1;0;45;0,00;-;-;-;-;-;-;-;-
99274B3204701;Sykkelstamvegen Forus nord;EV39 S1000D65 m24;2026-08-26T14:00+02:00;2026-08-26T15:00+02:00;2026-08-26;14:00;15:00;Totalt;110;100,0;1;1;0;110;0,00;-;-;-;-;-;-;-;-
99274B3204701;Sykkelstamvegen Forus nord;EV39 S1000D65 m24;2026-08-26T15:00+02:00;2026-08-26T16:00+02:00;2026-08-26;15:00;16:00;1;175;100,0;1;1;0;175;0,00;-;-;-;-;-;-;-;-
99274B3204701;Sykkelstamvegen Forus nord;EV39 S1000D65 m24;2026-08-26T15:00+02:00;2026-08-26T16:00+02:00;2026-08-26;15:00;16:00;2;69;100,0;1;1;0;69;0,00;-;-;-;-;-;-;-;-
99274B3204701;Sykkelstamvegen Forus nord;EV39 S1000D65 m24;2026-08-26T15:00+02:00;2026-08-26T16:00+02:00;2026-08-26;15:00;16:00;Totalt i retning Sandnes;177;100,0;1;1;0;177;0,00;-;-;-;-;-;-;-;-
99274B3204701;Sykkelstamvegen Forus nord;EV39 S1000D65 m24;2026-08-26T15:00+02:00;2026-08-26T16:00+02:00;2026-08-26;15:00;16:00;Totalt i retning Stavanger;67;100,0;1;1;0;67;0,00;-;-;-;-;-;-;-;-
99274B3204701;Sykkelstamvegen Forus nord;EV39 S1000D65 m24;2026-08-26T15:00+02:00;2026-08-26T16:00+02:00;2026-08-26;15:00;16:00;Totalt;244;100,0;1;1;0;244;0,00;-;-;-;-;-;-;-;-
99274B3204701;Sykkelstamvegen Forus nord;EV39 S1000D65 m24;2026-08-26T16:00+02:00;2026-08-26T17:00+02:00;2026-08-26;16:00;17:00;1;121;100,0;1;1;0;121;0,00;-;-;-;-;-;-;-;-
99274B3204701;Sykkelstamvegen Forus nord;EV39 S1000D65 m24;2026-08-26T16:00+02:00;2026-08-26T17:00+02:00;2026-08-26;16:00;17:00;2;51;100,0;1;1;0;51;0,00;-;-;-;-;-;-;-;-
99274B3204701;Sykkelstamvegen Forus nord;EV39 S1000D65 m24;2026-08-26T16:00+02:00;2026-08-26T17:00+02:00;2026-08-26;16:00;17:00;Totalt i retning Sandnes;118;100,0;1;1;0;118;0,00;-;-;-;-;-;-;-;-
99274B3204701;Sykkelstamvegen Forus nord;EV39 S1000D65 m24;2026-08-26T16:00+02:00;2026-08-26T17:00+02:00;2026-08-26;16:00;17:00;Totalt i retning Stavanger;54;100,0;1;1;0;54;0,00;-;-;-;-;-;-;-;-
99274B3204701;Sykkelstamvegen Forus nord;EV39 S1000D65 m24;2026-08-26T16:00+02:00;2026-08-26T17:00+02:00;2026-08-26;16:00;17:00;Totalt;172;100,0;1;1;0;172;0,00;-;-;-;-;-;-;-;-
99274B3204701;Sykkelstamvegen Forus nord;EV39 S1000D65 m24;2026-08-26T17:00+02:00;2026-08-26T18:00+02:00;2026-08-26;17:00;18:00;1;63;100,0;1;1;0;63;0,00;-;-;-;-;-;-;-;-
99274B3204701;Sykkelstamvegen Forus nord;EV39 S1000D65 m24;2026-08-26T17:00+02:00;2026-08-26T18:00+02:00;2026-08-26;17:00;18:00;2;39;100,0;1;1;0;39;0,00;-;-;-;-;-;-;-;-
99274B3204701;Sykkelstamvegen Forus nord;EV39 S1000D65 m24;2026-08-26T17:00+02:00;2026-08-26T18:00+02:00;2026-08-26;17:00;18:00;Totalt i retning Sandnes;61;100,0;1;1;0;61;0,00;-;-;-;-;-;-;-;-
99274B3204701;Sykkelstamvegen Forus nord;EV39 S1000D65 m24;2026-08-26T17:00+02:00;2026-08-26T18:00+02:00;2026-08-26;17:00;18:00;Totalt i retning Stavanger;41;100,0;1;1;0;41;0,00;-;-;-;-;-;-;-;-
99274B3204701;Sykkelstamvegen Forus nord;EV39 S1000D65 m24;2026-08-26T17:00+02:00;2026-08-26T18:00+02:00;2026-08-26;17:00;18:00;Totalt;102;100,0;1;1;0;102;0,00;-;-;-;-;-;-;-;-
99274B3204701;Sykkelstamvegen Forus nord;EV39 S1000D65 m24;2026-08-26T18:00+02:00;2026-08-26T19:00+02:00;2026-08-26;18:00;19:00;1;48;100,0;1;1;0;48;0,00;-;-;-;-;-;-;-;-
99274B3204701;Sykkelstamvegen Forus nord;EV39 S1000D65 m24;2026-08-26T18:00+02:00;2026-08-26T19:00+02:00;2026-08-26;18:00;19:00;2;40;100,0;1;1;0;40;0,00;-;-;-;-;-;-;-;-
99274B3204701;Sykkelstamvegen Forus nord;EV39 S1000D65 m24;2026-08-26T18:00+02:00;2026-08-26T19:00+02:00;2026-08-26;18:00;19:00;Totalt i retning Sandnes;48;100,0;1;1;0;48;0,00;-;-;-;-;-;-;-;-
99274B3204701;Sykkelstamvegen Forus nord;EV39 S1000D65 m24;2026-08-26T18:00+02:00;2026-08-26T19:00+02:00;2026-08-26;18:00;19:00;Totalt i retning Stavanger;40;100,0;1;1;0;40;0,00;-;-;-;-;-;-;-;-
99274B3204701;Sykkelstamvegen Forus nord;EV39 S1000D65 m24;2026-08-26T18:00+02:00;2026-08-26T19:00+02:00;2026-08-26;18:00;19:00;Totalt;88;100,0;1;1;0;88;0,00;-;-;-;-;-;-;-;-
99274B3204701;Sykkelstamvegen Forus nord;EV39 S1000D65 m24;2026-08-26T19:00+02:00;2026-08-26T20:00+02:00;2026-08-26;19:00;20:00;1;28;100,0;1;1;0;28;0,00;-;-;-;-;-;-;-;-
99274B3204701;Sykkelstamvegen Forus nord;EV39 S1000D65 m24;2026-08-26T19:00+02:00;2026-08-26T20:00+02:00;2026-08-26;19:00;20:00;2;22;100,0;1;1;0;22;0,00;-;-;-;-;-;-;-;-
99274B3204701;Sykkelstamvegen Forus nord;EV39 S1000D65 m24;2026-08-26T19:00+02:00;2026-08-26T20:00+02:00;2026-08-26;19:00;20:00;Totalt i retning Sandnes;26;100,0;1;1;0;26;0,00;-;-;-;-;-;-;-;-
99274B3204701;Sykkelstamvegen Forus nord;EV39 S1000D65 m24;2026-08-26T19:00+02:00;2026-08-26T20:00+02:00;2026-08-26;19:00;20:00;Totalt i retning Stavanger;24;100,0;1;1;0;24;0,00;-;-;-;-;-;-;-;-
99274B3204701;Sykkelstamvegen Forus nord;EV39 S1000D65 m24;2026-08-26T19:00+02:00;2026-08-26T20:00+02:00;2026-08-26;19:00;20:00;Totalt;50;100,0;1;1;0;50;0,00;-;-;-;-;-;-;-;-
99274B3204701;Sykkelstamvegen Forus nord;EV39 S1000D65 m24;2026-08-26T20:00+02:00;2026-08-26T21:00+02:00;2026-08-26;20:00;21:00;1;13;100,0;1;1;0;13;0,00;-;-;-;-;-;-;-;-
99274B3204701;Sykkelstamvegen Forus nord;EV39 S1000D65 m24;2026-08-26T20:00+02:00;2026-08-26T21:00+02:00;2026-08-26;20:00;21:00;2;6;100,0;1;1;0;6;0,00;-;-;-;-;-;-;-;-
99274B3204701;Sykkelstamvegen Forus nord;EV39 S1000D65 m24;2026-08-26T20:00+02:00;2026-08-26T21:00+02:00;2026-08-26;20:00;21:00;Totalt i retning Sandnes;13;100,0;1;1;0;13;0,00;-;-;-;-;-;-;-;-
99274B3204701;Sykkelstamvegen Forus nord;EV39 S1000D65 m24;2026-08-26T20:00+02:00;2026-08-26T21:00+02:00;2026-08-26;20:00;21:00;Totalt i retning Stavanger;6;100,0;1;1;0;6;0,00;-;-;-;-;-;-;-;-
99274B3204701;Sykkelstamvegen Forus nord;EV39 S1000D65 m24;2026-08-26T20:00+02:00;2026-08-26T21:00+02:00;2026-08-26;20:00;21:00;Totalt;19;100,0;1;1;0;19;0,00;-;-;-;-;-;-;-;-
99274B3204701;Sykkelstamvegen Forus nord;EV39 S1000D65 m24;2026-08-26T21:00+02:00;2026-08-26T22:00+02:00;2026-08-26;21:00;22:00;1;7;100,0;1;1;0;7;0,00;-;-;-;-;-;-;-;-
99274B3204701;Sykkelstamvegen Forus nord;EV39 S1000D65 m24;2026-08-26T21:00+02:00;2026-08-26T22:00+02:00;2026-08-26;21:00;22:00;2;7;100,0;1;1;0;7;0,00;-;-;-;-;-;-;-;-
99274B3204701;Sykkelstamvegen Forus nord;EV39 S1000D65 m24;2026-08-26T21:00+02:00;2026-08-26T22:00+02:00;2026-08-26;21:00;22:00;Totalt i retning Sandnes;7;100,0;1;1;0;7;0,00;-;-;-;-;-;-;-;-
99274B3204701;Sykkelstamvegen Forus nord;EV39 S1000D65 m24;2026-08-26T21:00+02:00;2026-08-26T22:00+02:00;2026-08-26;21:00;22:00;Totalt i retning Stavanger;7;100,0;1;1;0;7;0,00;-;-;-;-;-;-;-;-
99274B3204701;Sykkelstamvegen Forus nord;EV39 S1000D65 m24;2026-08-26T21:00+02:00;2026-08-26T22:00+02:00;2026-08-26;21:00;22:00;Totalt;14;100,0;1;1;0;14;0,00;-;-;-;-;-;-;-;-
99274B3204701;Sykkelstamvegen Forus nord;EV39 S1000D65 m24;2026-08-26T22:00+02:00;2026-08-26T23:00+02:00;2026-08-26;22:00;23:00;1;9;100,0;1;1;0;9;0,00;-;-;-;-;-;-;-;-
99274B3204701;Sykkelstamvegen Forus nord;EV39 S1000D65 m24;2026-08-26T22:00+02:00;2026-08-26T23:00+02:00;2026-08-26;22:00;23:00;2;1;100,0;1;1;0;1;0,00;-;-;-;-;-;-;-;-
99274B3204701;Sykkelstamvegen Forus nord;EV39 S1000D65 m24;2026-08-26T22:00+02:00;2026-08-26T23:00+02:00;2026-08-26;22:00;23:00;Totalt i retning Sandnes;9;100,0;1;1;0;9;0,00;-;-;-;-;-;-;-;-
99274B3204701;Sykkelstamvegen Forus nord;EV39 S1000D65 m24;2026-08-26T22:00+02:00;2026-08-26T23:00+02:00;2026-08-26;22:00;23:00;Totalt i retning Stavanger;1;100,0;1;1;0;1;0,00;-;-;-;-;-;-;-;-
99274B3204701;Sykkelstamvegen Forus nord;EV39 S1000D65 m24;2026-08-26T22:00+02:00;2026-08-26T23:00+02:00;2026-08-26;22:00;23:00;Totalt;10;100,0;1;1;0;10;0,00;-;-;-;-;-;-;-;-
99274B3204701;Sykkelstamvegen Forus nord;EV39 S1000D65 m24;2026-08-26T23:00+02:00;2026-08-27T00:00+02:00;2026-08-26;23:00;00:00;1;8;100,0;1;1;0;8;0,00;-;-;-;-;-;-;-;-
99274B3204701;Sykkelstamvegen Forus nord;EV39 S1000D65 m24;2026-08-26T23:00+02:00;2026-08-27T00:00+02:00;2026-08-26;23:00;00:00;2;2;100,0;1;1;0;2;0,00;-;-;-;-;-;-;-;-
99274B3204701;Sykkelstamvegen Forus nord;EV39 S1000D65 m24;2026-08-26T23:00+02:00;2026-08-27T00:00+02:00;2026-08-26;23:00;00:00;Totalt i retning Sandnes;8;100,0;1;1;0;8;0,00;-;-;-;-;-;-;-;-
99274B3204701;Sykkelstamvegen Forus nord;EV39 S1000D65 m24;2026-08-26T23:00+02:00;2026-08-27T00:00+02:00;2026-08-26;23:00;00:00;Totalt i retning Stavanger;2;100,0;1;1;0;2;0,00;-;-;-;-;-;-;-;-
99274B3204701;Sykkelstamvegen Forus nord;EV39 S1000D65 m24;2026-08-26T23:00+02:00;2026-08-27T00:00+02:00;2026-08-26;23:00;00:00;Totalt;10;100,0;1;1;0;10;0,00;-;-;-;-;-;-;-;-
99274B3204701;Sykkelstamvegen Forus nord;EV39 S1000D65 m24;2026-08-27T00:00+02:00;2026-08-27T01:00+02:00;2026-08-27;00:00;01:00;1;3;100,0;1;1;0;3;0,00;-;-;-;-;-;-;-;-
99274B3204701;Sykkelstamvegen Forus nord;EV39 S1000D65 m24;2026-08-27T00:00+02:00;2026-08-27T01:00+02:00;2026-08-27;00:00;01:00;2;1;100,0;1;1;0;1;0,00;-;-;-;-;-;-;-;-
99274B3204701;Sykkelstamvegen Forus nord;EV39 S1000D65 m24;2026-08-27T00:00+02:00;2026-08-27T01:00+02:00;2026-08-27;00:00;01:00;Totalt i retning Sandnes;3;100,0;1;1;0;3;0,00;-;-;-;-;-;-;-;-
99274B3204701;Sykkelstamvegen Forus nord;EV39 S1000D65 m24;2026-08-27T00:00+02:00;2026-08-27T01:00+02:00;2026-08-27;00:00;01:00;Totalt i retning Stavanger;1;100,0;1;1;0;1;0,00;-;-;-;-;-;-;-;-
99274B3204701;Sykkelstamvegen Forus nord;EV39 S1000D65 m24;2026-08-27T00:00+02:00;2026-08-27T01:00+02:00;2026-08-27;00:00;01:00;Totalt;4;100,0;1;1;0;4;0,00;-;-;-;-;-;-;-;-
99274B3204701;Sykkelstamvegen Forus nord;EV39 S1000D65 m24;2026-08-27T01:00+02:00;2026-08-27T02:00+02:00;2026-08-27;01:00;02:00;1;3;100,0;1;1;0;3;0,00;-;-;-;-;-;-;-;-
99274B3204701;Sykkelstamvegen Forus nord;EV39 S1000D65 m24;2026-08-27T01:00+02:00;2026-08-27T02:00+02:00;2026-08-27;01:00;02:00;2;0;100,0;1;1;0;0;100,00;-;-;-;-;-;-;-;-
99274B3204701;Sykkelstamvegen Forus nord;EV39 S1000D65 m24;2026-08-27T01:00+02:00;2026-08-27T02:00+02:00;2026-08-27;01:00;02:00;Totalt i retning Sandnes;3;100,0;1;1;0;3;0,00;-;-;-;-;-;-;-;-
99274B3204701;Sykkelstamvegen Forus nord;EV39 S1000D65 m24;2026-08-27T01:00+02:00;2026-08-27T02:00+02:00;2026-08-27;01:00;02:00;Totalt i retning Stavanger;0;100,0;1;1;0;0;100,00;-;-;-;-;-;-;-;-
99274B3204701;Sykkelstamvegen Forus nord;EV39 S1000D65 m24;2026-08-27T01:00+02:00;2026-08-27T02:00+02:00;2026-08-27;01:00;02:00;Totalt;3;100,0;1;1;0;3;0,00;-;-;-;-;-;-;-;-
99274B3204701;Sykkelstamvegen Forus nord;EV39 S1000D65 m24;2026-08-27T02:00+02:00;2026-08-27T03:00+02:00;2026-08-27;02:00;03:00;1;1;100,0;1;1;0;1;0,00;-;-;-;-;-;-;-;-
99274B3204701;Sykkelstamvegen Forus nord;EV39 S1000D65 m24;2026-08-27T02:00+02:00;2026-08-27T03:00+02:00;2026-08-27;02:00;03:00;2;0;100,0;1;1;0;0;100,00;-;-;-;-;-;-;-;-
99274B3204701;Sykkelstamvegen Forus nord;EV39 S1000D65 m24;2026-08-27T02:00+02:00;2026-08-27T03:00+02:00;2026-08-27;02:00;03:00;Totalt i retning Sandnes;1;100,0;1;1;0;1;0,00;-;-;-;-;-;-;-;-
99274B3204701;Sykkelstamvegen Forus nord;EV39 S1000D65 m24;2026-08-27T02:00+02:00;2026-08-27T03:00+02:00;2026-08-27;02:00;03:00;Totalt i retning Stavanger;0;100,0;1;1;0;0;100,00;-;-;-;-;-;-;-;-
99274B3204701;Sykkelstamvegen Forus nord;EV39 S1000D65 m24;2026-08-27T02:00+02:00;2026-08-27T03:00+02:00;2026-08-27;02:00;03:00;Totalt;1;100,0;1;1;0;1;0,00;-;-;-;-;-;-;-;-
99274B3204701;Sykkelstamvegen Forus nord;EV39 S1000D65 m24;2026-08-27T03:00+02:00;2026-08-27T04:00+02:00;2026-08-27;03:00;04:00;1;0;100,0;1;1;0;0;100,00;-;-;-;-;-;-;-;-
99274B3204701;Sykkelstamvegen Forus nord;EV39 S1000D65 m24;2026-08-27T03:00+02:00;2026-08-27T04:00+02:00;2026-08-27;03:00;04:00;2;1;100,0;1;1;0;1;0,00;-;-;-;-;-;-;-;-
99274B3204701;Sykkelstamvegen Forus nord;EV39 S1000D65 m24;2026-08-27T03:00+02:00;2026-08-27T04:00+02:00;2026-08-27;03:00;04:00;Totalt i retning Sandnes;0;100,0;1;1;0;0;100,00;-;-;-;-;-;-;-;-
99274B3204701;Sykkelstamvegen Forus nord;EV39 S1000D65 m24;2026-08-27T03:00+02:00;2026-08-27T04:00+02:00;2026-08-27;03:00;04:00;Totalt i retning Stavanger;1;100,0;1;1;0;1;0,00;-;-;-;-;-;-;-;-
99274B3204701;Sykkelstamvegen Forus nord;EV39 S1000D65 m24;2026-08-27T03:00+02:00;2026-08-27T04:00+02:00;2026-08-27;03:00;04:00;Totalt;1;100,0;1;1;0;1;0,00;-;-;-;-;-;-;-;-
99274B3204701;Sykkelstamvegen Forus nord;EV39 S1000D65 m24;2026-08-27T04:00+02:00;2026-08-27T05:00+02:00;2026-08-27;04:00;05:00;1;3;100,0;1;1;0;3;0,00;-;-;-;-;-;-;-;-
99274B3204701;Sykkelstamvegen Forus nord;EV39 S1000D65 m24;2026-08-27T04:00+02:00;2026-08-27T05:00+02:00;2026-08-27;04:00;05:00;2;1;100,0;1;1;0;1;0,00;-;-;-;-;-;-;-;-
99274B3204701;Sykkelstamvegen Forus nord;EV39 S1000D65 m24;2026-08-27T04:00+02:00;2026-08-27T05:00+02:00;2026-08-27;04:00;05:00;Totalt i retning Sandnes;3;100,0;1;1;0;3;0,00;-;-;-;-;-;-;-;-
99274B3204701;Sykkelstamvegen Forus nord;EV39 S1000D65 m24;2026-08-27T04:00+02:00;2026-08-27T05:00+02:00;2026-08-27;04:00;05:00;Totalt i retning Stavanger;1;100,0;1;1;0;1;0,00;-;-;-;-;-;-;-;-
99274B3204701;Sykkelstamvegen Forus nord;EV39 S1000D65 m24;2026-08-27T04:00+02:00;2026-08-27T05:00+02:00;2026-08-27;04:00;05:00;Totalt;4;100,0;1;1;0;4;0,00;-;-;-;-;-;-;-;-
99274B3204701;Sykkelstamvegen Forus nord;EV39 S1000D65 m24;2026-08-27T05:00+02:00;2026-08-27T06:00+02:00;2026-08-27;05:00;06:00;1;6;100,0;1;1;0;6;0,00;-;-;-;-;-;-;-;-
99274B3204701;Sykkelstamvegen Forus nord;EV39 S1000D65 m24;2026-08-27T05:00+02:00;2026-08-27T06:00+02:00;2026-08-27;05:00;06:00;2;14;100,0;1;1;0;14;0,00;-;-;-;-;-;-;-;-
99274B3204701;Sykkelstamvegen Forus nord;EV39 S1000D65 m24;2026-08-27T05:00+02:00;2026-08-27T06:00+02:00;2026-08-27;05:00;06:00;Totalt i retning Sandnes;6;100,0;1;1;0;6;0,00;-;-;-;-;-;-;-;-
99274B3204701;Sykkelstamvegen Forus nord;EV39 S1000D65 m24;2026-08-27T05:00+02:00;2026-08-27T06:00+02:00;2026-08-27;05:00;06:00;Totalt i retning Stavanger;14;100,0;1;1;0;14;0,00;-;-;-;-;-;-;-;-
99274B3204701;Sykkelstamvegen Forus nord;EV39 S1000D65 m24;2026-08-27T05:00+02:00;2026-08-27T06:00+02:00;2026-08-27;05:00;06:00;Totalt;20;100,0;1;1;0;20;0,00;-;-;-;-;-;-;-;-
99274B3204701;Sykkelstamvegen Forus nord;EV39 S1000D65 m24;2026-08-27T06:00+02:00;2026-08-27T07:00+02:00;2026-08-27;06:00;07:00;1;26;100,0;1;1;0;26;0,00;-;-;-;-;-;-;-;-
99274B3204701;Sykkelstamvegen Forus nord;EV39 S1000D65 m24;2026-08-27T06:00+02:00;2026-08-27T07:00+02:00;2026-08-27;06:00;07:00;2;60;100,0;1;1;0;60;0,00;-;-;-;-;-;-;-;-
99274B3204701;Sykkelstamvegen Forus nord;EV39 S1000D65 m24;2026-08-27T06:00+02:00;2026-08-27T07:00+02:00;2026-08-27;06:00;07:00;Totalt i retning Sandnes;25;100,0;1;1;0;25;0,00;-;-;-;-;-;-;-;-
99274B3204701;Sykkelstamvegen Forus nord;EV39 S1000D65 m24;2026-08-27T06:00+02:00;2026-08-27T07:00+02:00;2026-08-27;06:00;07:00;Totalt i retning Stavanger;61;100,0;1;1;0;61;0,00;-;-;-;-;-;-;-;-
99274B3204701;Sykkelstamvegen Forus nord;EV39 S1000D65 m24;2026-08-27T06:00+02:00;2026-08-27T07:00+02:00;2026-08-27;06:00;07:00;Totalt;86;100,0;1;1;0;86;0,00;-;-;-;-;-;-;-;-
99274B3204701;Sykkelstamvegen Forus nord;EV39 S1000D65 m24;2026-08-27T07:00+02:00;2026-08-27T08:00+02:00;2026-08-27;07:00;08:00;1;55;100,0;1;1;0;55;0,00;-;-;-;-;-;-;-;-
99274B3204701;Sykkelstamvegen Forus nord;EV39 S1000D65 m24;2026-08-27T07:00+02:00;2026-08-27T08:00+02:00;2026-08-27;07:00;08:00;2;129;100,0;1;1;0;129;0,00;-;-;-;-;-;-;-;-
99274B3204701;Sykkelstamvegen Forus nord;EV39 S1000D65 m24;2026-08-27T07:00+02:00;2026-08-27T08:00+02:00;2026-08-27;07:00;08:00;Totalt i retning Sandnes;54;100,0;1;1;0;54;0,00;-;-;-;-;-;-;-;-
99274B3204701;Sykkelstamvegen Forus nord;EV39 S1000D65 m24;2026-08-27T07:00+02:00;2026-08-27T08:00+02:00;2026-08-27;07:00;08:00;Totalt i retning Stavanger;130;100,0;1;1;0;130;0,00;-;-;-;-;-;-;-;-
99274B3204701;Sykkelstamvegen Forus nord;EV39 S1000D65 m24;2026-08-27T07:00+02:00;2026-08-27T08:00+02:00;2026-08-27;07:00;08:00;Totalt;184;100,0;1;1;0;184;0,00;-;-;-;-;-;-;-;-
99274B3204701;Sykkelstamvegen Forus nord;EV39 S1000D65 m24;2026-08-27T08:00+02:00;2026-08-27T09:00+02:00;2026-08-27;08:00;09:00;1;44;100,0;1;1;0;44;0,00;-;-;-;-;-;-;-;-
99274B3204701;Sykkelstamvegen Forus nord;EV39 S1000D65 m24;2026-08-27T08:00+02:00;2026-08-27T09:00+02:00;2026-08-27;08:00;09:00;2;65;100,0;1;1;0;65;0,00;-;-;-;-;-;-;-;-
99274B3204701;Sykkelstamvegen Forus nord;EV39 S1000D65 m24;2026-08-27T08:00+02:00;2026-08-27T09:00+02:00;2026-08-27;08:00;09:00;Totalt i retning Sandnes;44;100,0;1;1;0;44;0,00;-;-;-;-;-;-;-;-
99274B3204701;Sykkelstamvegen Forus nord;EV39 S1000D65 m24;2026-08-27T08:00+02:00;2026-08-27T09:00+02:00;2026-08-27;08:00;09:00;Totalt i retning Stavanger;65;100,0;1;1;0;65;0,00;-;-;-;-;-;-;-;-
99274B3204701;Sykkelstamvegen Forus nord;EV39 S1000D65 m24;2026-08-27T08:00+02:00;2026-08-27T09:00+02:00;2026-08-27;08:00;09:00;Totalt;109;100,0;1;1;0;109;0,00;-;-;-;-;-;-;-;-
99274B3204701;Sykkelstamvegen Forus nord;EV39 S1000D65 m24;2026-08-27T09:00+02:00;2026-08-27T10:00+02:00;2026-08-27;09:00;10:00;1;17;100,0;1;1;0;17;0,00;-;-;-;-;-;-;-;-
99274B3204701;Sykkelstamvegen Forus nord;EV39 S1000D65 m24;2026-08-27T09:00+02:00;2026-08-27T10:00+02:00;2026-08-27;09:00;10:00;2;26;100,0;1;1;0;26;0,00;-;-;-;-;-;-;-;-
99274B3204701;Sykkelstamvegen Forus nord;EV39 S1000D65 m24;2026-08-27T09:00+02:00;2026-08-27T10:00+02:00;2026-08-27;09:00;10:00;Totalt i retning Sandnes;17;100,0;1;1;0;17;0,00;-;-;-;-;-;-;-;-
99274B3204701;Sykkelstamvegen Forus nord;EV39 S1000D65 m24;2026-08-27T09:00+02:00;2026-08-27T10:00+02:00;2026-08-27;09:00;10:00;Totalt i retning Stavanger;26;100,0;1;1;0;26;0,00;-;-;-;-;-;-;-;-
99274B3204701;Sykkelstamvegen Forus nord;EV39 S1000D65 m24;2026-08-27T09:00+02:00;2026-08-27T10:00+02:00;2026-08-27;09:00;10:00;Totalt;43;100,0;1;1;0;43;0,00;-;-;-;-;-;-;-;-
99274B3204701;Sykkelstamvegen Forus nord;EV39 S1000D65 m24;2026-08-27T10:00+02:00;2026-08-27T11:00+02:00;2026-08-27;10:00;11:00;1;28;100,0;1;1;0;28;0,00;-;-;-;-;-;-;-;-
99274B3204701;Sykkelstamvegen Forus nord;EV39 S1000D65 m24;2026-08-27T10:00+02:00;2026-08-27T11:00+02:00;2026-08-27;10:00;11:00;2;27;100,0;1;1;0;27;0,00;-;-;-;-;-;-;-;-
99274B3204701;Sykkelstamvegen Forus nord;EV39 S1000D65 m24;2026-08-27T10:00+02:00;2026-08-27T11:00+02:00;2026-08-27;10:00;11:00;Totalt i retning Sandnes;28;100,0;1;1;0;28;0,00;-;-;-;-;-;-;-;-
99274B3204701;Sykkelstamvegen Forus nord;EV39 S1000D65 m24;2026-08-27T10:00+02:00;2026-08-27T11:00+02:00;2026-08-27;10:00;11:00;Totalt i retning Stavanger;27;100,0;1;1;0;27;0,00;-;-;-;-;-;-;-;-
99274B3204701;Sykkelstamvegen Forus nord;EV39 S1000D65 m24;2026-08-27T10:00+02:00;2026-08-27T11:00+02:00;2026-08-27;10:00;11:00;Totalt;55;100,0;1;1;0;55;0,00;-;-;-;-;-;-;-;-
99274B3204701;Sykkelstamvegen Forus nord;EV39 S1000D65 m24;2026-08-27T11:00+02:00;2026-08-27T12:00+02:00;2026-08-27;11:00;12:00;1;36;100,0;1;1;0;36;0,00;-;-;-;-;-;-;-;-
99274B3204701;Sykkelstamvegen Forus nord;EV39 S1000D65 m24;2026-08-27T11:00+02:00;2026-08-27T12:00+02:00;2026-08-27;11:00;12:00;2;23;100,0;1;1;0;23;0,00;-;-;-;-;-;-;-;-
99274B3204701;Sykkelstamvegen Forus nord;EV39 S1000D65 m24;2026-08-27T11:00+02:00;2026-08-27T12:00+02:00;2026-08-27;11:00;12:00;Totalt i retning Sandnes;30;100,0;1;1;0;30;0,00;-;-;-;-;-;-;-;-
99274B3204701;Sykkelstamvegen Forus nord;EV39 S1000D65 m24;2026-08-27T11:00+02:00;2026-08-27T12:00+02:00;2026-08-27;11:00;12:00;Totalt i retning Stavanger;29;100,0;1;1;0;29;0,00;-;-;-;-;-;-;-;-
99274B3204701;Sykkelstamvegen Forus nord;EV39 S1000D65 m24;2026-08-27T11:00+02:00;2026-08-27T12:00+02:00;2026-08-27;11:00;12:00;Totalt;59;100,0;1;1;0;59;0,00;-;-;-;-;-;-;-;-
99274B3204701;Sykkelstamvegen Forus nord;EV39 S1000D65 m24;2026-08-27T12:00+02:00;2026-08-27T13:00+02:00;2026-08-27;12:00;13:00;1;28;100,0;1;1;0;28;0,00;-;-;-;-;-;-;-;-
99274B3204701;Sykkelstamvegen Forus nord;EV39 S1000D65 m24;2026-08-27T12:00+02:00;2026-08-27T13:00+02:00;2026-08-27;12:00;13:00;2;33;100,0;1;1;0;33;0,00;-;-;-;-;-;-;-;-
99274B3204701;Sykkelstamvegen Forus nord;EV39 S1000D65 m24;2026-08-27T12:00+02:00;2026-08-27T13:00+02:00;2026-08-27;12:00;13:00;Totalt i retning Sandnes;28;100,0;1;1;0;28;0,00;-;-;-;-;-;-;-;-
99274B3204701;Sykkelstamvegen Forus nord;EV39 S1000D65 m24;2026-08-27T12:00+02:00;2026-08-27T13:00+02:00;2026-08-27;12:00;13:00;Totalt i retning Stavanger;33;100,0;1;1;0;33;0,00;-;-;-;-;-;-;-;-
99274B3204701;Sykkelstamvegen Forus nord;EV39 S1000D65 m24;2026-08-27T12:00+02:00;2026-08-27T13:00+02:00;2026-08-27;12:00;13:00;Totalt;61;100,0;1;1;0;61;0,00;-;-;-;-;-;-;-;-
99274B3204701;Sykkelstamvegen Forus nord;EV39 S1000D65 m24;2026-08-27T13:00+02:00;2026-08-27T14:00+02:00;2026-08-27;13:00;14:00;1;34;100,0;1;1;0;34;0,00;-;-;-;-;-;-;-;-
99274B3204701;Sykkelstamvegen Forus nord;EV39 S1000D65 m24;2026-08-27T13:00+02:00;2026-08-27T14:00+02:00;2026-08-27;13:00;14:00;2;23;100,0;1;1;0;23;0,00;-;-;-;-;-;-;-;-
99274B3204701;Sykkelstamvegen Forus nord;EV39 S1000D65 m24;2026-08-27T13:00+02:00;2026-08-27T14:00+02:00;2026-08-27;13:00;14:00;Totalt i retning Sandnes;34;100,0;1;1;0;34;0,00;-;-;-;-;-;-;-;-
99274B3204701;Sykkelstamvegen Forus nord;EV39 S1000D65 m24;2026-08-27T13:00+02:00;2026-08-27T14:00+02:00;2026-08-27;13:00;14:00;Totalt i retning Stavanger;23;100,0;1;1;0;23;0,00;-;-;-;-;-;-;-;-
99274B3204701;Sykkelstamvegen Forus nord;EV39 S1000D65 m24;2026-08-27T13:00+02:00;2026-08-27T14:00+02:00;2026-08-27;13:00;14:00;Totalt;57;100,0;1;1;0;57;0,00;-;-;-;-;-;-;-;-
99274B3204701;Sykkelstamvegen Forus nord;EV39 S1000D65 m24;2026-08-27T14:00+02:00;2026-08-27T15:00+02:00;2026-08-27;14:00;15:00;1;69;100,0;1;1;0;69;0,00;-;-;-;-;-;-;-;-
99274B3204701;Sykkelstamvegen Forus nord;EV39 S1000D65 m24;2026-08-27T14:00+02:00;2026-08-27T15:00+02:00;2026-08-27;14:00;15:00;2;40;100,0;1;1;0;40;0,00;-;-;-;-;-;-;-;-
99274B3204701;Sykkelstamvegen Forus nord;EV39 S1000D65 m24;2026-08-27T14:00+02:00;2026-08-27T15:00+02:00;2026-08-27;14:00;15:00;Totalt i retning Sandnes;69;100,0;1;1;0;69;0,00;-;-;-;-;-;-;-;-
99274B3204701;Sykkelstamvegen Forus nord;EV39 S1000D65 m24;2026-08-27T14:00+02:00;2026-08-27T15:00+02:00;2026-08-27;14:00;15:00;Totalt i retning Stavanger;40;100,0;1;1;0;40;0,00;-;-;-;-;-;-;-;-
99274B3204701;Sykkelstamvegen Forus nord;EV39 S1000D65 m24;2026-08-27T14:00+02:00;2026-08-27T15:00+02:00;2026-08-27;14:00;15:00;Totalt;109;100,0;1;1;0;109;0,00;-;-;-;-;-;-;-;-
99274B3204701;Sykkelstamvegen Forus nord;EV39 S1000D65 m24;2026-08-27T15:00+02:00;2026-08-27T16:00+02:00;2026-08-27;15:00;16:00;1;170;100,0;1;1;0;170;0,00;-;-;-;-;-;-;-;-
99274B3204701;Sykkelstamvegen Forus nord;EV39 S1000D65 m24;2026-08-27T15:00+02:00;2026-08-27T16:00+02:00;2026-08-27;15:00;16:00;2;56;100,0;1;1;0;56;0,00;-;-;-;-;-;-;-;-
99274B3204701;Sykkelstamvegen Forus nord;EV39 S1000D65 m24;2026-08-27T15:00+02:00;2026-08-27T16:00+02:00;2026-08-27;15:00;16:00;Totalt i retning Sandnes;170;100,0;1;1;0;170;0,00;-;-;-;-;-;-;-;-
99274B3204701;Sykkelstamvegen Forus nord;EV39 S1000D65 m24;2026-08-27T15:00+02:00;2026-08-27T16:00+02:00;2026-08-27;15:00;16:00;Totalt i retning Stavanger;56;100,0;1;1;0;56;0,00;-;-;-;-;-;-;-;-
99274B3204701;Sykkelstamvegen Forus nord;EV39 S1000D65 m24;2026-08-27T15:00+02:00;2026-08-27T16:00+02:00;2026-08-27;15:00;16:00;Totalt;226;100,0;1;1;0;226;0,00;-;-;-;-;-;-;-;-
99274B3204701;Sykkelstamvegen Forus nord;EV39 S1000D65 m24;2026-08-27T16:00+02:00;2026-08-27T17:00+02:00;2026-08-27;16:00;17:00;1;114;100,0;1;1;0;114;0,00;-;-;-;-;-;-;-;-
99274B3204701;Sykkelstamvegen Forus nord;EV39 S1000D65 m24;2026-08-27T16:00+02:00;2026-08-27T17:00+02:00;2026-08-27;16:00;17:00;2;64;100,0;1;1;0;64;0,00;-;-;-;-;-;-;-;-
99274B3204701;Sykkelstamvegen Forus nord;EV39 S1000D65 m24;2026-08-27T16:00+02:00;2026-08-27T17:00+02:00;2026-08-27;16:00;17:00;Totalt i retning Sandnes;112;100,0;1;1;0;112;0,00;-;-;-;-;-;-;-;-
99274B3204701;Sykkelstamvegen Forus nord;EV39 S1000D65 m24;2026-08-27T16:00+02:00;2026-08-27T17:00+02:00;2026-08-27;16:00;17:00;Totalt i retning Stavanger;66;100,0;1;1;0;66;0,00;-;-;-;-;-;-;-;-
99274B3204701;Sykkelstamvegen Forus nord;EV39 S1000D65 m24;2026-08-27T16:00+02:00;2026-08-27T17:00+02:00;2026-08-27;16:00;17:00;Totalt;178;100,0;1;1;0;178;0,00;-;-;-;-;-;-;-;-
99274B3204701;Sykkelstamvegen Forus nord;EV39 S1000D65 m24;2026-08-27T17:00+02:00;2026-08-27T18:00+02:00;2026-08-27;17:00;18:00;1;52;100,0;1;1;0;52;0,00;-;-;-;-;-;-;-;-
99274B3204701;Sykkelstamvegen Forus nord;EV39 S1000D65 m24;2026-08-27T17:00+02:00;2026-08-27T18:00+02:00;2026-08-27;17:00;18:00;2;21;100,0;1;1;0;21;0,00;-;-;-;-;-;-;-;-
99274B3204701;Sykkelstamvegen Forus nord;EV39 S1000D65 m24;2026-08-27T17:00+02:00;2026-08-27T18:00+02:00;2026-08-27;17:00;18:00;Totalt i retning Sandnes;52;100,0;1;1;0;52;0,00;-;-;-;-;-;-;-;-
99274B3204701;Sykkelstamvegen Forus nord;EV39 S1000D65 m24;2026-08-27T17:00+02:00;2026-08-27T18:00+02:00;2026-08-27;17:00;18:00;Totalt i retning Stavanger;21;100,0;1;1;0;21;0,00;-;-;-;-;-;-;-;-
99274B3204701;Sykkelstamvegen Forus nord;EV39 S1000D65 m24;2026-08-27T17:00+02:00;2026-08-27T18:00+02:00;2026-08-27;17:00;18:00;Totalt;73;100,0;1;1;0;73;0,00;-;-;-;-;-;-;-;-
99274B3204701;Sykkelstamvegen Forus nord;EV39 S1000D65 m24;2026-08-27T18:00+02:00;2026-08-27T19:00+02:00;2026-08-27;18:00;19:00;1;45;100,0;1;1;0;45;0,00;-;-;-;-;-;-;-;-
99274B3204701;Sykkelstamvegen Forus nord;EV39 S1000D65 m24;2026-08-27T18:00+02:00;2026-08-27T19:00+02:00;2026-08-27;18:00;19:00;2;47;100,0;1;1;0;47;0,00;-;-;-;-;-;-;-;-
99274B3204701;Sykkelstamvegen Forus nord;EV39 S1000D65 m24;2026-08-27T18:00+02:00;2026-08-27T19:00+02:00;2026-08-27;18:00;19:00;Totalt i retning Sandnes;44;100,0;1;1;0;44;0,00;-;-;-;-;-;-;-;-
99274B3204701;Sykkelstamvegen Forus nord;EV39 S1000D65 m24;2026-08-27T18:00+02:00;2026-08-27T19:00+02:00;2026-08-27;18:00;19:00;Totalt i retning Stavanger;48;100,0;1;1;0;48;0,00;-;-;-;-;-;-;-;-
99274B3204701;Sykkelstamvegen Forus nord;EV39 S1000D65 m24;2026-08-27T18:00+02:00;2026-08-27T19:00+02:00;2026-08-27;18:00;19:00;Totalt;92;100,0;1;1;0;92;0,00;-;-;-;-;-;-;-;-
99274B3204701;Sykkelstamvegen Forus nord;EV39 S1000D65 m24;2026-08-27T19:00+02:00;2026-08-27T20:00+02:00;2026-08-27;19:00;20:00;1;34;100,0;1;1;0;34;0,00;-;-;-;-;-;-;-;-
99274B3204701;Sykkelstamvegen Forus nord;EV39 S1000D65 m24;2026-08-27T19:00+02:00;2026-08-27T20:00+02:00;2026-08-27;19:00;20:00;2;22;100,0;1;1;0;22;0,00;-;-;-;-;-;-;-;-
99274B3204701;Sykkelstamvegen Forus nord;EV39 S1000D65 m24;2026-08-27T19:00+02:00;2026-08-27T20:00+02:00;2026-08-27;19:00;20:00;Totalt i retning Sandnes;35;100,0;1;1;0;35;0,00;-;-;-;-;-;-;-;-
99274B3204701;Sykkelstamvegen Forus nord;EV39 S1000D65 m24;2026-08-27T19:00+02:00;2026-08-27T20:00+02:00;2026-08-27;19:00;20:00;Totalt i retning Stavanger;21;100,0;1;1;0;21;0,00;-;-;-;-;-;-;-;-
99274B3204701;Sykkelstamvegen Forus nord;EV39 S1000D65 m24;2026-08-27T19:00+02:00;2026-08-27T20:00+02:00;2026-08-27;19:00;20:00;Totalt;56;100,0;1;1;0;56;0,00;-;-;-;-;-;-;-;-
99274B3204701;Sykkelstamvegen Forus nord;EV39 S1000D65 m24;2026-08-27T20:00+02:00;2026-08-27T21:00+02:00;2026-08-27;20:00;21:00;1;23;100,0;1;1;0;23;0,00;-;-;-;-;-;-;-;-
99274B3204701;Sykkelstamvegen Forus nord;EV39 S1000D65 m24;2026-08-27T20:00+02:00;2026-08-27T21:00+02:00;2026-08-27;20:00;21:00;2;19;100,0;1;1;0;19;0,00;-;-;-;-;-;-;-;-
99274B3204701;Sykkelstamvegen Forus nord;EV39 S1000D65 m24;2026-08-27T20:00+02:00;2026-08-27T21:00+02:00;2026-08-27;20:00;21:00;Totalt i retning Sandnes;24;100,0;1;1;0;24;0,00;-;-;-;-;-;-;-;-
99274B3204701;Sykkelstamvegen Forus nord;EV39 S1000D65 m24;2026-08-27T20:00+02:00;2026-08-27T21:00+02:00;2026-08-27;20:00;21:00;Totalt i retning Stavanger;18;100,0;1;1;0;18;0,00;-;-;-;-;-;-;-;-
99274B3204701;Sykkelstamvegen Forus nord;EV39 S1000D65 m24;2026-08-27T20:00+02:00;2026-08-27T21:00+02:00;2026-08-27;20:00;21:00;Totalt;42;100,0;1;1;0;42;0,00;-;-;-;-;-;-;-;-
99274B3204701;Sykkelstamvegen Forus nord;EV39 S1000D65 m24;2026-08-27T21:00+02:00;2026-08-27T22:00+02:00;2026-08-27;21:00;22:00;1;12;100,0;1;1;0;12;0,00;-;-;-;-;-;-;-;-
99274B3204701;Sykkelstamvegen Forus nord;EV39 S1000D65 m24;2026-08-27T21:00+02:00;2026-08-27T22:00+02:00;2026-08-27;21:00;22:00;2;15;100,0;1;1;0;15;0,00;-;-;-;-;-;-;-;-
99274B3204701;Sykkelstamvegen Forus nord;EV39 S1000D65 m24;2026-08-27T21:00+02:00;2026-08-27T22:00+02:00;2026-08-27;21:00;22:00;Totalt i retning Sandnes;12;100,0;1;1;0;12;0,00;-;-;-;-;-;-;-;-
99274B3204701;Sykkelstamvegen Forus nord;EV39 S1000D65 m24;2026-08-27T21:00+02:00;2026-08-27T22:00+02:00;2026-08-27;21:00;22:00;Totalt i retning Stavanger;15;100,0;1;1;0;15;0,00;-;-;-;-;-;-;-;-
99274B3204701;Sykkelstamvegen Forus nord;EV39 S1000D65 m24;2026-08-27T21:00+02:00;2026-08-27T22:00+02:00;2026-08-27;21:00;22:00;Totalt;27;100,0;1;1;0;27;0,00;-;-;-;-;-;-;-;-
99274B3204701;Sykkelstamvegen Forus nord;EV39 S1000D65 m24;2026-08-27T22:00+02:00;2026-08-27T23:00+02:00;2026-08-27;22:00;23:00;1;6;100,0;1;1;0;6;0,00;-;-;-;-;-;-;-;-
99274B3204701;Sykkelstamvegen Forus nord;EV39 S1000D65 m24;2026-08-27T22:00+02:00;2026-08-27T23:00+02:00;2026-08-27;22:00;23:00;2;4;100,0;1;1;0;4;0,00;-;-;-;-;-;-;-;-
99274B3204701;Sykkelstamvegen Forus nord;EV39 S1000D65 m24;2026-08-27T22:00+02:00;2026-08-27T23:00+02:00;2026-08-27;22:00;23:00;Totalt i retning Sandnes;5;100,0;1;1;0;5;0,00;-;-;-;-;-;-;-;-
99274B3204701;Sykkelstamvegen Forus nord;EV39 S1000D65 m24;2026-08-27T22:00+02:00;2026-08-27T23:00+02:00;2026-08-27;22:00;23:00;Totalt i retning Stavanger;5;100,0;1;1;0;5;0,00;-;-;-;-;-;-;-;-
99274B3204701;Sykkelstamvegen Forus nord;EV39 S1000D65 m24;2026-08-27T22:00+02:00;2026-08-27T23:00+02:00;2026-08-27;22:00;23:00;Totalt;10;100,0;1;1;0;10;0,00;-;-;-;-;-;-;-;-
99274B3204701;Sykkelstamvegen Forus nord;EV39 S1000D65 m24;2026-08-27T23:00+02:00;2026-08-28T00:00+02:00;2026-08-27;23:00;00:00;1;3;100,0;1;1;0;3;0,00;-;-;-;-;-;-;-;-
99274B3204701;Sykkelstamvegen Forus nord;EV39 S1000D65 m24;2026-08-27T23:00+02:00;2026-08-28T00:00+02:00;2026-08-27;23:00;00:00;2;1;100,0;1;1;0;1;0,00;-;-;-;-;-;-;-;-
99274B3204701;Sykkelstamvegen Forus nord;EV39 S1000D65 m24;2026-08-27T23:00+02:00;2026-08-28T00:00+02:00;2026-08-27;23:00;00:00;Totalt i retning Sandnes;3;100,0;1;1;0;3;0,00;-;-;-;-;-;-;-;-
99274B3204701;Sykkelstamvegen Forus nord;EV39 S1000D65 m24;2026-08-27T23:00+02:00;2026-08-28T00:00+02:00;2026-08-27;23:00;00:00;Totalt i retning Stavanger;1;100,0;1;1;0;1;0,00;-;-;-;-;-;-;-;-
99274B3204701;Sykkelstamvegen Forus nord;EV39 S1000D65 m24;2026-08-27T23:00+02:00;2026-08-28T00:00+02:00;2026-08-27;23:00;00:00;Totalt;4;100,0;1;1;0;4;0,00;-;-;-;-;-;-;-;-
99274B3204701;Sykkelstamvegen Forus nord;EV39 S1000D65 m24;2026-08-28T00:00+02:00;2026-08-28T01:00+02:00;2026-08-28;00:00;01:00;1;0;100,0;1;1;0;0;100,00;-;-;-;-;-;-;-;-
99274B3204701;Sykkelstamvegen Forus nord;EV39 S1000D65 m24;2026-08-28T00:00+02:00;2026-08-28T01:00+02:00;2026-08-28;00:00;01:00;2;1;100,0;1;1;0;1;0,00;-;-;-;-;-;-;-;-
99274B3204701;Sykkelstamvegen Forus nord;EV39 S1000D65 m24;2026-08-28T00:00+02:00;2026-08-28T01:00+02:00;2026-08-28;00:00;01:00;Totalt i retning Sandnes;0;100,0;1;1;0;0;100,00;-;-;-;-;-;-;-;-
99274B3204701;Sykkelstamvegen Forus nord;EV39 S1000D65 m24;2026-08-28T00:00+02:00;2026-08-28T01:00+02:00;2026-08-28;00:00;01:00;Totalt i retning Stavanger;1;100,0;1;1;0;1;0,00;-;-;-;-;-;-;-;-
99274B3204701;Sykkelstamvegen Forus nord;EV39 S1000D65 m24;2026-08-28T00:00+02:00;2026-08-28T01:00+02:00;2026-08-28;00:00;01:00;Totalt;1;100,0;1;1;0;1;0,00;-;-;-;-;-;-;-;-
99274B3204701;Sykkelstamvegen Forus nord;EV39 S1000D65 m24;2026-08-28T01:00+02:00;2026-08-28T02:00+02:00;2026-08-28;01:00;02:00;1;2;100,0;1;1;0;2;0,00;-;-;-;-;-;-;-;-
99274B3204701;Sykkelstamvegen Forus nord;EV39 S1000D65 m24;2026-08-28T01:00+02:00;2026-08-28T02:00+02:00;2026-08-28;01:00;02:00;2;0;100,0;1;1;0;0;100,00;-;-;-;-;-;-;-;-
99274B3204701;Sykkelstamvegen Forus nord;EV39 S1000D65 m24;2026-08-28T01:00+02:00;2026-08-28T02:00+02:00;2026-08-28;01:00;02:00;Totalt i retning Sandnes;2;100,0;1;1;0;2;0,00;-;-;-;-;-;-;-;-
99274B3204701;Sykkelstamvegen Forus nord;EV39 S1000D65 m24;2026-08-28T01:00+02:00;2026-08-28T02:00+02:00;2026-08-28;01:00;02:00;Totalt i retning Stavanger;0;100,0;1;1;0;0;100,00;-;-;-;-;-;-;-;-
99274B3204701;Sykkelstamvegen Forus nord;EV39 S1000D65 m24;2026-08-28T01:00+02:00;2026-08-28T02:00+02:00;2026-08-28;01:00;02:00;Totalt;2;100,0;1;1;0;2;0,00;-;-;-;-;-;-;-;-
99274B3204701;Sykkelstamvegen Forus nord;EV39 S1000D65 m24;2026-08-28T02:00+02:00;2026-08-28T03:00+02:00;2026-08-28;02:00;03:00;1;1;100,0;1;1;0;1;0,00;-;-;-;-;-;-;-;-
99274B3204701;Sykkelstamvegen Forus nord;EV39 S1000D65 m24;2026-08-28T02:00+02:00;2026-08-28T03:00+02:00;2026-08-28;02:00;03:00;2;0;100,0;1;1;0;0;100,00;-;-;-;-;-;-;-;-
99274B3204701;Sykkelstamvegen Forus nord;EV39 S1000D65 m24;2026-08-28T02:00+02:00;2026-08-28T03:00+02:00;2026-08-28;02:00;03:00;Totalt i retning Sandnes;1;100,0;1;1;0;1;0,00;-;-;-;-;-;-;-;-
99274B3204701;Sykkelstamvegen Forus nord;EV39 S1000D65 m24;2026-08-28T02:00+02:00;2026-08-28T03:00+02:00;2026-08-28;02:00;03:00;Totalt i retning Stavanger;0;100,0;1;1;0;0;100,00;-;-;-;-;-;-;-;-
99274B3204701;Sykkelstamvegen Forus nord;EV39 S1000D65 m24;2026-08-28T02:00+02:00;2026-08-28T03:00+02:00;2026-08-28;02:00;03:00;Totalt;1;100,0;1;1;0;1;0,00;-;-;-;-;-;-;-;-
99274B3204701;Sykkelstamvegen Forus nord;EV39 S1000D65 m24;2026-08-28T03:00+02:00;2026-08-28T04:00+02:00;2026-08-28;03:00;04:00;1;0;100,0;1;1;0;0;100,00;-;-;-;-;-;-;-;-
99274B3204701;Sykkelstamvegen Forus nord;EV39 S1000D65 m24;2026-08-28T03:00+02:00;2026-08-28T04:00+02:00;2026-08-28;03:00;04:00;2;0;100,0;1;1;0;0;100,00;-;-;-;-;-;-;-;-
99274B3204701;Sykkelstamvegen Forus nord;EV39 S1000D65 m24;2026-08-28T03:00+02:00;2026-08-28T04:00+02:00;2026-08-28;03:00;04:00;Totalt i retning Sandnes;0;100,0;1;1;0;0;100,00;-;-;-;-;-;-;-;-
99274B3204701;Sykkelstamvegen Forus nord;EV39 S1000D65 m24;2026-08-28T03:00+02:00;2026-08-28T04:00+02:00;2026-08-28;03:00;04:00;Totalt i retning Stavanger;0;100,0;1;1;0;0;100,00;-;-;-;-;-;-;-;-
99274B3204701;Sykkelstamvegen Forus nord;EV39 S1000D65 m24;2026-08-28T03:00+02:00;2026-08-28T04:00+02:00;2026-08-28;03:00;04:00;Totalt;0;100,0;1;1;0;0;100,00;-;-;-;-;-;-;-;-
99274B3204701;Sykkelstamvegen Forus nord;EV39 S1000D65 m24;2026-08-28T04:00+02:00;2026-08-28T05:00+02:00;2026-08-28;04:00;05:00;1;1;100,0;1;1;0;1;0,00;-;-;-;-;-;-;-;-
99274B3204701;Sykkelstamvegen Forus nord;EV39 S1000D65 m24;2026-08-28T04:00+02:00;2026-08-28T05:00+02:00;2026-08-28;04:00;05:00;2;0;100,0;1;1;0;0;100,00;-;-;-;-;-;-;-;-
99274B3204701;Sykkelstamvegen Forus nord;EV39 S1000D65 m24;2026-08-28T04:00+02:00;2026-08-28T05:00+02:00;2026-08-28;04:00;05:00;Totalt i retning Sandnes;1;100,0;1;1;0;1;0,00;-;-;-;-;-;-;-;-
99274B3204701;Sykkelstamvegen Forus nord;EV39 S1000D65 m24;2026-08-28T04:00+02:00;2026-08-28T05:00+02:00;2026-08-28;04:00;05:00;Totalt i retning Stavanger;0;100,0;1;1;0;0;100,00;-;-;-;-;-;-;-;-
99274B3204701;Sykkelstamvegen Forus nord;EV39 S1000D65 m24;2026-08-28T04:00+02:00;2026-08-28T05:00+02:00;2026-08-28;04:00;05:00;Totalt;1;100,0;1;1;0;1;0,00;-;-;-;-;-;-;-;-
99274B3204701;Sykkelstamvegen Forus nord;EV39 S1000D65 m24;2026-08-28T05:00+02:00;2026-08-28T06:00+02:00;2026-08-28;05:00;06:00;1;4;100,0;1;1;0;4;0,00;-;-;-;-;-;-;-;-
99274B3204701;Sykkelstamvegen Forus nord;EV39 S1000D65 m24;2026-08-28T05:00+02:00;2026-08-28T06:00+02:00;2026-08-28;05:00;06:00;2;6;100,0;1;1;0;6;0,00;-;-;-;-;-;-;-;-
99274B3204701;Sykkelstamvegen Forus nord;EV39 S1000D65 m24;2026-08-28T05:00+02:00;2026-08-28T06:00+02:00;2026-08-28;05:00;06:00;Totalt i retning Sandnes;4;100,0;1;1;0;4;0,00;-;-;-;-;-;-;-;-
99274B3204701;Sykkelstamvegen Forus nord;EV39 S1000D65 m24;2026-08-28T05:00+02:00;2026-08-28T06:00+02:00;2026-08-28;05:00;06:00;Totalt i retning Stavanger;6;100,0;1;1;0;6;0,00;-;-;-;-;-;-;-;-
99274B3204701;Sykkelstamvegen Forus nord;EV39 S1000D65 m24;2026-08-28T05:00+02:00;2026-08-28T06:00+02:00;2026-08-28;05:00;06:00;Totalt;10;100,0;1;1;0;10;0,00;-;-;-;-;-;-;-;-
99274B3204701;Sykkelstamvegen Forus nord;EV39 S1000D65 m24;2026-08-28T06:00+02:00;2026-08-28T07:00+02:00;2026-08-28;06:00;07:00;1;16;100,0;1;1;0;16;0,00;-;-;-;-;-;-;-;-
99274B3204701;Sykkelstamvegen Forus nord;EV39 S1000D65 m24;2026-08-28T06:00+02:00;2026-08-28T07:00+02:00;2026-08-28;06:00;07:00;2;32;100,0;1;1;0;32;0,00;-;-;-;-;-;-;-;-
99274B3204701;Sykkelstamvegen Forus nord;EV39 S1000D65 m24;2026-08-28T06:00+02:00;2026-08-28T07:00+02:00;2026-08-28;06:00;07:00;Totalt i retning Sandnes;16;100,0;1;1;0;16;0,00;-;-;-;-;-;-;-;-
99274B3204701;Sykkelstamvegen Forus nord;EV39 S1000D65 m24;2026-08-28T06:00+02:00;2026-08-28T07:00+02:00;2026-08-28;06:00;07:00;Totalt i retning Stavanger;32;100,0;1;1;0;32;0,00;-;-;-;-;-;-;-;-
99274B3204701;Sykkelstamvegen Forus nord;EV39 S1000D65 m24;2026-08-28T06:00+02:00;2026-08-28T07:00+02:00;2026-08-28;06:00;07:00;Totalt;48;100,0;1;1;0;48;0,00;-;-;-;-;-;-;-;-
99274B3204701;Sykkelstamvegen Forus nord;EV39 S1000D65 m24;2026-08-28T07:00+02:00;2026-08-28T08:00+02:00;2026-08-28;07:00;08:00;1;31;100,0;1;1;0;31;0,00;-;-;-;-;-;-;-;-
99274B3204701;Sykkelstamvegen Forus nord;EV39 S1000D65 m24;2026-08-28T07:00+02:00;2026-08-28T08:00+02:00;2026-08-28;07:00;08:00;2;60;100,0;1;1;0;60;0,00;-;-;-;-;-;-;-;-
99274B3204701;Sykkelstamvegen Forus nord;EV39 S1000D65 m24;2026-08-28T07:00+02:00;2026-08-28T08:00+02:00;2026-08-28;07:00;08:00;Totalt i retning Sandnes;29;100,0;1;1;0;29;0,00;-;-;-;-;-;-;-;-
99274B3204701;Sykkelstamvegen Forus nord;EV39 S1000D65 m24;2026-08-28T07:00+02:00;2026-08-28T08:00+02:00;2026-08-28;07:00;08:00;Totalt i retning Stavanger;62;100,0;1;1;0;62;0,00;-;-;-;-;-;-;-;-
99274B3204701;Sykkelstamvegen Forus nord;EV39 S1000D65 m24;2026-08-28T07:00+02:00;2026-08-28T08:00+02:00;2026-08-28;07:00;08:00;Totalt;91;100,0;1;1;0;91;0,00;-;-;-;-;-;-;-;-
99274B3204701;Sykkelstamvegen Forus nord;EV39 S1000D65 m24;2026-08-28T08:00+02:00;2026-08-28T09:00+02:00;2026-08-28;08:00;09:00;1;13;100,0;1;1;0;13;0,00;-;-;-;-;-;-;-;-
99274B3204701;Sykkelstamvegen Forus nord;EV39 S1000D65 m24;2026-08-28T08:00+02:00;2026-08-28T09:00+02:00;2026-08-28;08:00;09:00;2;37;100,0;1;1;0;37;0,00;-;-;-;-;-;-;-;-
99274B3204701;Sykkelstamvegen Forus nord;EV39 S1000D65 m24;2026-08-28T08:00+02:00;2026-08-28T09:00+02:00;2026-08-28;08:00;09:00;Totalt i retning Sandnes;14;100,0;1;1;0;14;0,00;-;-;-;-;-;-;-;-
99274B3204701;Sykkelstamvegen Forus nord;EV39 S1000D65 m24;2026-08-28T08:00+02:00;2026-08-28T09:00+02:00;2026-08-28;08:00;09:00;Totalt i retning Stavanger;36;100,0;1;1;0;36;0,00;-;-;-;-;-;-;-;-
99274B3204701;Sykkelstamvegen Forus nord;EV39 S1000D65 m24;2026-08-28T08:00+02:00;2026-08-28T09:00+02:00;2026-08-28;08:00;09:00;Totalt;50;100,0;1;1;0;50;0,00;-;-;-;-;-;-;-;-
99274B3204701;Sykkelstamvegen Forus nord;EV39 S1000D65 m24;2026-08-28T09:00+02:00;2026-08-28T10:00+02:00;2026-08-28;09:00;10:00;1;11;100,0;1;1;0;11;0,00;-;-;-;-;-;-;-;-
99274B3204701;Sykkelstamvegen Forus nord;EV39 S1000D65 m24;2026-08-28T09:00+02:00;2026-08-28T10:00+02:00;2026-08-28;09:00;10:00;2;12;100,0;1;1;0;12;0,00;-;-;-;-;-;-;-;-
99274B3204701;Sykkelstamvegen Forus nord;EV39 S1000D65 m24;2026-08-28T09:00+02:00;2026-08-28T10:00+02:00;2026-08-28;09:00;10:00;Totalt i retning Sandnes;11;100,0;1;1;0;11;0,00;-;-;-;-;-;-;-;-
99274B3204701;Sykkelstamvegen Forus nord;EV39 S1000D65 m24;2026-08-28T09:00+02:00;2026-08-28T10:00+02:00;2026-08-28;09:00;10:00;Totalt i retning Stavanger;12;100,0;1;1;0;12;0,00;-;-;-;-;-;-;-;-
99274B3204701;Sykkelstamvegen Forus nord;EV39 S1000D65 m24;2026-08-28T09:00+02:00;2026-08-28T10:00+02:00;2026-08-28;09:00;10:00;Totalt;23;100,0;1;1;0;23;0,00;-;-;-;-;-;-;-;-
99274B3204701;Sykkelstamvegen Forus nord;EV39 S1000D65 m24;2026-08-28T10:00+02:00;2026-08-28T11:00+02:00;2026-08-28;10:00;11:00;1;2;100,0;1;1;0;2;0,00;-;-;-;-;-;-;-;-
99274B3204701;Sykkelstamvegen Forus nord;EV39 S1000D65 m24;2026-08-28T10:00+02:00;2026-08-28T11:00+02:00;2026-08-28;10:00;11:00;2;4;100,0;1;1;0;4;0,00;-;-;-;-;-;-;-;-
99274B3204701;Sykkelstamvegen Forus nord;EV39 S1000D65 m24;2026-08-28T10:00+02:00;2026-08-28T11:00+02:00;2026-08-28;10:00;11:00;Totalt i retning Sandnes;2;100,0;1;1;0;2;0,00;-;-;-;-;-;-;-;-
99274B3204701;Sykkelstamvegen Forus nord;EV39 S1000D65 m24;2026-08-28T10:00+02:00;2026-08-28T11:00+02:00;2026-08-28;10:00;11:00;Totalt i retning Stavanger;4;100,0;1;1;0;4;0,00;-;-;-;-;-;-;-;-
99274B3204701;Sykkelstamvegen Forus nord;EV39 S1000D65 m24;2026-08-28T10:00+02:00;2026-08-28T11:00+02:00;2026-08-28;10:00;11:00;Totalt;6;100,0;1;1;0;6;0,00;-;-;-;-;-;-;-;-
99274B3204701;Sykkelstamvegen Forus nord;EV39 S1000D65 m24;2026-08-28T11:00+02:00;2026-08-28T12:00+02:00;2026-08-28;11:00;12:00;1;3;100,0;1;1;0;3;0,00;-;-;-;-;-;-;-;-
99274B3204701;Sykkelstamvegen Forus nord;EV39 S1000D65 m24;2026-08-28T11:00+02:00;2026-08-28T12:00+02:00;2026-08-28;11:00;12:00;2;5;100,0;1;1;0;5;0,00;-;-;-;-;-;-;-;-
99274B3204701;Sykkelstamvegen Forus nord;EV39 S1000D65 m24;2026-08-28T11:00+02:00;2026-08-28T12:00+02:00;2026-08-28;11:00;12:00;Totalt i retning Sandnes;3;100,0;1;1;0;3;0,00;-;-;-;-;-;-;-;-
99274B3204701;Sykkelstamvegen Forus nord;EV39 S1000D65 m24;2026-08-28T11:00+02:00;2026-08-28T12:00+02:00;2026-08-28;11:00;12:00;Totalt i retning Stavanger;5;100,0;1;1;0;5;0,00;-;-;-;-;-;-;-;-
99274B3204701;Sykkelstamvegen Forus nord;EV39 S1000D65 m24;2026-08-28T11:00+02:00;2026-08-28T12:00+02:00;2026-08-28;11:00;12:00;Totalt;8;100,0;1;1;0;8;0,00;-;-;-;-;-;-;-;-
99274B3204701;Sykkelstamvegen Forus nord;EV39 S1000D65 m24;2026-08-28T12:00+02:00;2026-08-28T13:00+02:00;2026-08-28;12:00;13:00;1;4;100,0;1;1;0;4;0,00;-;-;-;-;-;-;-;-
99274B3204701;Sykkelstamvegen Forus nord;EV39 S1000D65 m24;2026-08-28T12:00+02:00;2026-08-28T13:00+02:00;2026-08-28;12:00;13:00;2;10;100,0;1;1;0;10;0,00;-;-;-;-;-;-;-;-
99274B3204701;Sykkelstamvegen Forus nord;EV39 S1000D65 m24;2026-08-28T12:00+02:00;2026-08-28T13:00+02:00;2026-08-28;12:00;13:00;Totalt i retning Sandnes;4;100,0;1;1;0;4;0,00;-;-;-;-;-;-;-;-
99274B3204701;Sykkelstamvegen Forus nord;EV39 S1000D65 m24;2026-08-28T12:00+02:00;2026-08-28T13:00+02:00;2026-08-28;12:00;13:00;Totalt i retning Stavanger;10;100,0;1;1;0;10;0,00;-;-;-;-;-;-;-;-
99274B3204701;Sykkelstamvegen Forus nord;EV39 S1000D65 m24;2026-08-28T12:00+02:00;2026-08-28T13:00+02:00;2026-08-28;12:00;13:00;Totalt;14;100,0;1;1;0;14;0,00;-;-;-;-;-;-;-;-
99274B3204701;Sykkelstamvegen Forus nord;EV39 S1000D65 m24;2026-08-28T13:00+02:00;2026-08-28T14:00+02:00;2026-08-28;13:00;14:00;1;8;100,0;1;1;0;8;0,00;-;-;-;-;-;-;-;-
99274B3204701;Sykkelstamvegen Forus nord;EV39 S1000D65 m24;2026-08-28T13:00+02:00;2026-08-28T14:00+02:00;2026-08-28;13:00;14:00;2;4;100,0;1;1;0;4;0,00;-;-;-;-;-;-;-;-
99274B3204701;Sykkelstamvegen Forus nord;EV39 S1000D65 m24;2026-08-28T13:00+02:00;2026-08-28T14:00+02:00;2026-08-28;13:00;14:00;Totalt i retning Sandnes;8;100,0;1;1;0;8;0,00;-;-;-;-;-;-;-;-
99274B3204701;Sykkelstamvegen Forus nord;EV39 S1000D65 m24;2026-08-28T13:00+02:00;2026-08-28T14:00+02:00;2026-08-28;13:00;14:00;Totalt i retning Stavanger;4;100,0;1;1;0;4;0,00;-;-;-;-;-;-;-;-
99274B3204701;Sykkelstamvegen Forus nord;EV39 S1000D65 m24;2026-08-28T13:00+02:00;2026-08-28T14:00+02:00;2026-08-28;13:00;14:00;Totalt;12;100,0;1;1;0;12;0,00;-;-;-;-;-;-;-;-
99274B3204701;Sykkelstamvegen Forus nord;EV39 S1000D65 m24;2026-08-28T14:00+02:00;2026-08-28T15:00+02:00;2026-08-28;14:00;15:00;1;34;100,0;1;1;0;34;0,00;-;-;-;-;-;-;-;-
99274B3204701;Sykkelstamvegen Forus nord;EV39 S1000D65 m24;2026-08-28T14:00+02:00;2026-08-28T15:00+02:00;2026-08-28;14:00;15:00;2;10;100,0;1;1;0;10;0,00;-;-;-;-;-;-;-;-
99274B3204701;Sykkelstamvegen Forus nord;EV39 S1000D65 m24;2026-08-28T14:00+02:00;2026-08-28T15:00+02:00;2026-08-28;14:00;15:00;Totalt i retning Sandnes;34;100,0;1;1;0;34;0,00;-;-;-;-;-;-;-;-
99274B3204701;Sykkelstamvegen Forus nord;EV39 S1000D65 m24;2026-08-28T14:00+02:00;2026-08-28T15:00+02:00;2026-08-28;14:00;15:00;Totalt i retning Stavanger;10;100,0;1;1;0;10;0,00;-;-;-;-;-;-;-;-
99274B3204701;Sykkelstamvegen Forus nord;EV39 S1000D65 m24;2026-08-28T14:00+02:00;2026-08-28T15:00+02:00;2026-08-28;14:00;15:00;Totalt;44;100,0;1;1;0;44;0,00;-;-;-;-;-;-;-;-
99274B3204701;Sykkelstamvegen Forus nord;EV39 S1000D65 m24;2026-08-28T15:00+02:00;2026-08-28T16:00+02:00;2026-08-28;15:00;16:00;1;74;100,0;1;1;0;74;0,00;-;-;-;-;-;-;-;-
99274B3204701;Sykkelstamvegen Forus nord;EV39 S1000D65 m24;2026-08-28T15:00+02:00;2026-08-28T16:00+02:00;2026-08-28;15:00;16:00;2;24;100,0;1;1;0;24;0,00;-;-;-;-;-;-;-;-
99274B3204701;Sykkelstamvegen Forus nord;EV39 S1000D65 m24;2026-08-28T15:00+02:00;2026-08-28T16:00+02:00;2026-08-28;15:00;16:00;Totalt i retning Sandnes;74;100,0;1;1;0;74;0,00;-;-;-;-;-;-;-;-
99274B3204701;Sykkelstamvegen Forus nord;EV39 S1000D65 m24;2026-08-28T15:00+02:00;2026-08-28T16:00+02:00;2026-08-28;15:00;16:00;Totalt i retning Stavanger;24;100,0;1;1;0;24;0,00;-;-;-;-;-;-;-;-
99274B3204701;Sykkelstamvegen Forus nord;EV39 S1000D65 m24;2026-08-28T15:00+02:00;2026-08-28T16:00+02:00;2026-08-28;15:00;16:00;Totalt;98;100,0;1;1;0;98;0,00;-;-;-;-;-;-;-;-
99274B3204701;Sykkelstamvegen Forus nord;EV39 S1000D65 m24;2026-08-28T16:00+02:00;2026-08-28T17:00+02:00;2026-08-28;16:00;17:00;1;54;100,0;1;1;0;54;0,00;-;-;-;-;-;-;-;-
99274B3204701;Sykkelstamvegen Forus nord;EV39 S1000D65 m24;2026-08-28T16:00+02:00;2026-08-28T17:00+02:00;2026-08-28;16:00;17:00;2;33;100,0;1;1;0;33;0,00;-;-;-;-;-;-;-;-
99274B3204701;Sykkelstamvegen Forus nord;EV39 S1000D65 m24;2026-08-28T16:00+02:00;2026-08-28T17:00+02:00;2026-08-28;16:00;17:00;Totalt i retning Sandnes;55;100,0;1;1;0;55;0,00;-;-;-;-;-;-;-;-
99274B3204701;Sykkelstamvegen Forus nord;EV39 S1000D65 m24;2026-08-28T16:00+02:00;2026-08-28T17:00+02:00;2026-08-28;16:00;17:00;Totalt i retning Stavanger;32;100,0;1;1;0;32;0,00;-;-;-;-;-;-;-;-
99274B3204701;Sykkelstamvegen Forus nord;EV39 S1000D65 m24;2026-08-28T16:00+02:00;2026-08-28T17:00+02:00;2026-08-28;16:00;17:00;Totalt;87;100,0;1;1;0;87;0,00;-;-;-;-;-;-;-;-
99274B3204701;Sykkelstamvegen Forus nord;EV39 S1000D65 m24;2026-08-28T17:00+02:00;2026-08-28T18:00+02:00;2026-08-28;17:00;18:00;1;18;100,0;1;1;0;18;0,00;-;-;-;-;-;-;-;-
99274B3204701;Sykkelstamvegen Forus nord;EV39 S1000D65 m24;2026-08-28T17:00+02:00;2026-08-28T18:00+02:00;2026-08-28;17:00;18:00;2;7;100,0;1;1;0;7;0,00;-;-;-;-;-;-;-;-
99274B3204701;Sykkelstamvegen Forus nord;EV39 S1000D65 m24;2026-08-28T17:00+02:00;2026-08-28T18:00+02:00;2026-08-28;17:00;18:00;Totalt i retning Sandnes;18;100,0;1;1;0;18;0,00;-;-;-;-;-;-;-;-
99274B3204701;Sykkelstamvegen Forus nord;EV39 S1000D65 m24;2026-08-28T17:00+02:00;2026-08-28T18:00+02:00;2026-08-28;17:00;18:00;Totalt i retning Stavanger;7;100,0;1;1;0;7;0,00;-;-;-;-;-;-;-;-
99274B3204701;Sykkelstamvegen Forus nord;EV39 S1000D65 m24;2026-08-28T17:00+02:00;2026-08-28T18:00+02:00;2026-08-28;17:00;18:00;Totalt;25;100,0;1;1;0;25;0,00;-;-;-;-;-;-;-;-
99274B3204701;Sykkelstamvegen Forus nord;EV39 S1000D65 m24;2026-08-28T18:00+02:00;2026-08-28T19:00+02:00;2026-08-28;18:00;19:00;1;11;100,0;1;1;0;11;0,00;-;-;-;-;-;-;-;-
99274B3204701;Sykkelstamvegen Forus nord;EV39 S1000D65 m24;2026-08-28T18:00+02:00;2026-08-28T19:00+02:00;2026-08-28;18:00;19:00;2;9;100,0;1;1;0;9;0,00;-;-;-;-;-;-;-;-
99274B3204701;Sykkelstamvegen Forus nord;EV39 S1000D65 m24;2026-08-28T18:00+02:00;2026-08-28T19:00+02:00;2026-08-28;18:00;19:00;Totalt i retning Sandnes;10;100,0;1;1;0;10;0,00;-;-;-;-;-;-;-;-
99274B3204701;Sykkelstamvegen Forus nord;EV39 S1000D65 m24;2026-08-28T18:00+02:00;2026-08-28T19:00+02:00;2026-08-28;18:00;19:00;Totalt i retning Stavanger;10;100,0;1;1;0;10;0,00;-;-;-;-;-;-;-;-
99274B3204701;Sykkelstamvegen Forus nord;EV39 S1000D65 m24;2026-08-28T18:00+02:00;2026-08-28T19:00+02:00;2026-08-28;18:00;19:00;Totalt;20;100,0;1;1;0;20;0,00;-;-;-;-;-;-;-;-
99274B3204701;Sykkelstamvegen Forus nord;EV39 S1000D65 m24;2026-08-28T19:00+02:00;2026-08-28T20:00+02:00;2026-08-28;19:00;20:00;1;7;100,0;1;1;0;7;0,00;-;-;-;-;-;-;-;-
99274B3204701;Sykkelstamvegen Forus nord;EV39 S1000D65 m24;2026-08-28T19:00+02:00;2026-08-28T20:00+02:00;2026-08-28;19:00;20:00;2;6;100,0;1;1;0;6;0,00;-;-;-;-;-;-;-;-
99274B3204701;Sykkelstamvegen Forus nord;EV39 S1000D65 m24;2026-08-28T19:00+02:00;2026-08-28T20:00+02:00;2026-08-28;19:00;20:00;Totalt i retning Sandnes;7;100,0;1;1;0;7;0,00;-;-;-;-;-;-;-;-
99274B3204701;Sykkelstamvegen Forus nord;EV39 S1000D65 m24;2026-08-28T19:00+02:00;2026-08-28T20:00+02:00;2026-08-28;19:00;20:00;Totalt i retning Stavanger;6;100,0;1;1;0;6;0,00;-;-;-;-;-;-;-;-
99274B3204701;Sykkelstamvegen Forus nord;EV39 S1000D65 m24;2026-08-28T19:00+02:00;2026-08-28T20:00+02:00;2026-08-28;19:00;20:00;Totalt;13;100,0;1;1;0;13;0,00;-;-;-;-;-;-;-;-
99274B3204701;Sykkelstamvegen Forus nord;EV39 S1000D65 m24;2026-08-28T20:00+02:00;2026-08-28T21:00+02:00;2026-08-28;20:00;21:00;1;4;100,0;1;1;0;4;0,00;-;-;-;-;-;-;-;-
99274B3204701;Sykkelstamvegen Forus nord;EV39 S1000D65 m24;2026-08-28T20:00+02:00;2026-08-28T21:00+02:00;2026-08-28;20:00;21:00;2;3;100,0;1;1;0;3;0,00;-;-;-;-;-;-;-;-
99274B3204701;Sykkelstamvegen Forus nord;EV39 S1000D65 m24;2026-08-28T20:00+02:00;2026-08-28T21:00+02:00;2026-08-28;20:00;21:00;Totalt i retning Sandnes;4;100,0;1;1;0;4;0,00;-;-;-;-;-;-;-;-
99274B3204701;Sykkelstamvegen Forus nord;EV39 S1000D65 m24;2026-08-28T20:00+02:00;2026-08-28T21:00+02:00;2026-08-28;20:00;21:00;Totalt i retning Stavanger;3;100,0;1;1;0;3;0,00;-;-;-;-;-;-;-;-
99274B3204701;Sykkelstamvegen Forus nord;EV39 S1000D65 m24;2026-08-28T20:00+02:00;2026-08-28T21:00+02:00;2026-08-28;20:00;21:00;Totalt;7;100,0;1;1;0;7;0,00;-;-;-;-;-;-;-;-
99274B3204701;Sykkelstamvegen Forus nord;EV39 S1000D65 m24;2026-08-28T21:00+02:00;2026-08-28T22:00+02:00;2026-08-28;21:00;22:00;1;1;100,0;1;1;0;1;0,00;-;-;-;-;-;-;-;-
99274B3204701;Sykkelstamvegen Forus nord;EV39 S1000D65 m24;2026-08-28T21:00+02:00;2026-08-28T22:00+02:00;2026-08-28;21:00;22:00;2;4;100,0;1;1;0;4;0,00;-;-;-;-;-;-;-;-
99274B3204701;Sykkelstamvegen Forus nord;EV39 S1000D65 m24;2026-08-28T21:00+02:00;2026-08-28T22:00+02:00;2026-08-28;21:00;22:00;Totalt i retning Sandnes;1;100,0;1;1;0;1;0,00;-;-;-;-;-;-;-;-
99274B3204701;Sykkelstamvegen Forus nord;EV39 S1000D65 m24;2026-08-28T21:00+02:00;2026-08-28T22:00+02:00;2026-08-28;21:00;22:00;Totalt i retning Stavanger;4;100,0;1;1;0;4;0,00;-;-;-;-;-;-;-;-
99274B3204701;Sykkelstamvegen Forus nord;EV39 S1000D65 m24;2026-08-28T21:00+02:00;2026-08-28T22:00+02:00;2026-08-28;21:00;22:00;Totalt;5;100,0;1;1;0;5;0,00;-;-;-;-;-;-;-;-
99274B3204701;Sykkelstamvegen Forus nord;EV39 S1000D65 m24;2026-08-28T22:00+02:00;2026-08-28T23:00+02:00;2026-08-28;22:00;23:00;1;2;100,0;1;1;0;2;0,00;-;-;-;-;-;-;-;-
99274B3204701;Sykkelstamvegen Forus nord;EV39 S1000D65 m24;2026-08-28T22:00+02:00;2026-08-28T23:00+02:00;2026-08-28;22:00;23:00;2;1;100,0;1;1;0;1;0,00;-;-;-;-;-;-;-;-
99274B3204701;Sykkelstamvegen Forus nord;EV39 S1000D65 m24;2026-08-28T22:00+02:00;2026-08-28T23:00+02:00;2026-08-28;22:00;23:00;Totalt i retning Sandnes;2;100,0;1;1;0;2;0,00;-;-;-;-;-;-;-;-
99274B3204701;Sykkelstamvegen Forus nord;EV39 S1000D65 m24;2026-08-28T22:00+02:00;2026-08-28T23:00+02:00;2026-08-28;22:00;23:00;Totalt i retning Stavanger;1;100,0;1;1;0;1;0,00;-;-;-;-;-;-;-;-
99274B3204701;Sykkelstamvegen Forus nord;EV39 S1000D65 m24;2026-08-28T22:00+02:00;2026-08-28T23:00+02:00;2026-08-28;22:00;23:00;Totalt;3;100,0;1;1;0;3;0,00;-;-;-;-;-;-;-;-
99274B3204701;Sykkelstamvegen Forus nord;EV39 S1000D65 m24;2026-08-28T23:00+02:00;2026-08-29T00:00+02:00;2026-08-28;23:00;00:00;1;3;100,0;1;1;0;3;0,00;-;-;-;-;-;-;-;-
99274B3204701;Sykkelstamvegen Forus nord;EV39 S1000D65 m24;2026-08-28T23:00+02:00;2026-08-29T00:00+02:00;2026-08-28;23:00;00:00;2;0;100,0;1;1;0;0;100,00;-;-;-;-;-;-;-;-
99274B3204701;Sykkelstamvegen Forus nord;EV39 S1000D65 m24;2026-08-28T23:00+02:00;2026-08-29T00:00+02:00;2026-08-28;23:00;00:00;Totalt i retning Sandnes;3;100,0;1;1;0;3;0,00;-;-;-;-;-;-;-;-
99274B3204701;Sykkelstamvegen Forus nord;EV39 S1000D65 m24;2026-08-28T23:00+02:00;2026-08-29T00:00+02:00;2026-08-28;23:00;00:00;Totalt i retning Stavanger;0;100,0;1;1;0;0;100,00;-;-;-;-;-;-;-;-
99274B3204701;Sykkelstamvegen Forus nord;EV39 S1000D65 m24;2026-08-28T23:00+02:00;2026-08-29T00:00+02:00;2026-08-28;23:00;00:00;Totalt;3;100,0;1;1;0;3;0,00;-;-;-;-;-;-;-;-
99274B3204701;Sykkelstamvegen Forus nord;EV39 S1000D65 m24;2026-08-29T00:00+02:00;2026-08-29T01:00+02:00;2026-08-29;00:00;01:00;1;2;100,0;1;1;0;2;0,00;-;-;-;-;-;-;-;-
99274B3204701;Sykkelstamvegen Forus nord;EV39 S1000D65 m24;2026-08-29T00:00+02:00;2026-08-29T01:00+02:00;2026-08-29;00:00;01:00;2;0;100,0;1;1;0;0;100,00;-;-;-;-;-;-;-;-
99274B3204701;Sykkelstamvegen Forus nord;EV39 S1000D65 m24;2026-08-29T00:00+02:00;2026-08-29T01:00+02:00;2026-08-29;00:00;01:00;Totalt i retning Sandnes;2;100,0;1;1;0;2;0,00;-;-;-;-;-;-;-;-
99274B3204701;Sykkelstamvegen Forus nord;EV39 S1000D65 m24;2026-08-29T00:00+02:00;2026-08-29T01:00+02:00;2026-08-29;00:00;01:00;Totalt i retning Stavanger;0;100,0;1;1;0;0;100,00;-;-;-;-;-;-;-;-
99274B3204701;Sykkelstamvegen Forus nord;EV39 S1000D65 m24;2026-08-29T00:00+02:00;2026-08-29T01:00+02:00;2026-08-29;00:00;01:00;Totalt;2;100,0;1;1;0;2;0,00;-;-;-;-;-;-;-;-
99274B3204701;Sykkelstamvegen Forus nord;EV39 S1000D65 m24;2026-08-29T01:00+02:00;2026-08-29T02:00+02:00;2026-08-29;01:00;02:00;1;0;100,0;1;1;0;0;100,00;-;-;-;-;-;-;-;-
99274B3204701;Sykkelstamvegen Forus nord;EV39 S1000D65 m24;2026-08-29T01:00+02:00;2026-08-29T02:00+02:00;2026-08-29;01:00;02:00;2;0;100,0;1;1;0;0;100,00;-;-;-;-;-;-;-;-
99274B3204701;Sykkelstamvegen Forus nord;EV39 S1000D65 m24;2026-08-29T01:00+02:00;2026-08-29T02:00+02:00;2026-08-29;01:00;02:00;Totalt i retning Sandnes;0;100,0;1;1;0;0;100,00;-;-;-;-;-;-;-;-
99274B3204701;Sykkelstamvegen Forus nord;EV39 S1000D65 m24;2026-08-29T01:00+02:00;2026-08-29T02:00+02:00;2026-08-29;01:00;02:00;Totalt i retning Stavanger;0;100,0;1;1;0;0;100,00;-;-;-;-;-;-;-;-
99274B3204701;Sykkelstamvegen Forus nord;EV39 S1000D65 m24;2026-08-29T01:00+02:00;2026-08-29T02:00+02:00;2026-08-29;01:00;02:00;Totalt;0;100,0;1;1;0;0;100,00;-;-;-;-;-;-;-;-
99274B3204701;Sykkelstamvegen Forus nord;EV39 S1000D65 m24;2026-08-29T02:00+02:00;2026-08-29T03:00+02:00;2026-08-29;02:00;03:00;1;0;100,0;1;1;0;0;100,00;-;-;-;-;-;-;-;-
99274B3204701;Sykkelstamvegen Forus nord;EV39 S1000D65 m24;2026-08-29T02:00+02:00;2026-08-29T03:00+02:00;2026-08-29;02:00;03:00;2;1;100,0;1;1;0;1;0,00;-;-;-;-;-;-;-;-
99274B3204701;Sykkelstamvegen Forus nord;EV39 S1000D65 m24;2026-08-29T02:00+02:00;2026-08-29T03:00+02:00;2026-08-29;02:00;03:00;Totalt i retning Sandnes;0;100,0;1;1;0;0;100,00;-;-;-;-;-;-;-;-
99274B3204701;Sykkelstamvegen Forus nord;EV39 S1000D65 m24;2026-08-29T02:00+02:00;2026-08-29T03:00+02:00;2026-08-29;02:00;03:00;Totalt i retning Stavanger;1;100,0;1;1;0;1;0,00;-;-;-;-;-;-;-;-
99274B3204701;Sykkelstamvegen Forus nord;EV39 S1000D65 m24;2026-08-29T02:00+02:00;2026-08-29T03:00+02:00;2026-08-29;02:00;03:00;Totalt;1;100,0;1;1;0;1;0,00;-;-;-;-;-;-;-;-
99274B3204701;Sykkelstamvegen Forus nord;EV39 S1000D65 m24;2026-08-29T03:00+02:00;2026-08-29T04:00+02:00;2026-08-29;03:00;04:00;1;0;100,0;1;1;0;0;100,00;-;-;-;-;-;-;-;-
99274B3204701;Sykkelstamvegen Forus nord;EV39 S1000D65 m24;2026-08-29T03:00+02:00;2026-08-29T04:00+02:00;2026-08-29;03:00;04:00;2;0;100,0;1;1;0;0;100,00;-;-;-;-;-;-;-;-
99274B3204701;Sykkelstamvegen Forus nord;EV39 S1000D65 m24;2026-08-29T03:00+02:00;2026-08-29T04:00+02:00;2026-08-29;03:00;04:00;Totalt i retning Sandnes;0;100,0;1;1;0;0;100,00;-;-;-;-;-;-;-;-
99274B3204701;Sykkelstamvegen Forus nord;EV39 S1000D65 m24;2026-08-29T03:00+02:00;2026-08-29T04:00+02:00;2026-08-29;03:00;04:00;Totalt i retning Stavanger;0;100,0;1;1;0;0;100,00;-;-;-;-;-;-;-;-
99274B3204701;Sykkelstamvegen Forus nord;EV39 S1000D65 m24;2026-08-29T03:00+02:00;2026-08-29T04:00+02:00;2026-08-29;03:00;04:00;Totalt;0;100,0;1;1;0;0;100,00;-;-;-;-;-;-;-;-
99274B3204701;Sykkelstamvegen Forus nord;EV39 S1000D65 m24;2026-08-29T04:00+02:00;2026-08-29T05:00+02:00;2026-08-29;04:00;05:00;1;0;100,0;1;1;0;0;100,00;-;-;-;-;-;-;-;-
99274B3204701;Sykkelstamvegen Forus nord;EV39 S1000D65 m24;2026-08-29T04:00+02:00;2026-08-29T05:00+02:00;2026-08-29;04:00;05:00;2;0;100,0;1;1;0;0;100,00;-;-;-;-;-;-;-;-
99274B3204701;Sykkelstamvegen Forus nord;EV39 S1000D65 m24;2026-08-29T04:00+02:00;2026-08-29T05:00+02:00;2026-08-29;04:00;05:00;Totalt i retning Sandnes;0;100,0;1;1;0;0;100,00;-;-;-;-;-;-;-;-
99274B3204701;Sykkelstamvegen Forus nord;EV39 S1000D65 m24;2026-08-29T04:00+02:00;2026-08-29T05:00+02:00;2026-08-29;04:00;05:00;Totalt i retning Stavanger;0;100,0;1;1;0;0;100,00;-;-;-;-;-;-;-;-
99274B3204701;Sykkelstamvegen Forus nord;EV39 S1000D65 m24;2026-08-29T04:00+02:00;2026-08-29T05:00+02:00;2026-08-29;04:00;05:00;Totalt;0;100,0;1;1;0;0;100,00;-;-;-;-;-;-;-;-
99274B3204701;Sykkelstamvegen Forus nord;EV39 S1000D65 m24;2026-08-29T05:00+02:00;2026-08-29T06:00+02:00;2026-08-29;05:00;06:00;1;2;100,0;1;1;0;2;0,00;-;-;-;-;-;-;-;-
99274B3204701;Sykkelstamvegen Forus nord;EV39 S1000D65 m24;2026-08-29T05:00+02:00;2026-08-29T06:00+02:00;2026-08-29;05:00;06:00;2;1;100,0;1;1;0;1;0,00;-;-;-;-;-;-;-;-
99274B3204701;Sykkelstamvegen Forus nord;EV39 S1000D65 m24;2026-08-29T05:00+02:00;2026-08-29T06:00+02:00;2026-08-29;05:00;06:00;Totalt i retning Sandnes;2;100,0;1;1;0;2;0,00;-;-;-;-;-;-;-;-
99274B3204701;Sykkelstamvegen Forus nord;EV39 S1000D65 m24;2026-08-29T05:00+02:00;2026-08-29T06:00+02:00;2026-08-29;05:00;06:00;Totalt i retning Stavanger;1;100,0;1;1;0;1;0,00;-;-;-;-;-;-;-;-
99274B3204701;Sykkelstamvegen Forus nord;EV39 S1000D65 m24;2026-08-29T05:00+02:00;2026-08-29T06:00+02:00;2026-08-29;05:00;06:00;Totalt;3;100,0;1;1;0;3;0,00;-;-;-;-;-;-;-;-
99274B3204701;Sykkelstamvegen Forus nord;EV39 S1000D65 m24;2026-08-29T06:00+02:00;2026-08-29T07:00+02:00;2026-08-29;06:00;07:00;1;0;100,0;1;1;0;0;100,00;-;-;-;-;-;-;-;-
99274B3204701;Sykkelstamvegen Forus nord;EV39 S1000D65 m24;2026-08-29T06:00+02:00;2026-08-29T07:00+02:00;2026-08-29;06:00;07:00;2;3;100,0;1;1;0;3;0,00;-;-;-;-;-;-;-;-
99274B3204701;Sykkelstamvegen Forus nord;EV39 S1000D65 m24;2026-08-29T06:00+02:00;2026-08-29T07:00+02:00;2026-08-29;06:00;07:00;Totalt i retning Sandnes;0;100,0;1;1;0;0;100,00;-;-;-;-;-;-;-;-
99274B3204701;Sykkelstamvegen Forus nord;EV39 S1000D65 m24;2026-08-29T06:00+02:00;2026-08-29T07:00+02:00;2026-08-29;06:00;07:00;Totalt i retning Stavanger;3;100,0;1;1;0;3;0,00;-;-;-;-;-;-;-;-
99274B3204701;Sykkelstamvegen Forus nord;EV39 S1000D65 m24;2026-08-29T06:00+02:00;2026-08-29T07:00+02:00;2026-08-29;06:00;07:00;Totalt;3;100,0;1;1;0;3;0,00;-;-;-;-;-;-;-;-
99274B3204701;Sykkelstamvegen Forus nord;EV39 S1000D65 m24;2026-08-29T07:00+02:00;2026-08-29T08:00+02:00;2026-08-29;07:00;08:00;1;0;100,0;1;1;0;0;100,00;-;-;-;-;-;-;-;-
99274B3204701;Sykkelstamvegen Forus nord;EV39 S1000D65 m24;2026-08-29T07:00+02:00;2026-08-29T08:00+02:00;2026-08-29;07:00;08:00;2;13;100,0;1;1;0;13;0,00;-;-;-;-;-;-;-;-
99274B3204701;Sykkelstamvegen Forus nord;EV39 S1000D65 m24;2026-08-29T07:00+02:00;2026-08-29T08:00+02:00;2026-08-29;07:00;08:00;Totalt i retning Sandnes;1;100,0;1;1;0;1;0,00;-;-;-;-;-;-;-;-
99274B3204701;Sykkelstamvegen Forus nord;EV39 S1000D65 m24;2026-08-29T07:00+02:00;2026-08-29T08:00+02:00;2026-08-29;07:00;08:00;Totalt i retning Stavanger;12;100,0;1;1;0;12;0,00;-;-;-;-;-;-;-;-
99274B3204701;Sykkelstamvegen Forus nord;EV39 S1000D65 m24;2026-08-29T07:00+02:00;2026-08-29T08:00+02:00;2026-08-29;07:00;08:00;Totalt;13;100,0;1;1;0;13;0,00;-;-;-;-;-;-;-;-
99274B3204701;Sykkelstamvegen Forus nord;EV39 S1000D65 m24;2026-08-29T08:00+02:00;2026-08-29T09:00+02:00;2026-08-29;08:00;09:00;1;8;100,0;1;1;0;8;0,00;-;-;-;-;-;-;-;-
99274B3204701;Sykkelstamvegen Forus nord;EV39 S1000D65 m24;2026-08-29T08:00+02:00;2026-08-29T09:00+02:00;2026-08-29;08:00;09:00;2;5;100,0;1;1;0;5;0,00;-;-;-;-;-;-;-;-
99274B3204701;Sykkelstamvegen Forus nord;EV39 S1000D65 m24;2026-08-29T08:00+02:00;2026-08-29T09:00+02:00;2026-08-29;08:00;09:00;Totalt i retning Sandnes;9;100,0;1;1;0;9;0,00;-;-;-;-;-;-;-;-
99274B3204701;Sykkelstamvegen Forus nord;EV39 S1000D65 m24;2026-08-29T08:00+02:00;2026-08-29T09:00+02:00;2026-08-29;08:00;09:00;Totalt i retning Stavanger;4;100,0;1;1;0;4;0,00;-;-;-;-;-;-;-;-
99274B3204701;Sykkelstamvegen Forus nord;EV39 S1000D65 m24;2026-08-29T08:00+02:00;2026-08-29T09:00+02:00;2026-08-29;08:00;09:00;Totalt;13;100,0;1;1;0;13;0,00;-;-;-;-;-;-;-;-
99274B3204701;Sykkelstamvegen Forus nord;EV39 S1000D65 m24;2026-08-29T09:00+02:00;2026-08-29T10:00+02:00;2026-08-29;09:00;10:00;1;1;100,0;1;1;0;1;0,00;-;-;-;-;-;-;-;-
99274B3204701;Sykkelstamvegen Forus nord;EV39 S1000D65 m24;2026-08-29T09:00+02:00;2026-08-29T10:00+02:00;2026-08-29;09:00;10:00;2;4;100,0;1;1;0;4;0,00;-;-;-;-;-;-;-;-
99274B3204701;Sykkelstamvegen Forus nord;EV39 S1000D65 m24;2026-08-29T09:00+02:00;2026-08-29T10:00+02:00;2026-08-29;09:00;10:00;Totalt i retning Sandnes;1;100,0;1;1;0;1;0,00;-;-;-;-;-;-;-;-
99274B3204701;Sykkelstamvegen Forus nord;EV39 S1000D65 m24;2026-08-29T09:00+02:00;2026-08-29T10:00+02:00;2026-08-29;09:00;10:00;Totalt i retning Stavanger;4;100,0;1;1;0;4;0,00;-;-;-;-;-;-;-;-
99274B3204701;Sykkelstamvegen Forus nord;EV39 S1000D65 m24;2026-08-29T09:00+02:00;2026-08-29T10:00+02:00;2026-08-29;09:00;10:00;Totalt;5;100,0;1;1;0;5;0,00;-;-;-;-;-;-;-;-
99274B3204701;Sykkelstamvegen Forus nord;EV39 S1000D65 m24;2026-08-29T10:00+02:00;2026-08-29T11:00+02:00;2026-08-29;10:00;11:00;1;15;100,0;1;1;0;15;0,00;-;-;-;-;-;-;-;-
99274B3204701;Sykkelstamvegen Forus nord;EV39 S1000D65 m24;2026-08-29T10:00+02:00;2026-08-29T11:00+02:00;2026-08-29;10:00;11:00;2;8;100,0;1;1;0;8;0,00;-;-;-;-;-;-;-;-
99274B3204701;Sykkelstamvegen Forus nord;EV39 S1000D65 m24;2026-08-29T10:00+02:00;2026-08-29T11:00+02:00;2026-08-29;10:00;11:00;Totalt i retning Sandnes;15;100,0;1;1;0;15;0,00;-;-;-;-;-;-;-;-
99274B3204701;Sykkelstamvegen Forus nord;EV39 S1000D65 m24;2026-08-29T10:00+02:00;2026-08-29T11:00+02:00;2026-08-29;10:00;11:00;Totalt i retning Stavanger;8;100,0;1;1;0;8;0,00;-;-;-;-;-;-;-;-
99274B3204701;Sykkelstamvegen Forus nord;EV39 S1000D65 m24;2026-08-29T10:00+02:00;2026-08-29T11:00+02:00;2026-08-29;10:00;11:00;Totalt;23;100,0;1;1;0;23;0,00;-;-;-;-;-;-;-;-
99274B3204701;Sykkelstamvegen Forus nord;EV39 S1000D65 m24;2026-08-29T11:00+02:00;2026-08-29T12:00+02:00;2026-08-29;11:00;12:00;1;15;100,0;1;1;0;15;0,00;-;-;-;-;-;-;-;-
99274B3204701;Sykkelstamvegen Forus nord;EV39 S1000D65 m24;2026-08-29T11:00+02:00;2026-08-29T12:00+02:00;2026-08-29;11:00;12:00;2;15;100,0;1;1;0;15;0,00;-;-;-;-;-;-;-;-
99274B3204701;Sykkelstamvegen Forus nord;EV39 S1000D65 m24;2026-08-29T11:00+02:00;2026-08-29T12:00+02:00;2026-08-29;11:00;12:00;Totalt i retning Sandnes;15;100,0;1;1;0;15;0,00;-;-;-;-;-;-;-;-
99274B3204701;Sykkelstamvegen Forus nord;EV39 S1000D65 m24;2026-08-29T11:00+02:00;2026-08-29T12:00+02:00;2026-08-29;11:00;12:00;Totalt i retning Stavanger;15;100,0;1;1;0;15;0,00;-;-;-;-;-;-;-;-
99274B3204701;Sykkelstamvegen Forus nord;EV39 S1000D65 m24;2026-08-29T11:00+02:00;2026-08-29T12:00+02:00;2026-08-29;11:00;12:00;Totalt;30;100,0;1;1;0;30;0,00;-;-;-;-;-;-;-;-
99274B3204701;Sykkelstamvegen Forus nord;EV39 S1000D65 m24;2026-08-29T12:00+02:00;2026-08-29T13:00+02:00;2026-08-29;12:00;13:00;1;15;100,0;1;1;0;15;0,00;-;-;-;-;-;-;-;-
99274B3204701;Sykkelstamvegen Forus nord;EV39 S1000D65 m24;2026-08-29T12:00+02:00;2026-08-29T13:00+02:00;2026-08-29;12:00;13:00;2;10;100,0;1;1;0;10;0,00;-;-;-;-;-;-;-;-
99274B3204701;Sykkelstamvegen Forus nord;EV39 S1000D65 m24;2026-08-29T12:00+02:00;2026-08-29T13:00+02:00;2026-08-29;12:00;13:00;Totalt i retning Sandnes;15;100,0;1;1;0;15;0,00;-;-;-;-;-;-;-;-
99274B3204701;Sykkelstamvegen Forus nord;EV39 S1000D65 m24;2026-08-29T12:00+02:00;2026-08-29T13:00+02:00;2026-08-29;12:00;13:00;Totalt i retning Stavanger;10;100,0;1;1;0;10;0,00;-;-;-;-;-;-;-;-
99274B3204701;Sykkelstamvegen Forus nord;EV39 S1000D65 m24;2026-08-29T12:00+02:00;2026-08-29T13:00+02:00;2026-08-29;12:00;13:00;Totalt;25;100,0;1;1;0;25;0,00;-;-;-;-;-;-;-;-
99274B3204701;Sykkelstamvegen Forus nord;EV39 S1000D65 m24;2026-08-29T13:00+02:00;2026-08-29T14:00+02:00;2026-08-29;13:00;14:00;1;12;100,0;1;1;0;12;0,00;-;-;-;-;-;-;-;-
99274B3204701;Sykkelstamvegen Forus nord;EV39 S1000D65 m24;2026-08-29T13:00+02:00;2026-08-29T14:00+02:00;2026-08-29;13:00;14:00;2;7;100,0;1;1;0;7;0,00;-;-;-;-;-;-;-;-
99274B3204701;Sykkelstamvegen Forus nord;EV39 S1000D65 m24;2026-08-29T13:00+02:00;2026-08-29T14:00+02:00;2026-08-29;13:00;14:00;Totalt i retning Sandnes;12;100,0;1;1;0;12;0,00;-;-;-;-;-;-;-;-
99274B3204701;Sykkelstamvegen Forus nord;EV39 S1000D65 m24;2026-08-29T13:00+02:00;2026-08-29T14:00+02:00;2026-08-29;13:00;14:00;Totalt i retning Stavanger;7;100,0;1;1;0;7;0,00;-;-;-;-;-;-;-;-
99274B3204701;Sykkelstamvegen Forus nord;EV39 S1000D65 m24;2026-08-29T13:00+02:00;2026-08-29T14:00+02:00;2026-08-29;13:00;14:00;Totalt;19;100,0;1;1;0;19;0,00;-;-;-;-;-;-;-;-
99274B3204701;Sykkelstamvegen Forus nord;EV39 S1000D65 m24;2026-08-29T14:00+02:00;2026-08-29T15:00+02:00;2026-08-29;14:00;15:00;1;15;100,0;1;1;0;15;0,00;-;-;-;-;-;-;-;-
99274B3204701;Sykkelstamvegen Forus nord;EV39 S1000D65 m24;2026-08-29T14:00+02:00;2026-08-29T15:00+02:00;2026-08-29;14:00;15:00;2;13;100,0;1;1;0;13;0,00;-;-;-;-;-;-;-;-
99274B3204701;Sykkelstamvegen Forus nord;EV39 S1000D65 m24;2026-08-29T14:00+02:00;2026-08-29T15:00+02:00;2026-08-29;14:00;15:00;Totalt i retning Sandnes;15;100,0;1;1;0;15;0,00;-;-;-;-;-;-;-;-
99274B3204701;Sykkelstamvegen Forus nord;EV39 S1000D65 m24;2026-08-29T14:00+02:00;2026-08-29T15:00+02:00;2026-08-29;14:00;15:00;Totalt i retning Stavanger;13;100,0;1;1;0;13;0,00;-;-;-;-;-;-;-;-
99274B3204701;Sykkelstamvegen Forus nord;EV39 S1000D65 m24;2026-08-29T14:00+02:00;2026-08-29T15:00+02:00;2026-08-29;14:00;15:00;Totalt;28;100,0;1;1;0;28;0,00;-;-;-;-;-;-;-;-
99274B3204701;Sykkelstamvegen Forus nord;EV39 S1000D65 m24;2026-08-29T15:00+02:00;2026-08-29T16:00+02:00;2026-08-29;15:00;16:00;1;19;100,0;1;1;0;19;0,00;-;-;-;-;-;-;-;-
99274B3204701;Sykkelstamvegen Forus nord;EV39 S1000D65 m24;2026-08-29T15:00+02:00;2026-08-29T16:00+02:00;2026-08-29;15:00;16:00;2;11;100,0;1;1;0;11;0,00;-;-;-;-;-;-;-;-
99274B3204701;Sykkelstamvegen Forus nord;EV39 S1000D65 m24;2026-08-29T15:00+02:00;2026-08-29T16:00+02:00;2026-08-29;15:00;16:00;Totalt i retning Sandnes;16;100,0;1;1;0;16;0,00;-;-;-;-;-;-;-;-
99274B3204701;Sykkelstamvegen Forus nord;EV39 S1000D65 m24;2026-08-29T15:00+02:00;2026-08-29T16:00+02:00;2026-08-29;15:00;16:00;Totalt i retning Stavanger;14;100,0;1;1;0;14;0,00;-;-;-;-;-;-;-;-
99274B3204701;Sykkelstamvegen Forus nord;EV39 S1000D65 m24;2026-08-29T15:00+02:00;2026-08-29T16:00+02:00;2026-08-29;15:00;16:00;Totalt;30;100,0;1;1;0;30;0,00;-;-;-;-;-;-;-;-
99274B3204701;Sykkelstamvegen Forus nord;EV39 S1000D65 m24;2026-08-29T16:00+02:00;2026-08-29T17:00+02:00;2026-08-29;16:00;17:00;1;23;100,0;1;1;0;23;0,00;-;-;-;-;-;-;-;-
99274B3204701;Sykkelstamvegen Forus nord;EV39 S1000D65 m24;2026-08-29T16:00+02:00;2026-08-29T17:00+02:00;2026-08-29;16:00;17:00;2;12;100,0;1;1;0;12;0,00;-;-;-;-;-;-;-;-
99274B3204701;Sykkelstamvegen Forus nord;EV39 S1000D65 m24;2026-08-29T16:00+02:00;2026-08-29T17:00+02:00;2026-08-29;16:00;17:00;Totalt i retning Sandnes;22;100,0;1;1;0;22;0,00;-;-;-;-;-;-;-;-
99274B3204701;Sykkelstamvegen Forus nord;EV39 S1000D65 m24;2026-08-29T16:00+02:00;2026-08-29T17:00+02:00;2026-08-29;16:00;17:00;Totalt i retning Stavanger;13;100,0;1;1;0;13;0,00;-;-;-;-;-;-;-;-
99274B3204701;Sykkelstamvegen Forus nord;EV39 S1000D65 m24;2026-08-29T16:00+02:00;2026-08-29T17:00+02:00;2026-08-29;16:00;17:00;Totalt;35;100,0;1;1;0;35;0,00;-;-;-;-;-;-;-;-
99274B3204701;Sykkelstamvegen Forus nord;EV39 S1000D65 m24;2026-08-29T17:00+02:00;2026-08-29T18:00+02:00;2026-08-29;17:00;18:00;1;13;100,0;1;1;0;13;0,00;-;-;-;-;-;-;-;-
99274B3204701;Sykkelstamvegen Forus nord;EV39 S1000D65 m24;2026-08-29T17:00+02:00;2026-08-29T18:00+02:00;2026-08-29;17:00;18:00;2;11;100,0;1;1;0;11;0,00;-;-;-;-;-;-;-;-
99274B3204701;Sykkelstamvegen Forus nord;EV39 S1000D65 m24;2026-08-29T17:00+02:00;2026-08-29T18:00+02:00;2026-08-29;17:00;18:00;Totalt i retning Sandnes;12;100,0;1;1;0;12;0,00;-;-;-;-;-;-;-;-
99274B3204701;Sykkelstamvegen Forus nord;EV39 S1000D65 m24;2026-08-29T17:00+02:00;2026-08-29T18:00+02:00;2026-08-29;17:00;18:00;Totalt i retning Stavanger;12;100,0;1;1;0;12;0,00;-;-;-;-;-;-;-;-
99274B3204701;Sykkelstamvegen Forus nord;EV39 S1000D65 m24;2026-08-29T17:00+02:00;2026-08-29T18:00+02:00;2026-08-29;17:00;18:00;Totalt;24;100,0;1;1;0;24;0,00;-;-;-;-;-;-;-;-
99274B3204701;Sykkelstamvegen Forus nord;EV39 S1000D65 m24;2026-08-29T18:00+02:00;2026-08-29T19:00+02:00;2026-08-29;18:00;19:00;1;7;100,0;1;1;0;7;0,00;-;-;-;-;-;-;-;-
99274B3204701;Sykkelstamvegen Forus nord;EV39 S1000D65 m24;2026-08-29T18:00+02:00;2026-08-29T19:00+02:00;2026-08-29;18:00;19:00;2;12;100,0;1;1;0;12;0,00;-;-;-;-;-;-;-;-
99274B3204701;Sykkelstamvegen Forus nord;EV39 S1000D65 m24;2026-08-29T18:00+02:00;2026-08-29T19:00+02:00;2026-08-29;18:00;19:00;Totalt i retning Sandnes;7;100,0;1;1;0;7;0,00;-;-;-;-;-;-;-;-
99274B3204701;Sykkelstamvegen Forus nord;EV39 S1000D65 m24;2026-08-29T18:00+02:00;2026-08-29T19:00+02:00;2026-08-29;18:00;19:00;Totalt i retning Stavanger;12;100,0;1;1;0;12;0,00;-;-;-;-;-;-;-;-
99274B3204701;Sykkelstamvegen Forus nord;EV39 S1000D65 m24;2026-08-29T18:00+02:00;2026-08-29T19:00+02:00;2026-08-29;18:00;19:00;Totalt;19;100,0;1;1;0;19;0,00;-;-;-;-;-;-;-;-
99274B3204701;Sykkelstamvegen Forus nord;EV39 S1000D65 m24;2026-08-29T19:00+02:00;2026-08-29T20:00+02:00;2026-08-29;19:00;20:00;1;7;100,0;1;1;0;7;0,00;-;-;-;-;-;-;-;-
99274B3204701;Sykkelstamvegen Forus nord;EV39 S1000D65 m24;2026-08-29T19:00+02:00;2026-08-29T20:00+02:00;2026-08-29;19:00;20:00;2;13;100,0;1;1;0;13;0,00;-;-;-;-;-;-;-;-
99274B3204701;Sykkelstamvegen Forus nord;EV39 S1000D65 m24;2026-08-29T19:00+02:00;2026-08-29T20:00+02:00;2026-08-29;19:00;20:00;Totalt i retning Sandnes;6;100,0;1;1;0;6;0,00;-;-;-;-;-;-;-;-
99274B3204701;Sykkelstamvegen Forus nord;EV39 S1000D65 m24;2026-08-29T19:00+02:00;2026-08-29T20:00+02:00;2026-08-29;19:00;20:00;Totalt i retning Stavanger;14;100,0;1;1;0;14;0,00;-;-;-;-;-;-;-;-
99274B3204701;Sykkelstamvegen Forus nord;EV39 S1000D65 m24;2026-08-29T19:00+02:00;2026-08-29T20:00+02:00;2026-08-29;19:00;20:00;Totalt;20;100,0;1;1;0;20;0,00;-;-;-;-;-;-;-;-
99274B3204701;Sykkelstamvegen Forus nord;EV39 S1000D65 m24;2026-08-29T20:00+02:00;2026-08-29T21:00+02:00;2026-08-29;20:00;21:00;1;5;100,0;1;1;0;5;0,00;-;-;-;-;-;-;-;-
99274B3204701;Sykkelstamvegen Forus nord;EV39 S1000D65 m24;2026-08-29T20:00+02:00;2026-08-29T21:00+02:00;2026-08-29;20:00;21:00;2;14;100,0;1;1;0;14;0,00;-;-;-;-;-;-;-;-
99274B3204701;Sykkelstamvegen Forus nord;EV39 S1000D65 m24;2026-08-29T20:00+02:00;2026-08-29T21:00+02:00;2026-08-29;20:00;21:00;Totalt i retning Sandnes;5;100,0;1;1;0;5;0,00;-;-;-;-;-;-;-;-
99274B3204701;Sykkelstamvegen Forus nord;EV39 S1000D65 m24;2026-08-29T20:00+02:00;2026-08-29T21:00+02:00;2026-08-29;20:00;21:00;Totalt i retning Stavanger;14;100,0;1;1;0;14;0,00;-;-;-;-;-;-;-;-
99274B3204701;Sykkelstamvegen Forus nord;EV39 S1000D65 m24;2026-08-29T20:00+02:00;2026-08-29T21:00+02:00;2026-08-29;20:00;21:00;Totalt;19;100,0;1;1;0;19;0,00;-;-;-;-;-;-;-;-
99274B3204701;Sykkelstamvegen Forus nord;EV39 S1000D65 m24;2026-08-29T21:00+02:00;2026-08-29T22:00+02:00;2026-08-29;21:00;22:00;1;1;100,0;1;1;0;1;0,00;-;-;-;-;-;-;-;-
99274B3204701;Sykkelstamvegen Forus nord;EV39 S1000D65 m24;2026-08-29T21:00+02:00;2026-08-29T22:00+02:00;2026-08-29;21:00;22:00;2;4;100,0;1;1;0;4;0,00;-;-;-;-;-;-;-;-
99274B3204701;Sykkelstamvegen Forus nord;EV39 S1000D65 m24;2026-08-29T21:00+02:00;2026-08-29T22:00+02:00;2026-08-29;21:00;22:00;Totalt i retning Sandnes;1;100,0;1;1;0;1;0,00;-;-;-;-;-;-;-;-
99274B3204701;Sykkelstamvegen Forus nord;EV39 S1000D65 m24;2026-08-29T21:00+02:00;2026-08-29T22:00+02:00;2026-08-29;21:00;22:00;Totalt i retning Stavanger;4;100,0;1;1;0;4;0,00;-;-;-;-;-;-;-;-
99274B3204701;Sykkelstamvegen Forus nord;EV39 S1000D65 m24;2026-08-29T21:00+02:00;2026-08-29T22:00+02:00;2026-08-29;21:00;22:00;Totalt;5;100,0;1;1;0;5;0,00;-;-;-;-;-;-;-;-
99274B3204701;Sykkelstamvegen Forus nord;EV39 S1000D65 m24;2026-08-29T22:00+02:00;2026-08-29T23:00+02:00;2026-08-29;22:00;23:00;1;3;100,0;1;1;0;3;0,00;-;-;-;-;-;-;-;-
99274B3204701;Sykkelstamvegen Forus nord;EV39 S1000D65 m24;2026-08-29T22:00+02:00;2026-08-29T23:00+02:00;2026-08-29;22:00;23:00;2;5;100,0;1;1;0;5;0,00;-;-;-;-;-;-;-;-
99274B3204701;Sykkelstamvegen Forus nord;EV39 S1000D65 m24;2026-08-29T22:00+02:00;2026-08-29T23:00+02:00;2026-08-29;22:00;23:00;Totalt i retning Sandnes;3;100,0;1;1;0;3;0,00;-;-;-;-;-;-;-;-
99274B3204701;Sykkelstamvegen Forus nord;EV39 S1000D65 m24;2026-08-29T22:00+02:00;2026-08-29T23:00+02:00;2026-08-29;22:00;23:00;Totalt i retning Stavanger;5;100,0;1;1;0;5;0,00;-;-;-;-;-;-;-;-
99274B3204701;Sykkelstamvegen Forus nord;EV39 S1000D65 m24;2026-08-29T22:00+02:00;2026-08-29T23:00+02:00;2026-08-29;22:00;23:00;Totalt;8;100,0;1;1;0;8;0,00;-;-;-;-;-;-;-;-
99274B3204701;Sykkelstamvegen Forus nord;EV39 S1000D65 m24;2026-08-29T23:00+02:00;2026-08-30T00:00+02:00;2026-08-29;23:00;00:00;1;0;100,0;1;1;0;0;100,00;-;-;-;-;-;-;-;-
99274B3204701;Sykkelstamvegen Forus nord;EV39 S1000D65 m24;2026-08-29T23:00+02:00;2026-08-30T00:00+02:00;2026-08-29;23:00;00:00;2;0;100,0;1;1;0;0;100,00;-;-;-;-;-;-;-;-
99274B3204701;Sykkelstamvegen Forus nord;EV39 S1000D65 m24;2026-08-29T23:00+02:00;2026-08-30T00:00+02:00;2026-08-29;23:00;00:00;Totalt i retning Sandnes;0;100,0;1;1;0;0;100,00;-;-;-;-;-;-;-;-
99274B3204701;Sykkelstamvegen Forus nord;EV39 S1000D65 m24;2026-08-29T23:00+02:00;2026-08-30T00:00+02:00;2026-08-29;23:00;00:00;Totalt i retning Stavanger;0;100,0;1;1;0;0;100,00;-;-;-;-;-;-;-;-
99274B3204701;Sykkelstamvegen Forus nord;EV39 S1000D65 m24;2026-08-29T23:00+02:00;2026-08-30T00:00+02:00;2026-08-29;23:00;00:00;Totalt;0;100,0;1;1;0;0;100,00;-;-;-;-;-;-;-;-
99274B3204701;Sykkelstamvegen Forus nord;EV39 S1000D65 m24;2026-08-30T00:00+02:00;2026-08-30T01:00+02:00;2026-08-30;00:00;01:00;1;1;100,0;1;1;0;1;0,00;-;-;-;-;-;-;-;-
99274B3204701;Sykkelstamvegen Forus nord;EV39 S1000D65 m24;2026-08-30T00:00+02:00;2026-08-30T01:00+02:00;2026-08-30;00:00;01:00;2;3;100,0;1;1;0;3;0,00;-;-;-;-;-;-;-;-
99274B3204701;Sykkelstamvegen Forus nord;EV39 S1000D65 m24;2026-08-30T00:00+02:00;2026-08-30T01:00+02:00;2026-08-30;00:00;01:00;Totalt i retning Sandnes;1;100,0;1;1;0;1;0,00;-;-;-;-;-;-;-;-
99274B3204701;Sykkelstamvegen Forus nord;EV39 S1000D65 m24;2026-08-30T00:00+02:00;2026-08-30T01:00+02:00;2026-08-30;00:00;01:00;Totalt i retning Stavanger;3;100,0;1;1;0;3;0,00;-;-;-;-;-;-;-;-
99274B3204701;Sykkelstamvegen Forus nord;EV39 S1000D65 m24;2026-08-30T00:00+02:00;2026-08-30T01:00+02:00;2026-08-30;00:00;01:00;Totalt;4;100,0;1;1;0;4;0,00;-;-;-;-;-;-;-;-
99274B3204701;Sykkelstamvegen Forus nord;EV39 S1000D65 m24;2026-08-30T01:00+02:00;2026-08-30T02:00+02:00;2026-08-30;01:00;02:00;1;0;100,0;1;1;0;0;100,00;-;-;-;-;-;-;-;-
99274B3204701;Sykkelstamvegen Forus nord;EV39 S1000D65 m24;2026-08-30T01:00+02:00;2026-08-30T02:00+02:00;2026-08-30;01:00;02:00;2;1;100,0;1;1;0;1;0,00;-;-;-;-;-;-;-;-
99274B3204701;Sykkelstamvegen Forus nord;EV39 S1000D65 m24;2026-08-30T01:00+02:00;2026-08-30T02:00+02:00;2026-08-30;01:00;02:00;Totalt i retning Sandnes;0;100,0;1;1;0;0;100,00;-;-;-;-;-;-;-;-
99274B3204701;Sykkelstamvegen Forus nord;EV39 S1000D65 m24;2026-08-30T01:00+02:00;2026-08-30T02:00+02:00;2026-08-30;01:00;02:00;Totalt i retning Stavanger;1;100,0;1;1;0;1;0,00;-;-;-;-;-;-;-;-
99274B3204701;Sykkelstamvegen Forus nord;EV39 S1000D65 m24;2026-08-30T01:00+02:00;2026-08-30T02:00+02:00;2026-08-30;01:00;02:00;Totalt;1;100,0;1;1;0;1;0,00;-;-;-;-;-;-;-;-
99274B3204701;Sykkelstamvegen Forus nord;EV39 S1000D65 m24;2026-08-30T02:00+02:00;2026-08-30T03:00+02:00;2026-08-30;02:00;03:00;1;0;100,0;1;1;0;0;100,00;-;-;-;-;-;-;-;-
99274B3204701;Sykkelstamvegen Forus nord;EV39 S1000D65 m24;2026-08-30T02:00+02:00;2026-08-30T03:00+02:00;2026-08-30;02:00;03:00;2;1;100,0;1;1;0;1;0,00;-;-;-;-;-;-;-;-
99274B3204701;Sykkelstamvegen Forus nord;EV39 S1000D65 m24;2026-08-30T02:00+02:00;2026-08-30T03:00+02:00;2026-08-30;02:00;03:00;Totalt i retning Sandnes;0;100,0;1;1;0;0;100,00;-;-;-;-;-;-;-;-
99274B3204701;Sykkelstamvegen Forus nord;EV39 S1000D65 m24;2026-08-30T02:00+02:00;2026-08-30T03:00+02:00;2026-08-30;02:00;03:00;Totalt i retning Stavanger;1;100,0;1;1;0;1;0,00;-;-;-;-;-;-;-;-
99274B3204701;Sykkelstamvegen Forus nord;EV39 S1000D65 m24;2026-08-30T02:00+02:00;2026-08-30T03:00+02:00;2026-08-30;02:00;03:00;Totalt;1;100,0;1;1;0;1;0,00;-;-;-;-;-;-;-;-
99274B3204701;Sykkelstamvegen Forus nord;EV39 S1000D65 m24;2026-08-30T03:00+02:00;2026-08-30T04:00+02:00;2026-08-30;03:00;04:00;1;0;100,0;1;1;0;0;100,00;-;-;-;-;-;-;-;-
99274B3204701;Sykkelstamvegen Forus nord;EV39 S1000D65 m24;2026-08-30T03:00+02:00;2026-08-30T04:00+02:00;2026-08-30;03:00;04:00;2;0;100,0;1;1;0;0;100,00;-;-;-;-;-;-;-;-
99274B3204701;Sykkelstamvegen Forus nord;EV39 S1000D65 m24;2026-08-30T03:00+02:00;2026-08-30T04:00+02:00;2026-08-30;03:00;04:00;Totalt i retning Sandnes;0;100,0;1;1;0;0;100,00;-;-;-;-;-;-;-;-
99274B3204701;Sykkelstamvegen Forus nord;EV39 S1000D65 m24;2026-08-30T03:00+02:00;2026-08-30T04:00+02:00;2026-08-30;03:00;04:00;Totalt i retning Stavanger;0;100,0;1;1;0;0;100,00;-;-;-;-;-;-;-;-
99274B3204701;Sykkelstamvegen Forus nord;EV39 S1000D65 m24;2026-08-30T03:00+02:00;2026-08-30T04:00+02:00;2026-08-30;03:00;04:00;Totalt;0;100,0;1;1;0;0;100,00;-;-;-;-;-;-;-;-
99274B3204701;Sykkelstamvegen Forus nord;EV39 S1000D65 m24;2026-08-30T04:00+02:00;2026-08-30T05:00+02:00;2026-08-30;04:00;05:00;1;0;100,0;1;1;0;0;100,00;-;-;-;-;-;-;-;-
99274B3204701;Sykkelstamvegen Forus nord;EV39 S1000D65 m24;2026-08-30T04:00+02:00;2026-08-30T05:00+02:00;2026-08-30;04:00;05:00;2;0;100,0;1;1;0;0;100,00;-;-;-;-;-;-;-;-
99274B3204701;Sykkelstamvegen Forus nord;EV39 S1000D65 m24;2026-08-30T04:00+02:00;2026-08-30T05:00+02:00;2026-08-30;04:00;05:00;Totalt i retning Sandnes;0;100,0;1;1;0;0;100,00;-;-;-;-;-;-;-;-
99274B3204701;Sykkelstamvegen Forus nord;EV39 S1000D65 m24;2026-08-30T04:00+02:00;2026-08-30T05:00+02:00;2026-08-30;04:00;05:00;Totalt i retning Stavanger;0;100,0;1;1;0;0;100,00;-;-;-;-;-;-;-;-
99274B3204701;Sykkelstamvegen Forus nord;EV39 S1000D65 m24;2026-08-30T04:00+02:00;2026-08-30T05:00+02:00;2026-08-30;04:00;05:00;Totalt;0;100,0;1;1;0;0;100,00;-;-;-;-;-;-;-;-
99274B3204701;Sykkelstamvegen Forus nord;EV39 S1000D65 m24;2026-08-30T05:00+02:00;2026-08-30T06:00+02:00;2026-08-30;05:00;06:00;1;0;100,0;1;1;0;0;100,00;-;-;-;-;-;-;-;-
99274B3204701;Sykkelstamvegen Forus nord;EV39 S1000D65 m24;2026-08-30T05:00+02:00;2026-08-30T06:00+02:00;2026-08-30;05:00;06:00;2;0;100,0;1;1;0;0;100,00;-;-;-;-;-;-;-;-
99274B3204701;Sykkelstamvegen Forus nord;EV39 S1000D65 m24;2026-08-30T05:00+02:00;2026-08-30T06:00+02:00;2026-08-30;05:00;06:00;Totalt i retning Sandnes;0;100,0;1;1;0;0;100,00;-;-;-;-;-;-;-;-
99274B3204701;Sykkelstamvegen Forus nord;EV39 S1000D65 m24;2026-08-30T05:00+02:00;2026-08-30T06:00+02:00;2026-08-30;05:00;06:00;Totalt i retning Stavanger;0;100,0;1;1;0;0;100,00;-;-;-;-;-;-;-;-
99274B3204701;Sykkelstamvegen Forus nord;EV39 S1000D65 m24;2026-08-30T05:00+02:00;2026-08-30T06:00+02:00;2026-08-30;05:00;06:00;Totalt;0;100,0;1;1;0;0;100,00;-;-;-;-;-;-;-;-
99274B3204701;Sykkelstamvegen Forus nord;EV39 S1000D65 m24;2026-08-30T06:00+02:00;2026-08-30T07:00+02:00;2026-08-30;06:00;07:00;1;0;100,0;1;1;0;0;100,00;-;-;-;-;-;-;-;-
99274B3204701;Sykkelstamvegen Forus nord;EV39 S1000D65 m24;2026-08-30T06:00+02:00;2026-08-30T07:00+02:00;2026-08-30;06:00;07:00;2;2;100,0;1;1;0;2;0,00;-;-;-;-;-;-;-;-
99274B3204701;Sykkelstamvegen Forus nord;EV39 S1000D65 m24;2026-08-30T06:00+02:00;2026-08-30T07:00+02:00;2026-08-30;06:00;07:00;Totalt i retning Sandnes;0;100,0;1;1;0;0;100,00;-;-;-;-;-;-;-;-
99274B3204701;Sykkelstamvegen Forus nord;EV39 S1000D65 m24;2026-08-30T06:00+02:00;2026-08-30T07:00+02:00;2026-08-30;06:00;07:00;Totalt i retning Stavanger;2;100,0;1;1;0;2;0,00;-;-;-;-;-;-;-;-
99274B3204701;Sykkelstamvegen Forus nord;EV39 S1000D65 m24;2026-08-30T06:00+02:00;2026-08-30T07:00+02:00;2026-08-30;06:00;07:00;Totalt;2;100,0;1;1;0;2;0,00;-;-;-;-;-;-;-;-
99274B3204701;Sykkelstamvegen Forus nord;EV39 S1000D65 m24;2026-08-30T07:00+02:00;2026-08-30T08:00+02:00;2026-08-30;07:00;08:00;1;2;100,0;1;1;0;2;0,00;-;-;-;-;-;-;-;-
99274B3204701;Sykkelstamvegen Forus nord;EV39 S1000D65 m24;2026-08-30T07:00+02:00;2026-08-30T08:00+02:00;2026-08-30;07:00;08:00;2;1;100,0;1;1;0;1;0,00;-;-;-;-;-;-;-;-
99274B3204701;Sykkelstamvegen Forus nord;EV39 S1000D65 m24;2026-08-30T07:00+02:00;2026-08-30T08:00+02:00;2026-08-30;07:00;08:00;Totalt i retning Sandnes;2;100,0;1;1;0;2;0,00;-;-;-;-;-;-;-;-
99274B3204701;Sykkelstamvegen Forus nord;EV39 S1000D65 m24;2026-08-30T07:00+02:00;2026-08-30T08:00+02:00;2026-08-30;07:00;08:00;Totalt i retning Stavanger;1;100,0;1;1;0;1;0,00;-;-;-;-;-;-;-;-
99274B3204701;Sykkelstamvegen Forus nord;EV39 S1000D65 m24;2026-08-30T07:00+02:00;2026-08-30T08:00+02:00;2026-08-30;07:00;08:00;Totalt;3;100,0;1;1;0;3;0,00;-;-;-;-;-;-;-;-
99274B3204701;Sykkelstamvegen Forus nord;EV39 S1000D65 m24;2026-08-30T08:00+02:00;2026-08-30T09:00+02:00;2026-08-30;08:00;09:00;1;2;100,0;1;1;0;2;0,00;-;-;-;-;-;-;-;-
99274B3204701;Sykkelstamvegen Forus nord;EV39 S1000D65 m24;2026-08-30T08:00+02:00;2026-08-30T09:00+02:00;2026-08-30;08:00;09:00;2;2;100,0;1;1;0;2;0,00;-;-;-;-;-;-;-;-
99274B3204701;Sykkelstamvegen Forus nord;EV39 S1000D65 m24;2026-08-30T08:00+02:00;2026-08-30T09:00+02:00;2026-08-30;08:00;09:00;Totalt i retning Sandnes;2;100,0;1;1;0;2;0,00;-;-;-;-;-;-;-;-
99274B3204701;Sykkelstamvegen Forus nord;EV39 S1000D65 m24;2026-08-30T08:00+02:00;2026-08-30T09:00+02:00;2026-08-30;08:00;09:00;Totalt i retning Stavanger;2;100,0;1;1;0;2;0,00;-;-;-;-;-;-;-;-
99274B3204701;Sykkelstamvegen Forus nord;EV39 S1000D65 m24;2026-08-30T08:00+02:00;2026-08-30T09:00+02:00;2026-08-30;08:00;09:00;Totalt;4;100,0;1;1;0;4;0,00;-;-;-;-;-;-;-;-
99274B3204701;Sykkelstamvegen Forus nord;EV39 S1000D65 m24;2026-08-30T09:00+02:00;2026-08-30T10:00+02:00;2026-08-30;09:00;10:00;1;10;100,0;1;1;0;10;0,00;-;-;-;-;-;-;-;-
99274B3204701;Sykkelstamvegen Forus nord;EV39 S1000D65 m24;2026-08-30T09:00+02:00;2026-08-30T10:00+02:00;2026-08-30;09:00;10:00;2;10;100,0;1;1;0;10;0,00;-;-;-;-;-;-;-;-
99274B3204701;Sykkelstamvegen Forus nord;EV39 S1000D65 m24;2026-08-30T09:00+02:00;2026-08-30T10:00+02:00;2026-08-30;09:00;10:00;Totalt i retning Sandnes;9;100,0;1;1;0;9;0,00;-;-;-;-;-;-;-;-
99274B3204701;Sykkelstamvegen Forus nord;EV39 S1000D65 m24;2026-08-30T09:00+02:00;2026-08-30T10:00+02:00;2026-08-30;09:00;10:00;Totalt i retning Stavanger;11;100,0;1;1;0;11;0,00;-;-;-;-;-;-;-;-
99274B3204701;Sykkelstamvegen Forus nord;EV39 S1000D65 m24;2026-08-30T09:00+02:00;2026-08-30T10:00+02:00;2026-08-30;09:00;10:00;Totalt;20;100,0;1;1;0;20;0,00;-;-;-;-;-;-;-;-
99274B3204701;Sykkelstamvegen Forus nord;EV39 S1000D65 m24;2026-08-30T10:00+02:00;2026-08-30T11:00+02:00;2026-08-30;10:00;11:00;1;29;100,0;1;1;0;29;0,00;-;-;-;-;-;-;-;-
99274B3204701;Sykkelstamvegen Forus nord;EV39 S1000D65 m24;2026-08-30T10:00+02:00;2026-08-30T11:00+02:00;2026-08-30;10:00;11:00;2;33;100,0;1;1;0;33;0,00;-;-;-;-;-;-;-;-
99274B3204701;Sykkelstamvegen Forus nord;EV39 S1000D65 m24;2026-08-30T10:00+02:00;2026-08-30T11:00+02:00;2026-08-30;10:00;11:00;Totalt i retning Sandnes;29;100,0;1;1;0;29;0,00;-;-;-;-;-;-;-;-
99274B3204701;Sykkelstamvegen Forus nord;EV39 S1000D65 m24;2026-08-30T10:00+02:00;2026-08-30T11:00+02:00;2026-08-30;10:00;11:00;Totalt i retning Stavanger;33;100,0;1;1;0;33;0,00;-;-;-;-;-;-;-;-
99274B3204701;Sykkelstamvegen Forus nord;EV39 S1000D65 m24;2026-08-30T10:00+02:00;2026-08-30T11:00+02:00;2026-08-30;10:00;11:00;Totalt;62;100,0;1;1;0;62;0,00;-;-;-;-;-;-;-;-
99274B3204701;Sykkelstamvegen Forus nord;EV39 S1000D65 m24;2026-08-30T11:00+02:00;2026-08-30T12:00+02:00;2026-08-30;11:00;12:00;1;26;100,0;1;1;0;26;0,00;-;-;-;-;-;-;-;-
99274B3204701;Sykkelstamvegen Forus nord;EV39 S1000D65 m24;2026-08-30T11:00+02:00;2026-08-30T12:00+02:00;2026-08-30;11:00;12:00;2;47;100,0;1;1;0;47;0,00;-;-;-;-;-;-;-;-
99274B3204701;Sykkelstamvegen Forus nord;EV39 S1000D65 m24;2026-08-30T11:00+02:00;2026-08-30T12:00+02:00;2026-08-30;11:00;12:00;Totalt i retning Sandnes;33;100,0;1;1;0;33;0,00;-;-;-;-;-;-;-;-
99274B3204701;Sykkelstamvegen Forus nord;EV39 S1000D65 m24;2026-08-30T11:00+02:00;2026-08-30T12:00+02:00;2026-08-30;11:00;12:00;Totalt i retning Stavanger;40;100,0;1;1;0;40;0,00;-;-;-;-;-;-;-;-
99274B3204701;Sykkelstamvegen Forus nord;EV39 S1000D65 m24;2026-08-30T11:00+02:00;2026-08-30T12:00+02:00;2026-08-30;11:00;12:00;Totalt;73;100,0;1;1;0;73;0,00;-;-;-;-;-;-;-;-
99274B3204701;Sykkelstamvegen Forus nord;EV39 S1000D65 m24;2026-08-30T12:00+02:00;2026-08-30T13:00+02:00;2026-08-30;12:00;13:00;1;32;100,0;1;1;0;32;0,00;-;-;-;-;-;-;-;-
99274B3204701;Sykkelstamvegen Forus nord;EV39 S1000D65 m24;2026-08-30T12:00+02:00;2026-08-30T13:00+02:00;2026-08-30;12:00;13:00;2;43;100,0;1;1;0;43;0,00;-;-;-;-;-;-;-;-
99274B3204701;Sykkelstamvegen Forus nord;EV39 S1000D65 m24;2026-08-30T12:00+02:00;2026-08-30T13:00+02:00;2026-08-30;12:00;13:00;Totalt i retning Sandnes;31;100,0;1;1;0;31;0,00;-;-;-;-;-;-;-;-
99274B3204701;Sykkelstamvegen Forus nord;EV39 S1000D65 m24;2026-08-30T12:00+02:00;2026-08-30T13:00+02:00;2026-08-30;12:00;13:00;Totalt i retning Stavanger;44;100,0;1;1;0;44;0,00;-;-;-;-;-;-;-;-
99274B3204701;Sykkelstamvegen Forus nord;EV39 S1000D65 m24;2026-08-30T12:00+02:00;2026-08-30T13:00+02:00;2026-08-30;12:00;13:00;Totalt;75;100,0;1;1;0;75;0,00;-;-;-;-;-;-;-;-
99274B3204701;Sykkelstamvegen Forus nord;EV39 S1000D65 m24;2026-08-30T13:00+02:00;2026-08-30T14:00+02:00;2026-08-30;13:00;14:00;1;47;100,0;1;1;0;47;0,00;-;-;-;-;-;-;-;-
99274B3204701;Sykkelstamvegen Forus nord;EV39 S1000D65 m24;2026-08-30T13:00+02:00;2026-08-30T14:00+02:00;2026-08-30;13:00;14:00;2;45;100,0;1;1;0;45;0,00;-;-;-;-;-;-;-;-
99274B3204701;Sykkelstamvegen Forus nord;EV39 S1000D65 m24;2026-08-30T13:00+02:00;2026-08-30T14:00+02:00;2026-08-30;13:00;14:00;Totalt i retning Sandnes;42;100,0;1;1;0;42;0,00;-;-;-;-;-;-;-;-
99274B3204701;Sykkelstamvegen Forus nord;EV39 S1000D65 m24;2026-08-30T13:00+02:00;2026-08-30T14:00+02:00;2026-08-30;13:00;14:00;Totalt i retning Stavanger;50;100,0;1;1;0;50;0,00;-;-;-;-;-;-;-;-
99274B3204701;Sykkelstamvegen Forus nord;EV39 S1000D65 m24;2026-08-30T13:00+02:00;2026-08-30T14:00+02:00;2026-08-30;13:00;14:00;Totalt;92;100,0;1;1;0;92;0,00;-;-;-;-;-;-;-;-
99274B3204701;Sykkelstamvegen Forus nord;EV39 S1000D65 m24;2026-08-30T14:00+02:00;2026-08-30T15:00+02:00;2026-08-30;14:00;15:00;1;28;100,0;1;1;0;28;0,00;-;-;-;-;-;-;-;-
99274B3204701;Sykkelstamvegen Forus nord;EV39 S1000D65 m24;2026-08-30T14:00+02:00;2026-08-30T15:00+02:00;2026-08-30;14:00;15:00;2;46;100,0;1;1;0;46;0,00;-;-;-;-;-;-;-;-
99274B3204701;Sykkelstamvegen Forus nord;EV39 S1000D65 m24;2026-08-30T14:00+02:00;2026-08-30T15:00+02:00;2026-08-30;14:00;15:00;Totalt i retning Sandnes;30;100,0;1;1;0;30;0,00;-;-;-;-;-;-;-;-
99274B3204701;Sykkelstamvegen Forus nord;EV39 S1000D65 m24;2026-08-30T14:00+02:00;2026-08-30T15:00+02:00;2026-08-30;14:00;15:00;Totalt i retning Stavanger;44;100,0;1;1;0;44;0,00;-;-;-;-;-;-;-;-
99274B3204701;Sykkelstamvegen Forus nord;EV39 S1000D65 m24;2026-08-30T14:00+02:00;2026-08-30T15:00+02:00;2026-08-30;14:00;15:00;Totalt;74;100,0;1;1;0;74;0,00;-;-;-;-;-;-;-;-
99274B3204701;Sykkelstamvegen Forus nord;EV39 S1000D65 m24;2026-08-30T15:00+02:00;2026-08-30T16:00+02:00;2026-08-30;15:00;16:00;1;18;100,0;1;1;0;18;0,00;-;-;-;-;-;-;-;-
99274B3204701;Sykkelstamvegen Forus nord;EV39 S1000D65 m24;2026-08-30T15:00+02:00;2026-08-30T16:00+02:00;2026-08-30;15:00;16:00;2;26;100,0;1;1;0;26;0,00;-;-;-;-;-;-;-;-
99274B3204701;Sykkelstamvegen Forus nord;EV39 S1000D65 m24;2026-08-30T15:00+02:00;2026-08-30T16:00+02:00;2026-08-30;15:00;16:00;Totalt i retning Sandnes;16;100,0;1;1;0;16;0,00;-;-;-;-;-;-;-;-
99274B3204701;Sykkelstamvegen Forus nord;EV39 S1000D65 m24;2026-08-30T15:00+02:00;2026-08-30T16:00+02:00;2026-08-30;15:00;16:00;Totalt i retning Stavanger;28;100,0;1;1;0;28;0,00;-;-;-;-;-;-;-;-
99274B3204701;Sykkelstamvegen Forus nord;EV39 S1000D65 m24;2026-08-30T15:00+02:00;2026-08-30T16:00+02:00;2026-08-30;15:00;16:00;Totalt;44;100,0;1;1;0;44;0,00;-;-;-;-;-;-;-;-
99274B3204701;Sykkelstamvegen Forus nord;EV39 S1000D65 m24;2026-08-30T16:00+02:00;2026-08-30T17:00+02:00;2026-08-30;16:00;17:00;1;17;100,0;1;1;0;17;0,00;-;-;-;-;-;-;-;-
99274B3204701;Sykkelstamvegen Forus nord;EV39 S1000D65 m24;2026-08-30T16:00+02:00;2026-08-30T17:00+02:00;2026-08-30;16:00;17:00;2;10;100,0;1;1;0;10;0,00;-;-;-;-;-;-;-;-
99274B3204701;Sykkelstamvegen Forus nord;EV39 S1000D65 m24;2026-08-30T16:00+02:00;2026-08-30T17:00+02:00;2026-08-30;16:00;17:00;Totalt i retning Sandnes;18;100,0;1;1;0;18;0,00;-;-;-;-;-;-;-;-
99274B3204701;Sykkelstamvegen Forus nord;EV39 S1000D65 m24;2026-08-30T16:00+02:00;2026-08-30T17:00+02:00;2026-08-30;16:00;17:00;Totalt i retning Stavanger;9;100,0;1;1;0;9;0,00;-;-;-;-;-;-;-;-
99274B3204701;Sykkelstamvegen Forus nord;EV39 S1000D65 m24;2026-08-30T16:00+02:00;2026-08-30T17:00+02:00;2026-08-30;16:00;17:00;Totalt;27;100,0;1;1;0;27;0,00;-;-;-;-;-;-;-;-
99274B3204701;Sykkelstamvegen Forus nord;EV39 S1000D65 m24;2026-08-30T17:00+02:00;2026-08-30T18:00+02:00;2026-08-30;17:00;18:00;1;17;100,0;1;1;0;17;0,00;-;-;-;-;-;-;-;-
99274B3204701;Sykkelstamvegen Forus nord;EV39 S1000D65 m24;2026-08-30T17:00+02:00;2026-08-30T18:00+02:00;2026-08-30;17:00;18:00;2;14;100,0;1;1;0;14;0,00;-;-;-;-;-;-;-;-
99274B3204701;Sykkelstamvegen Forus nord;EV39 S1000D65 m24;2026-08-30T17:00+02:00;2026-08-30T18:00+02:00;2026-08-30;17:00;18:00;Totalt i retning Sandnes;17;100,0;1;1;0;17;0,00;-;-;-;-;-;-;-;-
99274B3204701;Sykkelstamvegen Forus nord;EV39 S1000D65 m24;2026-08-30T17:00+02:00;2026-08-30T18:00+02:00;2026-08-30;17:00;18:00;Totalt i retning Stavanger;14;100,0;1;1;0;14;0,00;-;-;-;-;-;-;-;-
99274B3204701;Sykkelstamvegen Forus nord;EV39 S1000D65 m24;2026-08-30T17:00+02:00;2026-08-30T18:00+02:00;2026-08-30;17:00;18:00;Totalt;31;100,0;1;1;0;31;0,00;-;-;-;-;-;-;-;-
99274B3204701;Sykkelstamvegen Forus nord;EV39 S1000D65 m24;2026-08-30T18:00+02:00;2026-08-30T19:00+02:00;2026-08-30;18:00;19:00;1;12;100,0;1;1;0;12;0,00;-;-;-;-;-;-;-;-
99274B3204701;Sykkelstamvegen Forus nord;EV39 S1000D65 m24;2026-08-30T18:00+02:00;2026-08-30T19:00+02:00;2026-08-30;18:00;19:00;2;8;100,0;1;1;0;8;0,00;-;-;-;-;-;-;-;-
99274B3204701;Sykkelstamvegen Forus nord;EV39 S1000D65 m24;2026-08-30T18:00+02:00;2026-08-30T19:00+02:00;2026-08-30;18:00;19:00;Totalt i retning Sandnes;13;100,0;1;1;0;13;0,00;-;-;-;-;-;-;-;-
99274B3204701;Sykkelstamvegen Forus nord;EV39 S1000D65 m24;2026-08-30T18:00+02:00;2026-08-30T19:00+02:00;2026-08-30;18:00;19:00;Totalt i retning Stavanger;7;100,0;1;1;0;7;0,00;-;-;-;-;-;-;-;-
99274B3204701;Sykkelstamvegen Forus nord;EV39 S1000D65 m24;2026-08-30T18:00+02:00;2026-08-30T19:00+02:00;2026-08-30;18:00;19:00;Totalt;20;100,0;1;1;0;20;0,00;-;-;-;-;-;-;-;-
99274B3204701;Sykkelstamvegen Forus nord;EV39 S1000D65 m24;2026-08-30T19:00+02:00;2026-08-30T20:00+02:00;2026-08-30;19:00;20:00;1;15;100,0;1;1;0;15;0,00;-;-;-;-;-;-;-;-
99274B3204701;Sykkelstamvegen Forus nord;EV39 S1000D65 m24;2026-08-30T19:00+02:00;2026-08-30T20:00+02:00;2026-08-30;19:00;20:00;2;5;100,0;1;1;0;5;0,00;-;-;-;-;-;-;-;-
99274B3204701;Sykkelstamvegen Forus nord;EV39 S1000D65 m24;2026-08-30T19:00+02:00;2026-08-30T20:00+02:00;2026-08-30;19:00;20:00;Totalt i retning Sandnes;15;100,0;1;1;0;15;0,00;-;-;-;-;-;-;-;-
99274B3204701;Sykkelstamvegen Forus nord;EV39 S1000D65 m24;2026-08-30T19:00+02:00;2026-08-30T20:00+02:00;2026-08-30;19:00;20:00;Totalt i retning Stavanger;5;100,0;1;1;0;5;0,00;-;-;-;-;-;-;-;-
99274B3204701;Sykkelstamvegen Forus nord;EV39 S1000D65 m24;2026-08-30T19:00+02:00;2026-08-30T20:00+02:00;2026-08-30;19:00;20:00;Totalt;20;100,0;1;1;0;20;0,00;-;-;-;-;-;-;-;-
99274B3204701;Sykkelstamvegen Forus nord;EV39 S1000D65 m24;2026-08-30T20:00+02:00;2026-08-30T21:00+02:00;2026-08-30;20:00;21:00;1;6;100,0;1;1;0;6;0,00;-;-;-;-;-;-;-;-
99274B3204701;Sykkelstamvegen Forus nord;EV39 S1000D65 m24;2026-08-30T20:00+02:00;2026-08-30T21:00+02:00;2026-08-30;20:00;21:00;2;7;100,0;1;1;0;7;0,00;-;-;-;-;-;-;-;-
99274B3204701;Sykkelstamvegen Forus nord;EV39 S1000D65 m24;2026-08-30T20:00+02:00;2026-08-30T21:00+02:00;2026-08-30;20:00;21:00;Totalt i retning Sandnes;7;100,0;1;1;0;7;0,00;-;-;-;-;-;-;-;-
99274B3204701;Sykkelstamvegen Forus nord;EV39 S1000D65 m24;2026-08-30T20:00+02:00;2026-08-30T21:00+02:00;2026-08-30;20:00;21:00;Totalt i retning Stavanger;6;100,0;1;1;0;6;0,00;-;-;-;-;-;-;-;-
99274B3204701;Sykkelstamvegen Forus nord;EV39 S1000D65 m24;2026-08-30T20:00+02:00;2026-08-30T21:00+02:00;2026-08-30;20:00;21:00;Totalt;13;100,0;1;1;0;13;0,00;-;-;-;-;-;-;-;-
99274B3204701;Sykkelstamvegen Forus nord;EV39 S1000D65 m24;2026-08-30T21:00+02:00;2026-08-30T22:00+02:00;2026-08-30;21:00;22:00;1;2;100,0;1;1;0;2;0,00;-;-;-;-;-;-;-;-
99274B3204701;Sykkelstamvegen Forus nord;EV39 S1000D65 m24;2026-08-30T21:00+02:00;2026-08-30T22:00+02:00;2026-08-30;21:00;22:00;2;4;100,0;1;1;0;4;0,00;-;-;-;-;-;-;-;-
99274B3204701;Sykkelstamvegen Forus nord;EV39 S1000D65 m24;2026-08-30T21:00+02:00;2026-08-30T22:00+02:00;2026-08-30;21:00;22:00;Totalt i retning Sandnes;2;100,0;1;1;0;2;0,00;-;-;-;-;-;-;-;-
99274B3204701;Sykkelstamvegen Forus nord;EV39 S1000D65 m24;2026-08-30T21:00+02:00;2026-08-30T22:00+02:00;2026-08-30;21:00;22:00;Totalt i retning Stavanger;4;100,0;1;1;0;4;0,00;-;-;-;-;-;-;-;-
99274B3204701;Sykkelstamvegen Forus nord;EV39 S1000D65 m24;2026-08-30T21:00+02:00;2026-08-30T22:00+02:00;2026-08-30;21:00;22:00;Totalt;6;100,0;1;1;0;6;0,00;-;-;-;-;-;-;-;-
99274B3204701;Sykkelstamvegen Forus nord;EV39 S1000D65 m24;2026-08-30T22:00+02:00;2026-08-30T23:00+02:00;2026-08-30;22:00;23:00;1;2;100,0;1;1;0;2;0,00;-;-;-;-;-;-;-;-
99274B3204701;Sykkelstamvegen Forus nord;EV39 S1000D65 m24;2026-08-30T22:00+02:00;2026-08-30T23:00+02:00;2026-08-30;22:00;23:00;2;0;100,0;1;1;0;0;100,00;-;-;-;-;-;-;-;-
99274B3204701;Sykkelstamvegen Forus nord;EV39 S1000D65 m24;2026-08-30T22:00+02:00;2026-08-30T23:00+02:00;2026-08-30;22:00;23:00;Totalt i retning Sandnes;2;100,0;1;1;0;2;0,00;-;-;-;-;-;-;-;-
99274B3204701;Sykkelstamvegen Forus nord;EV39 S1000D65 m24;2026-08-30T22:00+02:00;2026-08-30T23:00+02:00;2026-08-30;22:00;23:00;Totalt i retning Stavanger;0;100,0;1;1;0;0;100,00;-;-;-;-;-;-;-;-
99274B3204701;Sykkelstamvegen Forus nord;EV39 S1000D65 m24;2026-08-30T22:00+02:00;2026-08-30T23:00+02:00;2026-08-30;22:00;23:00;Totalt;2;100,0;1;1;0;2;0,00;-;-;-;-;-;-;-;-
99274B3204701;Sykkelstamvegen Forus nord;EV39 S1000D65 m24;2026-08-30T23:00+02:00;2026-08-31T00:00+02:00;2026-08-30;23:00;00:00;1;2;100,0;1;1;0;2;0,00;-;-;-;-;-;-;-;-
99274B3204701;Sykkelstamvegen Forus nord;EV39 S1000D65 m24;2026-08-30T23:00+02:00;2026-08-31T00:00+02:00;2026-08-30;23:00;00:00;2;0;100,0;1;1;0;0;100,00;-;-;-;-;-;-;-;-
99274B3204701;Sykkelstamvegen Forus nord;EV39 S1000D65 m24;2026-08-30T23:00+02:00;2026-08-31T00:00+02:00;2026-08-30;23:00;00:00;Totalt i retning Sandnes;2;100,0;1;1;0;2;0,00;-;-;-;-;-;-;-;-
99274B3204701;Sykkelstamvegen Forus nord;EV39 S1000D65 m24;2026-08-30T23:00+02:00;2026-08-31T00:00+02:00;2026-08-30;23:00;00:00;Totalt i retning Stavanger;0;100,0;1;1;0;0;100,00;-;-;-;-;-;-;-;-
99274B3204701;Sykkelstamvegen Forus nord;EV39 S1000D65 m24;2026-08-30T23:00+02:00;2026-08-31T00:00+02:00;2026-08-30;23:00;00:00;Totalt;2;100,0;1;1;0;2;0,00;-;-;-;-;-;-;-;-
99274B3204701;Sykkelstamvegen Forus nord;EV39 S1000D65 m24;2026-08-31T00:00+02:00;2026-08-31T01:00+02:00;2026-08-31;00:00;01:00;1;0;100,0;1;1;0;0;100,00;-;-;-;-;-;-;-;-
99274B3204701;Sykkelstamvegen Forus nord;EV39 S1000D65 m24;2026-08-31T00:00+02:00;2026-08-31T01:00+02:00;2026-08-31;00:00;01:00;2;0;100,0;1;1;0;0;100,00;-;-;-;-;-;-;-;-
99274B3204701;Sykkelstamvegen Forus nord;EV39 S1000D65 m24;2026-08-31T00:00+02:00;2026-08-31T01:00+02:00;2026-08-31;00:00;01:00;Totalt i retning Sandnes;0;100,0;1;1;0;0;100,00;-;-;-;-;-;-;-;-
99274B3204701;Sykkelstamvegen Forus nord;EV39 S1000D65 m24;2026-08-31T00:00+02:00;2026-08-31T01:00+02:00;2026-08-31;00:00;01:00;Totalt i retning Stavanger;0;100,0;1;1;0;0;100,00;-;-;-;-;-;-;-;-
99274B3204701;Sykkelstamvegen Forus nord;EV39 S1000D65 m24;2026-08-31T00:00+02:00;2026-08-31T01:00+02:00;2026-08-31;00:00;01:00;Totalt;0;100,0;1;1;0;0;100,00;-;-;-;-;-;-;-;-
99274B3204701;Sykkelstamvegen Forus nord;EV39 S1000D65 m24;2026-08-31T01:00+02:00;2026-08-31T02:00+02:00;2026-08-31;01:00;02:00;1;0;100,0;1;1;0;0;100,00;-;-;-;-;-;-;-;-
99274B3204701;Sykkelstamvegen Forus nord;EV39 S1000D65 m24;2026-08-31T01:00+02:00;2026-08-31T02:00+02:00;2026-08-31;01:00;02:00;2;0;100,0;1;1;0;0;100,00;-;-;-;-;-;-;-;-
99274B3204701;Sykkelstamvegen Forus nord;EV39 S1000D65 m24;2026-08-31T01:00+02:00;2026-08-31T02:00+02:00;2026-08-31;01:00;02:00;Totalt i retning Sandnes;0;100,0;1;1;0;0;100,00;-;-;-;-;-;-;-;-
99274B3204701;Sykkelstamvegen Forus nord;EV39 S1000D65 m24;2026-08-31T01:00+02:00;2026-08-31T02:00+02:00;2026-08-31;01:00;02:00;Totalt i retning Stavanger;0;100,0;1;1;0;0;100,00;-;-;-;-;-;-;-;-
99274B3204701;Sykkelstamvegen Forus nord;EV39 S1000D65 m24;2026-08-31T01:00+02:00;2026-08-31T02:00+02:00;2026-08-31;01:00;02:00;Totalt;0;100,0;1;1;0;0;100,00;-;-;-;-;-;-;-;-
99274B3204701;Sykkelstamvegen Forus nord;EV39 S1000D65 m24;2026-08-31T02:00+02:00;2026-08-31T03:00+02:00;2026-08-31;02:00;03:00;1;0;100,0;1;1;0;0;100,00;-;-;-;-;-;-;-;-
99274B3204701;Sykkelstamvegen Forus nord;EV39 S1000D65 m24;2026-08-31T02:00+02:00;2026-08-31T03:00+02:00;2026-08-31;02:00;03:00;2;0;100,0;1;1;0;0;100,00;-;-;-;-;-;-;-;-
99274B3204701;Sykkelstamvegen Forus nord;EV39 S1000D65 m24;2026-08-31T02:00+02:00;2026-08-31T03:00+02:00;2026-08-31;02:00;03:00;Totalt i retning Sandnes;0;100,0;1;1;0;0;100,00;-;-;-;-;-;-;-;-
99274B3204701;Sykkelstamvegen Forus nord;EV39 S1000D65 m24;2026-08-31T02:00+02:00;2026-08-31T03:00+02:00;2026-08-31;02:00;03:00;Totalt i retning Stavanger;0;100,0;1;1;0;0;100,00;-;-;-;-;-;-;-;-
99274B3204701;Sykkelstamvegen Forus nord;EV39 S1000D65 m24;2026-08-31T02:00+02:00;2026-08-31T03:00+02:00;2026-08-31;02:00;03:00;Totalt;0;100,0;1;1;0;0;100,00;-;-;-;-;-;-;-;-
99274B3204701;Sykkelstamvegen Forus nord;EV39 S1000D65 m24;2026-08-31T03:00+02:00;2026-08-31T04:00+02:00;2026-08-31;03:00;04:00;1;0;100,0;1;1;0;0;100,00;-;-;-;-;-;-;-;-
99274B3204701;Sykkelstamvegen Forus nord;EV39 S1000D65 m24;2026-08-31T03:00+02:00;2026-08-31T04:00+02:00;2026-08-31;03:00;04:00;2;0;100,0;1;1;0;0;100,00;-;-;-;-;-;-;-;-
99274B3204701;Sykkelstamvegen Forus nord;EV39 S1000D65 m24;2026-08-31T03:00+02:00;2026-08-31T04:00+02:00;2026-08-31;03:00;04:00;Totalt i retning Sandnes;0;100,0;1;1;0;0;100,00;-;-;-;-;-;-;-;-
99274B3204701;Sykkelstamvegen Forus nord;EV39 S1000D65 m24;2026-08-31T03:00+02:00;2026-08-31T04:00+02:00;2026-08-31;03:00;04:00;Totalt i retning Stavanger;0;100,0;1;1;0;0;100,00;-;-;-;-;-;-;-;-
99274B3204701;Sykkelstamvegen Forus nord;EV39 S1000D65 m24;2026-08-31T03:00+02:00;2026-08-31T04:00+02:00;2026-08-31;03:00;04:00;Totalt;0;100,0;1;1;0;0;100,00;-;-;-;-;-;-;-;-
99274B3204701;Sykkelstamvegen Forus nord;EV39 S1000D65 m24;2026-08-31T04:00+02:00;2026-08-31T05:00+02:00;2026-08-31;04:00;05:00;1;0;100,0;1;1;0;0;100,00;-;-;-;-;-;-;-;-
99274B3204701;Sykkelstamvegen Forus nord;EV39 S1000D65 m24;2026-08-31T04:00+02:00;2026-08-31T05:00+02:00;2026-08-31;04:00;05:00;2;1;100,0;1;1;0;1;0,00;-;-;-;-;-;-;-;-
99274B3204701;Sykkelstamvegen Forus nord;EV39 S1000D65 m24;2026-08-31T04:00+02:00;2026-08-31T05:00+02:00;2026-08-31;04:00;05:00;Totalt i retning Sandnes;0;100,0;1;1;0;0;100,00;-;-;-;-;-;-;-;-
99274B3204701;Sykkelstamvegen Forus nord;EV39 S1000D65 m24;2026-08-31T04:00+02:00;2026-08-31T05:00+02:00;2026-08-31;04:00;05:00;Totalt i retning Stavanger;1;100,0;1;1;0;1;0,00;-;-;-;-;-;-;-;-
99274B3204701;Sykkelstamvegen Forus nord;EV39 S1000D65 m24;2026-08-31T04:00+02:00;2026-08-31T05:00+02:00;2026-08-31;04:00;05:00;Totalt;1;100,0;1;1;0;1;0,00;-;-;-;-;-;-;-;-
99274B3204701;Sykkelstamvegen Forus nord;EV39 S1000D65 m24;2026-08-31T05:00+02:00;2026-08-31T06:00+02:00;2026-08-31;05:00;06:00;1;9;100,0;1;1;0;9;0,00;-;-;-;-;-;-;-;-
99274B3204701;Sykkelstamvegen Forus nord;EV39 S1000D65 m24;2026-08-31T05:00+02:00;2026-08-31T06:00+02:00;2026-08-31;05:00;06:00;2;13;100,0;1;1;0;13;0,00;-;-;-;-;-;-;-;-
99274B3204701;Sykkelstamvegen Forus nord;EV39 S1000D65 m24;2026-08-31T05:00+02:00;2026-08-31T06:00+02:00;2026-08-31;05:00;06:00;Totalt i retning Sandnes;9;100,0;1;1;0;9;0,00;-;-;-;-;-;-;-;-
99274B3204701;Sykkelstamvegen Forus nord;EV39 S1000D65 m24;2026-08-31T05:00+02:00;2026-08-31T06:00+02:00;2026-08-31;05:00;06:00;Totalt i retning Stavanger;13;100,0;1;1;0;13;0,00;-;-;-;-;-;-;-;-
99274B3204701;Sykkelstamvegen Forus nord;EV39 S1000D65 m24;2026-08-31T05:00+02:00;2026-08-31T06:00+02:00;2026-08-31;05:00;06:00;Totalt;22;100,0;1;1;0;22;0,00;-;-;-;-;-;-;-;-
99274B3204701;Sykkelstamvegen Forus nord;EV39 S1000D65 m24;2026-08-31T06:00+02:00;2026-08-31T07:00+02:00;2026-08-31;06:00;07:00;1;37;100,0;1;1;0;37;0,00;-;-;-;-;-;-;-;-
99274B3204701;Sykkelstamvegen Forus nord;EV39 S1000D65 m24;2026-08-31T06:00+02:00;2026-08-31T07:00+02:00;2026-08-31;06:00;07:00;2;76;100,0;1;1;0;76;0,00;-;-;-;-;-;-;-;-
99274B3204701;Sykkelstamvegen Forus nord;EV39 S1000D65 m24;2026-08-31T06:00+02:00;2026-08-31T07:00+02:00;2026-08-31;06:00;07:00;Totalt i retning Sandnes;38;100,0;1;1;0;38;0,00;-;-;-;-;-;-;-;-
99274B3204701;Sykkelstamvegen Forus nord;EV39 S1000D65 m24;2026-08-31T06:00+02:00;2026-08-31T07:00+02:00;2026-08-31;06:00;07:00;Totalt i retning Stavanger;75;100,0;1;1;0;75;0,00;-;-;-;-;-;-;-;-
99274B3204701;Sykkelstamvegen Forus nord;EV39 S1000D65 m24;2026-08-31T06:00+02:00;2026-08-31T07:00+02:00;2026-08-31;06:00;07:00;Totalt;113;100,0;1;1;0;113;0,00;-;-;-;-;-;-;-;-
99274B3204701;Sykkelstamvegen Forus nord;EV39 S1000D65 m24;2026-08-31T07:00+02:00;2026-08-31T08:00+02:00;2026-08-31;07:00;08:00;1;69;100,0;1;1;0;69;0,00;-;-;-;-;-;-;-;-
99274B3204701;Sykkelstamvegen Forus nord;EV39 S1000D65 m24;2026-08-31T07:00+02:00;2026-08-31T08:00+02:00;2026-08-31;07:00;08:00;2;130;100,0;1;1;0;130;0,00;-;-;-;-;-;-;-;-
99274B3204701;Sykkelstamvegen Forus nord;EV39 S1000D65 m24;2026-08-31T07:00+02:00;2026-08-31T08:00+02:00;2026-08-31;07:00;08:00;Totalt i retning Sandnes;66;100,0;1;1;0;66;0,00;-;-;-;-;-;-;-;-
99274B3204701;Sykkelstamvegen Forus nord;EV39 S1000D65 m24;2026-08-31T07:00+02:00;2026-08-31T08:00+02:00;2026-08-31;07:00;08:00;Totalt i retning Stavanger;133;100,0;1;1;0;133;0,00;-;-;-;-;-;-;-;-
99274B3204701;Sykkelstamvegen Forus nord;EV39 S1000D65 m24;2026-08-31T07:00+02:00;2026-08-31T08:00+02:00;2026-08-31;07:00;08:00;Totalt;199;100,0;1;1;0;199;0,00;-;-;-;-;-;-;-;-
99274B3204701;Sykkelstamvegen Forus nord;EV39 S1000D65 m24;2026-08-31T08:00+02:00;2026-08-31T09:00+02:00;2026-08-31;08:00;09:00;1;38;100,0;1;1;0;38;0,00;-;-;-;-;-;-;-;-
99274B3204701;Sykkelstamvegen Forus nord;EV39 S1000D65 m24;2026-08-31T08:00+02:00;2026-08-31T09:00+02:00;2026-08-31;08:00;09:00;2;57;100,0;1;1;0;57;0,00;-;-;-;-;-;-;-;-
99274B3204701;Sykkelstamvegen Forus nord;EV39 S1000D65 m24;2026-08-31T08:00+02:00;2026-08-31T09:00+02:00;2026-08-31;08:00;09:00;Totalt i retning Sandnes;37;100,0;1;1;0;37;0,00;-;-;-;-;-;-;-;-
99274B3204701;Sykkelstamvegen Forus nord;EV39 S1000D65 m24;2026-08-31T08:00+02:00;2026-08-31T09:00+02:00;2026-08-31;08:00;09:00;Totalt i retning Stavanger;58;100,0;1;1;0;58;0,00;-;-;-;-;-;-;-;-
99274B3204701;Sykkelstamvegen Forus nord;EV39 S1000D65 m24;2026-08-31T08:00+02:00;2026-08-31T09:00+02:00;2026-08-31;08:00;09:00;Totalt;95;100,0;1;1;0;95;0,00;-;-;-;-;-;-;-;-
99274B3204701;Sykkelstamvegen Forus nord;EV39 S1000D65 m24;2026-08-31T09:00+02:00;2026-08-31T10:00+02:00;2026-08-31;09:00;10:00;1;12;100,0;1;1;0;12;0,00;-;-;-;-;-;-;-;-
99274B3204701;Sykkelstamvegen Forus nord;EV39 S1000D65 m24;2026-08-31T09:00+02:00;2026-08-31T10:00+02:00;2026-08-31;09:00;10:00;2;14;100,0;1;1;0;14;0,00;-;-;-;-;-;-;-;-
99274B3204701;Sykkelstamvegen Forus nord;EV39 S1000D65 m24;2026-08-31T09:00+02:00;2026-08-31T10:00+02:00;2026-08-31;09:00;10:00;Totalt i retning Sandnes;13;100,0;1;1;0;13;0,00;-;-;-;-;-;-;-;-
99274B3204701;Sykkelstamvegen Forus nord;EV39 S1000D65 m24;2026-08-31T09:00+02:00;2026-08-31T10:00+02:00;2026-08-31;09:00;10:00;Totalt i retning Stavanger;13;100,0;1;1;0;13;0,00;-;-;-;-;-;-;-;-
99274B3204701;Sykkelstamvegen Forus nord;EV39 S1000D65 m24;2026-08-31T09:00+02:00;2026-08-31T10:00+02:00;2026-08-31;09:00;10:00;Totalt;26;100,0;1;1;0;26;0,00;-;-;-;-;-;-;-;-
99274B3204701;Sykkelstamvegen Forus nord;EV39 S1000D65 m24;2026-08-31T10:00+02:00;2026-08-31T11:00+02:00;2026-08-31;10:00;11:00;1;17;100,0;1;1;0;17;0,00;-;-;-;-;-;-;-;-
99274B3204701;Sykkelstamvegen Forus nord;EV39 S1000D65 m24;2026-08-31T10:00+02:00;2026-08-31T11:00+02:00;2026-08-31;10:00;11:00;2;8;100,0;1;1;0;8;0,00;-;-;-;-;-;-;-;-
99274B3204701;Sykkelstamvegen Forus nord;EV39 S1000D65 m24;2026-08-31T10:00+02:00;2026-08-31T11:00+02:00;2026-08-31;10:00;11:00;Totalt i retning Sandnes;17;100,0;1;1;0;17;0,00;-;-;-;-;-;-;-;-
99274B3204701;Sykkelstamvegen Forus nord;EV39 S1000D65 m24;2026-08-31T10:00+02:00;2026-08-31T11:00+02:00;2026-08-31;10:00;11:00;Totalt i retning Stavanger;8;100,0;1;1;0;8;0,00;-;-;-;-;-;-;-;-
99274B3204701;Sykkelstamvegen Forus nord;EV39 S1000D65 m24;2026-08-31T10:00+02:00;2026-08-31T11:00+02:00;2026-08-31;10:00;11:00;Totalt;25;100,0;1;1;0;25;0,00;-;-;-;-;-;-;-;-
99274B3204701;Sykkelstamvegen Forus nord;EV39 S1000D65 m24;2026-08-31T11:00+02:00;2026-08-31T12:00+02:00;2026-08-31;11:00;12:00;1;24;100,0;1;1;0;24;0,00;-;-;-;-;-;-;-;-
99274B3204701;Sykkelstamvegen Forus nord;EV39 S1000D65 m24;2026-08-31T11:00+02:00;2026-08-31T12:00+02:00;2026-08-31;11:00;12:00;2;25;100,0;1;1;0;25;0,00;-;-;-;-;-;-;-;-
99274B3204701;Sykkelstamvegen Forus nord;EV39 S1000D65 m24;2026-08-31T11:00+02:00;2026-08-31T12:00+02:00;2026-08-31;11:00;12:00;Totalt i retning Sandnes;25;100,0;1;1;0;25;0,00;-;-;-;-;-;-;-;-
99274B3204701;Sykkelstamvegen Forus nord;EV39 S1000D65 m24;2026-08-31T11:00+02:00;2026-08-31T12:00+02:00;2026-08-31;11:00;12:00;Totalt i retning Stavanger;24;100,0;1;1;0;24;0,00;-;-;-;-;-;-;-;-
99274B3204701;Sykkelstamvegen Forus nord;EV39 S1000D65 m24;2026-08-31T11:00+02:00;2026-08-31T12:00+02:00;2026-08-31;11:00;12:00;Totalt;49;100,0;1;1;0;49;0,00;-;-;-;-;-;-;-;-
99274B3204701;Sykkelstamvegen Forus nord;EV39 S1000D65 m24;2026-08-31T12:00+02:00;2026-08-31T13:00+02:00;2026-08-31;12:00;13:00;1;27;100,0;1;1;0;27;0,00;-;-;-;-;-;-;-;-
99274B3204701;Sykkelstamvegen Forus nord;EV39 S1000D65 m24;2026-08-31T12:00+02:00;2026-08-31T13:00+02:00;2026-08-31;12:00;13:00;2;41;100,0;1;1;0;41;0,00;-;-;-;-;-;-;-;-
99274B3204701;Sykkelstamvegen Forus nord;EV39 S1000D65 m24;2026-08-31T12:00+02:00;2026-08-31T13:00+02:00;2026-08-31;12:00;13:00;Totalt i retning Sandnes;23;100,0;1;1;0;23;0,00;-;-;-;-;-;-;-;-
99274B3204701;Sykkelstamvegen Forus nord;EV39 S1000D65 m24;2026-08-31T12:00+02:00;2026-08-31T13:00+02:00;2026-08-31;12:00;13:00;Totalt i retning Stavanger;45;100,0;1;1;0;45;0,00;-;-;-;-;-;-;-;-
99274B3204701;Sykkelstamvegen Forus nord;EV39 S1000D65 m24;2026-08-31T12:00+02:00;2026-08-31T13:00+02:00;2026-08-31;12:00;13:00;Totalt;68;100,0;1;1;0;68;0,00;-;-;-;-;-;-;-;-
99274B3204701;Sykkelstamvegen Forus nord;EV39 S1000D65 m24;2026-08-31T13:00+02:00;2026-08-31T14:00+02:00;2026-08-31;13:00;14:00;1;19;100,0;1;1;0;19;0,00;-;-;-;-;-;-;-;-
99274B3204701;Sykkelstamvegen Forus nord;EV39 S1000D65 m24;2026-08-31T13:00+02:00;2026-08-31T14:00+02:00;2026-08-31;13:00;14:00;2;31;100,0;1;1;0;31;0,00;-;-;-;-;-;-;-;-
99274B3204701;Sykkelstamvegen Forus nord;EV39 S1000D65 m24;2026-08-31T13:00+02:00;2026-08-31T14:00+02:00;2026-08-31;13:00;14:00;Totalt i retning Sandnes;19;100,0;1;1;0;19;0,00;-;-;-;-;-;-;-;-
99274B3204701;Sykkelstamvegen Forus nord;EV39 S1000D65 m24;2026-08-31T13:00+02:00;2026-08-31T14:00+02:00;2026-08-31;13:00;14:00;Totalt i retning Stavanger;31;100,0;1;1;0;31;0,00;-;-;-;-;-;-;-;-
99274B3204701;Sykkelstamvegen Forus nord;EV39 S1000D65 m24;2026-08-31T13:00+02:00;2026-08-31T14:00+02:00;2026-08-31;13:00;14:00;Totalt;50;100,0;1;1;0;50;0,00;-;-;-;-;-;-;-;-
99274B3204701;Sykkelstamvegen Forus nord;EV39 S1000D65 m24;2026-08-31T14:00+02:00;2026-08-31T15:00+02:00;2026-08-31;14:00;15:00;1;57;100,0;1;1;0;57;0,00;-;-;-;-;-;-;-;-
99274B3204701;Sykkelstamvegen Forus nord;EV39 S1000D65 m24;2026-08-31T14:00+02:00;2026-08-31T15:00+02:00;2026-08-31;14:00;15:00;2;39;100,0;1;1;0;39;0,00;-;-;-;-;-;-;-;-
99274B3204701;Sykkelstamvegen Forus nord;EV39 S1000D65 m24;2026-08-31T14:00+02:00;2026-08-31T15:00+02:00;2026-08-31;14:00;15:00;Totalt i retning Sandnes;54;100,0;1;1;0;54;0,00;-;-;-;-;-;-;-;-
99274B3204701;Sykkelstamvegen Forus nord;EV39 S1000D65 m24;2026-08-31T14:00+02:00;2026-08-31T15:00+02:00;2026-08-31;14:00;15:00;Totalt i retning Stavanger;42;100,0;1;1;0;42;0,00;-;-;-;-;-;-;-;-
99274B3204701;Sykkelstamvegen Forus nord;EV39 S1000D65 m24;2026-08-31T14:00+02:00;2026-08-31T15:00+02:00;2026-08-31;14:00;15:00;Totalt;96;100,0;1;1;0;96;0,00;-;-;-;-;-;-;-;-
99274B3204701;Sykkelstamvegen Forus nord;EV39 S1000D65 m24;2026-08-31T15:00+02:00;2026-08-31T16:00+02:00;2026-08-31;15:00;16:00;1;147;100,0;1;1;0;147;0,00;-;-;-;-;-;-;-;-
99274B3204701;Sykkelstamvegen Forus nord;EV39 S1000D65 m24;2026-08-31T15:00+02:00;2026-08-31T16:00+02:00;2026-08-31;15:00;16:00;2;86;100,0;1;1;0;86;0,00;-;-;-;-;-;-;-;-
99274B3204701;Sykkelstamvegen Forus nord;EV39 S1000D65 m24;2026-08-31T15:00+02:00;2026-08-31T16:00+02:00;2026-08-31;15:00;16:00;Totalt i retning Sandnes;146;100,0;1;1;0;146;0,00;-;-;-;-;-;-;-;-
99274B3204701;Sykkelstamvegen Forus nord;EV39 S1000D65 m24;2026-08-31T15:00+02:00;2026-08-31T16:00+02:00;2026-08-31;15:00;16:00;Totalt i retning Stavanger;87;100,0;1;1;0;87;0,00;-;-;-;-;-;-;-;-
99274B3204701;Sykkelstamvegen Forus nord;EV39 S1000D65 m24;2026-08-31T15:00+02:00;2026-08-31T16:00+02:00;2026-08-31;15:00;16:00;Totalt;233;100,0;1;1;0;233;0,00;-;-;-;-;-;-;-;-
99274B3204701;Sykkelstamvegen Forus nord;EV39 S1000D65 m24;2026-08-31T16:00+02:00;2026-08-31T17:00+02:00;2026-08-31;16:00;17:00;1;127;100,0;1;1;0;127;0,00;-;-;-;-;-;-;-;-
99274B3204701;Sykkelstamvegen Forus nord;EV39 S1000D65 m24;2026-08-31T16:00+02:00;2026-08-31T17:00+02:00;2026-08-31;16:00;17:00;2;45;100,0;1;1;0;45;0,00;-;-;-;-;-;-;-;-
99274B3204701;Sykkelstamvegen Forus nord;EV39 S1000D65 m24;2026-08-31T16:00+02:00;2026-08-31T17:00+02:00;2026-08-31;16:00;17:00;Totalt i retning Sandnes;125;100,0;1;1;0;125;0,00;-;-;-;-;-;-;-;-
99274B3204701;Sykkelstamvegen Forus nord;EV39 S1000D65 m24;2026-08-31T16:00+02:00;2026-08-31T17:00+02:00;2026-08-31;16:00;17:00;Totalt i retning Stavanger;47;100,0;1;1;0;47;0,00;-;-;-;-;-;-;-;-
99274B3204701;Sykkelstamvegen Forus nord;EV39 S1000D65 m24;2026-08-31T16:00+02:00;2026-08-31T17:00+02:00;2026-08-31;16:00;17:00;Totalt;172;100,0;1;1;0;172;0,00;-;-;-;-;-;-;-;-
99274B3204701;Sykkelstamvegen Forus nord;EV39 S1000D65 m24;2026-08-31T17:00+02:00;2026-08-31T18:00+02:00;2026-08-31;17:00;18:00;1;72;100,0;1;1;0;72;0,00;-;-;-;-;-;-;-;-
99274B3204701;Sykkelstamvegen Forus nord;EV39 S1000D65 m24;2026-08-31T17:00+02:00;2026-08-31T18:00+02:00;2026-08-31;17:00;18:00;2;40;100,0;1;1;0;40;0,00;-;-;-;-;-;-;-;-
99274B3204701;Sykkelstamvegen Forus nord;EV39 S1000D65 m24;2026-08-31T17:00+02:00;2026-08-31T18:00+02:00;2026-08-31;17:00;18:00;Totalt i retning Sandnes;73;100,0;1;1;0;73;0,00;-;-;-;-;-;-;-;-
99274B3204701;Sykkelstamvegen Forus nord;EV39 S1000D65 m24;2026-08-31T17:00+02:00;2026-08-31T18:00+02:00;2026-08-31;17:00;18:00;Totalt i retning Stavanger;39;100,0;1;1;0;39;0,00;-;-;-;-;-;-;-;-
99274B3204701;Sykkelstamvegen Forus nord;EV39 S1000D65 m24;2026-08-31T17:00+02:00;2026-08-31T18:00+02:00;2026-08-31;17:00;18:00;Totalt;112;100,0;1;1;0;112;0,00;-;-;-;-;-;-;-;-
99274B3204701;Sykkelstamvegen Forus nord;EV39 S1000D65 m24;2026-08-31T18:00+02:00;2026-08-31T19:00+02:00;2026-08-31;18:00;19:00;1;51;100,0;1;1;0;51;0,00;-;-;-;-;-;-;-;-
99274B3204701;Sykkelstamvegen Forus nord;EV39 S1000D65 m24;2026-08-31T18:00+02:00;2026-08-31T19:00+02:00;2026-08-31;18:00;19:00;2;43;100,0;1;1;0;43;0,00;-;-;-;-;-;-;-;-
99274B3204701;Sykkelstamvegen Forus nord;EV39 S1000D65 m24;2026-08-31T18:00+02:00;2026-08-31T19:00+02:00;2026-08-31;18:00;19:00;Totalt i retning Sandnes;50;100,0;1;1;0;50;0,00;-;-;-;-;-;-;-;-
99274B3204701;Sykkelstamvegen Forus nord;EV39 S1000D65 m24;2026-08-31T18:00+02:00;2026-08-31T19:00+02:00;2026-08-31;18:00;19:00;Totalt i retning Stavanger;44;100,0;1;1;0;44;0,00;-;-;-;-;-;-;-;-
99274B3204701;Sykkelstamvegen Forus nord;EV39 S1000D65 m24;2026-08-31T18:00+02:00;2026-08-31T19:00+02:00;2026-08-31;18:00;19:00;Totalt;94;100,0;1;1;0;94;0,00;-;-;-;-;-;-;-;-
99274B3204701;Sykkelstamvegen Forus nord;EV39 S1000D65 m24;2026-08-31T19:00+02:00;2026-08-31T20:00+02:00;2026-08-31;19:00;20:00;1;32;100,0;1;1;0;32;0,00;-;-;-;-;-;-;-;-
99274B3204701;Sykkelstamvegen Forus nord;EV39 S1000D65 m24;2026-08-31T19:00+02:00;2026-08-31T20:00+02:00;2026-08-31;19:00;20:00;2;37;100,0;1;1;0;37;0,00;-;-;-;-;-;-;-;-
99274B3204701;Sykkelstamvegen Forus nord;EV39 S1000D65 m24;2026-08-31T19:00+02:00;2026-08-31T20:00+02:00;2026-08-31;19:00;20:00;Totalt i retning Sandnes;32;100,0;1;1;0;32;0,00;-;-;-;-;-;-;-;-
99274B3204701;Sykkelstamvegen Forus nord;EV39 S1000D65 m24;2026-08-31T19:00+02:00;2026-08-31T20:00+02:00;2026-08-31;19:00;20:00;Totalt i retning Stavanger;37;100,0;1;1;0;37;0,00;-;-;-;-;-;-;-;-
99274B3204701;Sykkelstamvegen Forus nord;EV39 S1000D65 m24;2026-08-31T19:00+02:00;2026-08-31T20:00+02:00;2026-08-31;19:00;20:00;Totalt;69;100,0;1;1;0;69;0,00;-;-;-;-;-;-;-;-
99274B3204701;Sykkelstamvegen Forus nord;EV39 S1000D65 m24;2026-08-31T20:00+02:00;2026-08-31T21:00+02:00;2026-08-31;20:00;21:00;1;17;100,0;1;1;0;17;0,00;-;-;-;-;-;-;-;-
99274B3204701;Sykkelstamvegen Forus nord;EV39 S1000D65 m24;2026-08-31T20:00+02:00;2026-08-31T21:00+02:00;2026-08-31;20:00;21:00;2;7;100,0;1;1;0;7;0,00;-;-;-;-;-;-;-;-
99274B3204701;Sykkelstamvegen Forus nord;EV39 S1000D65 m24;2026-08-31T20:00+02:00;2026-08-31T21:00+02:00;2026-08-31;20:00;21:00;Totalt i retning Sandnes;17;100,0;1;1;0;17;0,00;-;-;-;-;-;-;-;-
99274B3204701;Sykkelstamvegen Forus nord;EV39 S1000D65 m24;2026-08-31T20:00+02:00;2026-08-31T21:00+02:00;2026-08-31;20:00;21:00;Totalt i retning Stavanger;7;100,0;1;1;0;7;0,00;-;-;-;-;-;-;-;-
99274B3204701;Sykkelstamvegen Forus nord;EV39 S1000D65 m24;2026-08-31T20:00+02:00;2026-08-31T21:00+02:00;2026-08-31;20:00;21:00;Totalt;24;100,0;1;1;0;24;0,00;-;-;-;-;-;-;-;-
99274B3204701;Sykkelstamvegen Forus nord;EV39 S1000D65 m24;2026-08-31T21:00+02:00;2026-08-31T22:00+02:00;2026-08-31;21:00;22:00;1;4;100,0;1;1;0;4;0,00;-;-;-;-;-;-;-;-
99274B3204701;Sykkelstamvegen Forus nord;EV39 S1000D65 m24;2026-08-31T21:00+02:00;2026-08-31T22:00+02:00;2026-08-31;21:00;22:00;2;3;100,0;1;1;0;3;0,00;-;-;-;-;-;-;-;-
99274B3204701;Sykkelstamvegen Forus nord;EV39 S1000D65 m24;2026-08-31T21:00+02:00;2026-08-31T22:00+02:00;2026-08-31;21:00;22:00;Totalt i retning Sandnes;3;100,0;1;1;0;3;0,00;-;-;-;-;-;-;-;-
99274B3204701;Sykkelstamvegen Forus nord;EV39 S1000D65 m24;2026-08-31T21:00+02:00;2026-08-31T22:00+02:00;2026-08-31;21:00;22:00;Totalt i retning Stavanger;4;100,0;1;1;0;4;0,00;-;-;-;-;-;-;-;-
99274B3204701;Sykkelstamvegen Forus nord;EV39 S1000D65 m24;2026-08-31T21:00+02:00;2026-08-31T22:00+02:00;2026-08-31;21:00;22:00;Totalt;7;100,0;1;1;0;7;0,00;-;-;-;-;-;-;-;-
99274B3204701;Sykkelstamvegen Forus nord;EV39 S1000D65 m24;2026-08-31T22:00+02:00;2026-08-31T23:00+02:00;2026-08-31;22:00;23:00;1;3;100,0;1;1;0;3;0,00;-;-;-;-;-;-;-;-
99274B3204701;Sykkelstamvegen Forus nord;EV39 S1000D65 m24;2026-08-31T22:00+02:00;2026-08-31T23:00+02:00;2026-08-31;22:00;23:00;2;0;100,0;1;1;0;0;100,00;-;-;-;-;-;-;-;-
99274B3204701;Sykkelstamvegen Forus nord;EV39 S1000D65 m24;2026-08-31T22:00+02:00;2026-08-31T23:00+02:00;2026-08-31;22:00;23:00;Totalt i retning Sandnes;3;100,0;1;1;0;3;0,00;-;-;-;-;-;-;-;-
99274B3204701;Sykkelstamvegen Forus nord;EV39 S1000D65 m24;2026-08-31T22:00+02:00;2026-08-31T23:00+02:00;2026-08-31;22:00;23:00;Totalt i retning Stavanger;0;100,0;1;1;0;0;100,00;-;-;-;-;-;-;-;-
99274B3204701;Sykkelstamvegen Forus nord;EV39 S1000D65 m24;2026-08-31T22:00+02:00;2026-08-31T23:00+02:00;2026-08-31;22:00;23:00;Totalt;3;100,0;1;1;0;3;0,00;-;-;-;-;-;-;-;-
99274B3204701;Sykkelstamvegen Forus nord;EV39 S1000D65 m24;2026-08-31T23:00+02:00;2026-09-01T00:00+02:00;2026-08-31;23:00;00:00;1;1;100,0;1;1;0;1;0,00;-;-;-;-;-;-;-;-
99274B3204701;Sykkelstamvegen Forus nord;EV39 S1000D65 m24;2026-08-31T23:00+02:00;2026-09-01T00:00+02:00;2026-08-31;23:00;00:00;2;1;100,0;1;1;0;1;0,00;-;-;-;-;-;-;-;-
99274B3204701;Sykkelstamvegen Forus nord;EV39 S1000D65 m24;2026-08-31T23:00+02:00;2026-09-01T00:00+02:00;2026-08-31;23:00;00:00;Totalt i retning Sandnes;1;100,0;1;1;0;1;0,00;-;-;-;-;-;-;-;-
99274B3204701;Sykkelstamvegen Forus nord;EV39 S1000D65 m24;2026-08-31T23:00+02:00;2026-09-01T00:00+02:00;2026-08-31;23:00;00:00;Totalt i retning Stavanger;1;100,0;1;1;0;1;0,00;-;-;-;-;-;-;-;-
99274B3204701;Sykkelstamvegen Forus nord;EV39 S1000D65 m24;2026-08-31T23:00+02:00;2026-09-01T00:00+02:00;2026-08-31;23:00;00:00;Totalt;2;100,0;1;1;0;2;0,00;-;-;-;-;-;-;-;-